State,County,Year,Days with AQI,Good Days,Moderate Days,Unhealthy for Sensitive Groups Days,Unhealthy Days,Very Unhealthy Days,Hazardous Days,Max AQI,90th Percentile AQI,Median AQI,Days CO,Days NO2,Days Ozone,Days PM2.5,Days PM10,climate_state_abbr,climate_stations_used,state_ANN-TAVG-NORMAL,state_ANN-TMIN-NORMAL,state_ANN-TMAX-NORMAL,state_ANN-PRCP-NORMAL,em_FIPS,em_EPA_REGION,em_TOTAL_EMISSIONS_TON,em_POLLUTANT_COUNT,em_FACILITY_COUNT,em_TOP_POLLUTANT,em_TOP_POLLUTANT_EMISSIONS_TON,em_TOP_POLLUTANT_SHARE_PCT,em_TOP_FACILITY_TYPE,em_TOP_FACILITY_TYPE_EMISSIONS_TON,em_TOP_FACILITY,em_TOP_FACILITY_EMISSIONS_TON,health_heat_deaths_year,health_heat_related_deaths,health_heat_related_deaths_status,health_air_toxics_year,health_county_total_cancer_risk_per_million,health_county_pollutant_count,health_county_top_pollutant,health_county_top_pollutant_risk_per_million,health_state_mean_county_total_cancer_risk_per_million,health_state_max_county_total_cancer_risk_per_million,health_state_top_county_by_cancer_risk,health_state_top_county_cancer_risk_per_million,health_state_top_pollutant_statewide
Alabama,Baldwin,2020,269,223,46,0,0,0,0,74,54,38,0,0,178,91,0,AL,237,63.8154,52.474,75.149,58.8522,01003,4,1918.048333,63,9,Carbon Monoxide,1140.94752,59.48,Airport,1836.741259,Bay Minette Muni,897.536115,2020,15,reported,2019,25.1,7,Formaldehyde,17.9,31.1582,36.6,Tuscaloosa,36.6,Formaldehyde
Alabama,Clay,2020,105,83,22,0,0,0,0,88,56,34,0,0,0,105,0,AL,237,63.8154,52.474,75.149,58.8522,01027,4,1040.11759,50,5,Volatile Organic Compounds,599.709023,57.66,"Woodwork, Furniture, Millwork Manufacturing",822.894224,Wellborn Cabinets Inc,608.069799,2020,15,reported,2019,31.4,7,Formaldehyde,23.2,31.1582,36.6,Tuscaloosa,36.6,Formaldehyde
Alabama,DeKalb,2020,364,332,32,0,0,0,0,91,49,37,0,0,309,55,0,AL,237,63.8154,52.474,75.149,58.8522,01049,4,1244.455706,74,11,Volatile Organic Compounds,307.355776,24.7,Unspecified,1103.608804,Crossville Pellets LLC,606.375678,2020,15,reported,2019,27.3,7,Formaldehyde,19.7,31.1582,36.6,Tuscaloosa,36.6,Formaldehyde
Alabama,Elmore,2020,197,197,0,0,0,0,0,47,41,31,0,0,197,0,0,AL,237,63.8154,52.474,75.149,58.8522,01051,4,382.294259,76,4,Carbon Monoxide,139.14004,36.4,Airport,120.707518,Wetumpka Muni,120.707518,2020,15,reported,2019,33.6,7,Formaldehyde,24.8,31.1582,36.6,Tuscaloosa,36.6,Formaldehyde
Alabama,Etowah,2020,276,239,37,0,0,0,0,93,53,36,0,0,191,85,0,AL,237,63.8154,52.474,75.149,58.8522,01055,4,336.288524,105,8,Volatile Organic Compounds,134.81855,40.09,Unspecified,147.266228,Fehrer Alabama LLC,140.634417,2020,15,reported,2019,31.2,7,Formaldehyde,22.3,31.1582,36.6,Tuscaloosa,36.6,Formaldehyde
Alabama,Jefferson,2020,366,119,244,3,0,0,0,129,70,54,0,0,58,308,0,AL,237,63.8154,52.474,75.149,58.8522,01073,4,33752.767917,122,188,Nitrogen Oxides,11703.231752,34.67,Electricity Generation via Combustion,11949.174555,ALABAMA POWER COMPANY (MILLER POWER PLANT),11949.174555,2020,15,reported,2019,35.1,7,Formaldehyde,25.5,31.1582,36.6,Tuscaloosa,36.6,Formaldehyde
Alabama,Lawrence,2020,90,84,6,0,0,0,0,78,48,24,0,0,0,90,0,AL,237,63.8154,52.474,75.149,58.8522,01079,4,143.165626,66,2,Carbon Monoxide,81.631838,57.02,Landfill,92.821372,Morris Farms Landfill,92.821372,2020,15,reported,2019,27.4,7,Formaldehyde,19.5,31.1582,36.6,Tuscaloosa,36.6,Formaldehyde
Alabama,Madison,2020,364,210,154,0,0,0,0,89,59,47,0,0,72,288,4,AL,237,63.8154,52.474,75.149,58.8522,01089,4,2127.118874,77,22,Ammonia,660.2164,31.04,Airport,682.97172,ATI Alldyne,645.052,2020,15,reported,2019,28.3,7,Formaldehyde,19.9,31.1582,36.6,Tuscaloosa,36.6,Formaldehyde
Alabama,Mobile,2020,348,188,160,0,0,0,0,78,62,49,0,0,84,264,0,AL,237,63.8154,52.474,75.149,58.8522,01097,4,24671.567139,119,53,Nitrogen Oxides,7241.104835,29.35,Electricity Generation via Combustion,6473.236175,Alabama Power Company,6291.766505,2020,15,reported,2019,29.3,7,Formaldehyde,20.8,31.1582,36.6,Tuscaloosa,36.6,Formaldehyde
Alabama,Montgomery,2020,361,70,289,2,0,0,0,116,70,58,0,0,18,343,0,AL,237,63.8154,52.474,75.149,58.8522,01101,4,3041.433873,88,13,Volatile Organic Compounds,1091.962824,35.9,Ferroalloy Plant,953.135861,"DC Alabama, Inc.",953.135861,2020,15,reported,2019,34.1,7,Formaldehyde,24.5,31.1582,36.6,Tuscaloosa,36.6,Formaldehyde
Alabama,Morgan,2020,355,251,104,0,0,0,0,75,58,41,0,0,96,259,0,AL,237,63.8154,52.474,75.149,58.8522,01103,4,10327.789382,112,21,Carbon Monoxide,3501.006767,33.9,Chemical Plant,4151.805212,Nucor Steel Decatur LLC,3662.924162,2020,15,reported,2019,28.9,7,Formaldehyde,20.1,31.1582,36.6,Tuscaloosa,36.6,Formaldehyde
Alabama,Russell,2020,365,236,129,0,0,0,0,99,61,44,0,0,49,316,0,AL,237,63.8154,52.474,75.149,58.8522,01113,4,16607.279595,84,7,Carbon Monoxide,5120.8753,30.84,Pulp and Paper Plant,9936.964232,"WestRock Coated Board, LLC. - Mahrt Mill",9936.964232,2020,15,reported,2019,35.5,7,Formaldehyde,25.9,31.1582,36.6,Tuscaloosa,36.6,Formaldehyde
Alabama,Shelby,2020,241,232,9,0,0,0,0,67,46,34,0,0,241,0,0,AL,237,63.8154,52.474,75.149,58.8522,01117,4,27285.963605,100,14,Nitrogen Oxides,8536.788659,31.29,Mineral Processing Plant,17816.273191,"Lhoist North America of Alabama, LLC",16384.650299,2020,15,reported,2019,35.0,7,Formaldehyde,25.7,31.1582,36.6,Tuscaloosa,36.6,Formaldehyde
Alabama,Sumter,2020,355,314,41,0,0,0,0,74,51,33,0,0,139,216,0,AL,237,63.8154,52.474,75.149,58.8522,01119,4,1058.416517,32,3,Nitrogen Oxides,760.4054,71.84,Unspecified,992.874764,"Arcosa LW BR, LLC",992.858764,2020,15,reported,2019,33.8,7,Formaldehyde,25.3,31.1582,36.6,Tuscaloosa,36.6,Formaldehyde
Alabama,Tuscaloosa,2020,278,247,31,0,0,0,0,97,52,34,0,0,186,92,0,AL,237,63.8154,52.474,75.149,58.8522,01125,4,4301.806367,112,16,Volatile Organic Compounds,1702.002046,39.56,Petroleum Refinery,1188.860684,Hunt Refining Company,1188.860684,2020,15,reported,2019,36.6,7,Formaldehyde,26.8,31.1582,36.6,Tuscaloosa,36.6,Formaldehyde
Alaska,Aleutians East,2020,121,121,0,0,0,0,0,41,29,11,0,0,0,121,0,AK,213,33.8493,26.134,41.578,44.4432,02013,10,951.314015,57,15,Nitrogen Oxides,424.570989,44.63,Food Products Processing Plant,441.507738,Akutan Seafood Processing Facility,441.507738,2020,,suppressed,2019,5.2,7,Formaldehyde,2.5,9.9931,38.8,Anchorage,38.8,Formaldehyde
Alaska,Anchorage,2020,366,294,72,0,0,0,0,92,55,27,6,0,0,267,93,AK,213,33.8493,26.134,41.578,44.4432,,,,,,,,,,,,,2020,,suppressed,2019,,,,,9.9931,38.8,Anchorage,38.8,Formaldehyde
Alaska,Bethel,2020,167,165,2,0,0,0,0,56,24,7,0,0,0,30,137,AK,213,33.8493,26.134,41.578,44.4432,02050,10,1494.723083,45,40,Nitrogen Oxides,721.134004,48.25,Electricity Generation via Combustion,775.225828,Bethel Power Plant,775.225828,2020,,suppressed,2019,6.4,7,Formaldehyde,3.1,9.9931,38.8,Anchorage,38.8,Formaldehyde
Alaska,Denali,2020,358,356,2,0,0,0,0,54,42,33,0,0,353,5,0,AK,213,33.8493,26.134,41.578,44.4432,02068,10,1962.064403,55,8,Carbon Monoxide,1177.237853,60.0,Electricity Generation via Combustion,1941.643126,Healy Power Plant,1941.643126,2020,,suppressed,2019,7.5,7,Formaldehyde,4.0,9.9931,38.8,Anchorage,38.8,Formaldehyde
Alaska,Fairbanks North Star,2020,366,231,98,17,20,0,0,177,106,39,0,0,76,287,3,AK,213,33.8493,26.134,41.578,44.4432,02090,10,9301.152734,83,23,Nitrogen Oxides,4474.446143,48.11,Electricity Generation via Combustion,6249.401691,Fort Wainwright (Privatized Emission Units),2694.647399,2020,,suppressed,2019,22.6,7,Formaldehyde,12.4,9.9931,38.8,Anchorage,38.8,Formaldehyde
Alaska,Juneau,2020,361,320,40,1,0,0,0,101,52,19,0,0,0,336,25,AK,213,33.8493,26.134,41.578,44.4432,,,,,,,,,,,,,2020,,suppressed,2019,,,,,9.9931,38.8,Anchorage,38.8,Formaldehyde
Alaska,Kenai Peninsula,2020,122,120,2,0,0,0,0,53,19,10,0,0,0,122,0,AK,213,33.8493,26.134,41.578,44.4432,02122,10,9076.613848,86,62,Nitrogen Oxides,4868.124629,53.63,Oil or Gas Facility (On-shore),3408.025564,Swanson River Field,2414.072739,2020,,suppressed,2019,14.3,7,Formaldehyde,8.5,9.9931,38.8,Anchorage,38.8,Formaldehyde
Alaska,Matanuska-Susitna,2020,359,317,41,1,0,0,0,103,53,17,0,0,0,303,56,AK,213,33.8493,26.134,41.578,44.4432,02170,10,715.546603,50,44,Carbon Monoxide,466.097826,65.14,Airport,534.13825,Liquefied Natural Gas Plant #1,181.408353,2020,,suppressed,2019,16.3,7,Formaldehyde,9.3,9.9931,38.8,Anchorage,38.8,Formaldehyde
Alaska,North Slope,2020,112,111,1,0,0,0,0,54,16,6,0,0,0,112,0,AK,213,33.8493,26.134,41.578,44.4432,02185,10,48006.357349,58,58,Nitrogen Oxides,34918.798001,72.74,Oil or Gas Facility (On-shore),23735.486736,Central Compressor Plant (CCP),9799.371128,2020,,suppressed,2019,6.4,7,Formaldehyde,2.9,9.9931,38.8,Anchorage,38.8,Formaldehyde
Arizona,Apache,2020,364,356,8,0,0,0,0,63,30,14,0,0,0,53,311,AZ,364,62.1885,47.2015,77.1748,12.6477,04001,9,22828.304754,85,6,Nitrogen Oxides,7855.633829,34.41,Electricity Generation via Combustion,22738.890585,TUCSON ELECTRIC POWER CO - SPRINGERVILLE,16063.470588,2020,373,reported,2019,10.2,7,Formaldehyde,6.5,17.2267,30.3,Maricopa,30.3,Formaldehyde
Arizona,Cochise,2020,366,271,93,2,0,0,0,108,61,45,0,0,301,4,61,AZ,364,62.1885,47.2015,77.1748,12.6477,04003,9,7901.600092,87,17,Nitrogen Oxides,2756.503939,34.89,Electricity Generation via Combustion,3002.151689,AEPCO - APACHE GENERATING STATION,3001.670554,2020,373,reported,2019,14.3,7,Formaldehyde,9.8,17.2267,30.3,Maricopa,30.3,Formaldehyde
Arizona,Coconino,2020,366,302,64,0,0,0,0,93,58,44,0,0,345,21,0,AZ,364,62.1885,47.2015,77.1748,12.6477,04005,9,1535.775278,67,13,Nitrogen Oxides,955.252895,62.2,Compressor Station,1123.106241,EPNG - WILLIAMS COMPRESSOR STATION,862.824649,2020,373,reported,2019,12.2,7,Formaldehyde,7.9,17.2267,30.3,Maricopa,30.3,Formaldehyde
Arizona,Gila,2020,366,256,99,8,3,0,0,174,74,44,0,0,338,1,27,AZ,364,62.1885,47.2015,77.1748,12.6477,04007,9,2574.802918,56,5,PM10 Primary (Filt + Cond),476.717295,18.51,Primary Copper Smelting/Refining Plant,2456.965652,FREEPORT MCMORAN MIAMI SMELTER,2436.742413,2020,373,reported,2019,15.1,7,Formaldehyde,10.2,17.2267,30.3,Maricopa,30.3,Formaldehyde
Arizona,La Paz,2020,366,292,72,2,0,0,0,125,58,44,0,0,350,9,7,AZ,364,62.1885,47.2015,77.1748,12.6477,04012,9,377.902948,68,5,Nitrogen Oxides,277.070843,73.32,Compressor Station,291.339608,EPNG - WENDEN COMPRESSOR STATION,212.947698,2020,373,reported,2019,19.1,7,Formaldehyde,13.7,17.2267,30.3,Maricopa,30.3,Formaldehyde
Arizona,Maricopa,2020,366,11,154,60,66,75,0,282,216,112,0,0,271,63,32,AZ,364,62.1885,47.2015,77.1748,12.6477,04013,9,18756.405433,100,89,Carbon Monoxide,8001.452277,42.66,Airport,8944.165174,Phoenix Sky Harbor Intl,3136.346817,2020,373,reported,2019,30.3,7,Formaldehyde,19.1,17.2267,30.3,Maricopa,30.3,Formaldehyde
Arizona,Mohave,2020,358,348,9,1,0,0,0,116,36,19,0,0,0,51,307,AZ,364,62.1885,47.2015,77.1748,12.6477,04015,9,2650.973308,85,22,Carbon Monoxide,911.27763,34.38,Compressor Station,797.426055,EPNG - HACKBERRY COMPRESSOR STATION,374.902631,2020,373,reported,2019,17.4,7,Formaldehyde,12.1,17.2267,30.3,Maricopa,30.3,Formaldehyde
Arizona,Navajo,2020,366,314,50,2,0,0,0,136,54,43,0,0,359,4,3,AZ,364,62.1885,47.2015,77.1748,12.6477,04017,9,8237.479504,126,14,Nitrogen Oxides,3917.775971,47.56,Electricity Generation via Combustion,8005.141631,APS - CHOLLA POWER PLANT,7309.071215,2020,373,reported,2019,12.0,7,Formaldehyde,7.8,17.2267,30.3,Maricopa,30.3,Formaldehyde
Arizona,Pima,2020,366,124,229,12,0,1,0,277,77,55,0,0,169,99,98,AZ,364,62.1885,47.2015,77.1748,12.6477,04019,9,14294.10755,90,23,Carbon Monoxide,4680.192435,32.74,Unspecified,5455.692869,CALPORTLAND-RILLITO CEMENT PLANT (APCC),4950.455714,2020,373,reported,2019,20.8,7,Formaldehyde,13.9,17.2267,30.3,Maricopa,30.3,Formaldehyde
Arizona,Pinal,2020,366,86,196,74,8,0,2,1194,121,73,0,0,123,60,183,AZ,364,62.1885,47.2015,77.1748,12.6477,04021,9,4686.740637,76,32,Carbon Monoxide,1639.426324,34.98,Airport,1568.853372,"Ray Complex, Ray Operations",1007.16018,2020,373,reported,2019,21.8,7,Formaldehyde,15.0,17.2267,30.3,Maricopa,30.3,Formaldehyde
Arizona,Santa Cruz,2020,360,208,147,4,1,0,0,170,71,44,0,0,0,303,57,AZ,364,62.1885,47.2015,77.1748,12.6477,04023,9,227.448654,55,2,Carbon Monoxide,160.111601,70.39,Airport,199.664646,Nogales Intl,199.664646,2020,373,reported,2019,15.8,7,Formaldehyde,10.3,17.2267,30.3,Maricopa,30.3,Formaldehyde
Arizona,Yavapai,2020,331,265,65,1,0,0,0,119,61,45,0,0,331,0,0,AZ,364,62.1885,47.2015,77.1748,12.6477,04025,9,8155.991,96,15,Sulfur Dioxide,2416.575187,29.63,Mineral Processing Plant,4300.27266,CHEMICAL LIME NELSON PLANT,4300.27266,2020,373,reported,2019,13.9,7,Formaldehyde,9.3,17.2267,30.3,Maricopa,30.3,Formaldehyde
Arizona,Yuma,2020,366,206,157,2,0,0,1,319,70,49,0,0,174,152,40,AZ,364,62.1885,47.2015,77.1748,12.6477,04027,9,2840.997836,90,9,Carbon Monoxide,1057.122819,37.21,Airport,2216.827572,Yuma Mcas/Yuma Intl,2194.92252,2020,373,reported,2019,26.5,7,Formaldehyde,15.9,17.2267,30.3,Maricopa,30.3,Formaldehyde
Arkansas,Arkansas,2020,119,84,35,0,0,0,0,84,56,36,0,0,0,119,0,AR,229,61.0539,50.2706,71.8392,55.9458,05001,6,1730.686244,55,5,Volatile Organic Compounds,771.994075,44.61,Food Products Processing Plant,1388.062281,RICELAND FOODS INC - SOY DIV - STUTTGART,1388.062281,2020,13,reported,2019,26.1,7,Formaldehyde,18.6,27.7267,40.8,Baxter,40.8,Formaldehyde
Arkansas,Ashley,2020,122,91,31,0,0,0,0,91,56,37,0,0,0,122,0,AR,229,61.0539,50.2706,71.8392,55.9458,05003,6,1743.285763,74,5,Nitrogen Oxides,681.161425,39.07,Pulp and Paper Plant,984.661843,GEORGIA-PACIFIC CROSSETT PAPER OPERATIONS,984.661843,2020,13,reported,2019,30.9,7,Formaldehyde,22.8,27.7267,40.8,Baxter,40.8,Formaldehyde
Arkansas,Clark,2020,342,341,1,0,0,0,0,67,40,29,0,0,342,0,0,AR,229,61.0539,50.2706,71.8392,55.9458,05019,6,2980.642802,87,6,Volatile Organic Compounds,930.271703,31.21,Lumber/Sawmill,2401.860349,GEORGIA-PACIFIC WOOD PRODUCTS LLC,2324.022749,2020,13,reported,2019,33.1,7,Formaldehyde,24.1,27.7267,40.8,Baxter,40.8,Formaldehyde
Arkansas,Crittenden,2020,366,244,119,3,0,0,0,115,60,45,0,3,104,259,0,AR,229,61.0539,50.2706,71.8392,55.9458,05035,6,515.806227,44,6,Volatile Organic Compounds,330.209091,64.02,Petroleum Storage Facility,337.258235,Valero West Memphis Terminal,337.258235,2020,13,reported,2019,26.7,7,Formaldehyde,17.5,27.7267,40.8,Baxter,40.8,Formaldehyde
Arkansas,Garland,2020,121,79,42,0,0,0,0,85,58,39,0,0,0,121,0,AR,229,61.0539,50.2706,71.8392,55.9458,05051,6,207.495636,61,4,Carbon Monoxide,88.40414,42.61,Airport,101.369831,Memorial Field,101.369831,2020,13,reported,2019,31.3,7,Formaldehyde,22.5,27.7267,40.8,Baxter,40.8,Formaldehyde
Arkansas,Jackson,2020,122,92,30,0,0,0,0,79,57,34,0,0,0,122,0,AR,229,61.0539,50.2706,71.8392,55.9458,05067,6,1219.375777,68,7,Volatile Organic Compounds,726.41161,59.57,Unspecified,707.749372,Granges Americas,706.749372,2020,13,reported,2019,23.8,7,Formaldehyde,16.4,27.7267,40.8,Baxter,40.8,Formaldehyde
Arkansas,Newton,2020,364,352,12,0,0,0,0,84,46,35,0,0,343,21,0,AR,229,61.0539,50.2706,71.8392,55.9458,,,,,,,,,,,,,2020,13,reported,2019,,,,,27.7267,40.8,Baxter,40.8,Formaldehyde
Arkansas,Polk,2020,359,322,37,0,0,0,0,84,51,37,0,0,299,60,0,AR,229,61.0539,50.2706,71.8392,55.9458,05113,6,101.303273,45,2,Carbon Monoxide,85.647514,84.55,Airport,101.200773,Mena Intermountain Muni,101.200773,2020,13,reported,2019,26.5,7,Formaldehyde,19.2,27.7267,40.8,Baxter,40.8,Formaldehyde
Arkansas,Pulaski,2020,366,186,178,2,0,0,0,132,64,50,0,3,68,295,0,AR,229,61.0539,50.2706,71.8392,55.9458,05119,6,3528.123542,88,24,Nitrogen Oxides,1131.87205,32.08,Airport,1615.948564,LITTLE ROCK AFB,1039.934495,2020,13,reported,2019,32.2,7,Formaldehyde,22.3,27.7267,40.8,Baxter,40.8,Formaldehyde
Arkansas,Union,2020,121,74,47,0,0,0,0,90,57,45,0,0,0,121,0,AR,229,61.0539,50.2706,71.8392,55.9458,05139,6,8058.660256,147,19,Carbon Monoxide,1712.319458,21.25,Petroleum Refinery,1609.382785,LION OIL COMPANY,1427.674756,2020,13,reported,2019,34.5,7,Formaldehyde,25.1,27.7267,40.8,Baxter,40.8,Formaldehyde
Arkansas,Washington,2020,366,251,114,1,0,0,0,150,58,44,0,0,129,237,0,AR,229,61.0539,50.2706,71.8392,55.9458,05143,6,870.614921,54,9,Carbon Monoxide,291.882244,33.53,Landfill,482.935137,"Eco-Vista, LLC-Waste Management",482.935137,2020,13,reported,2019,25.6,7,Formaldehyde,17.3,27.7267,40.8,Baxter,40.8,Formaldehyde
California,Alameda,2020,366,169,177,8,11,1,0,243,81,52,0,6,87,273,0,CA,673,60.5508,48.0549,73.0492,22.2142,06001,9,6922.379545,96,1747,Carbon Monoxide,1902.758767,27.49,Airport,2270.157764,Metropolitan Oakland In,1501.404553,2020,128,reported,2019,18.8,7,Formaldehyde,11.7,21.5707,34.8,Sacramento,34.8,Formaldehyde
California,Amador,2020,359,327,29,2,1,0,0,156,50,37,0,0,359,0,0,CA,673,60.5508,48.0549,73.0492,22.2142,06005,9,1698.854318,73,12,PM10 Primary (Filt + Cond),324.772118,19.12,Plywood & Engineered Wood Products,1416.060136,AMPINE: A DIVISION OF TIMBER PRODUCTS COMPANY,1416.060136,2020,128,reported,2019,23.6,7,Formaldehyde,17.1,21.5707,34.8,Sacramento,34.8,Formaldehyde
California,Butte,2020,366,149,178,18,16,3,2,508,110,54,0,0,159,204,3,CA,673,60.5508,48.0549,73.0492,22.2142,06007,9,1567.664333,81,454,Carbon Monoxide,374.453094,23.89,Unspecified,1108.988117,"SFPP, LP/KINDER MORGAN",175.34476,2020,128,reported,2019,29.5,7,Formaldehyde,20.5,21.5707,34.8,Sacramento,34.8,Formaldehyde
California,Calaveras,2020,364,206,135,10,12,1,0,210,79,48,0,0,182,177,5,CA,673,60.5508,48.0549,73.0492,22.2142,06009,9,100.370962,43,2,Carbon Monoxide,88.09866,87.77,Airport,98.036903,Calaveras Co-Maury Rasm,98.036903,2020,128,reported,2019,22.4,7,Formaldehyde,16.1,21.5707,34.8,Sacramento,34.8,Formaldehyde
California,Colusa,2020,366,218,116,9,22,1,0,221,87,42,0,0,148,190,28,CA,673,60.5508,48.0549,73.0492,22.2142,06011,9,1775.645601,80,127,PM10 Primary (Filt + Cond),354.69225,19.98,Unspecified,1086.621509,WADHAM ENERGY LTD PARTNERSHIP,392.459335,2020,128,reported,2019,23.2,7,Formaldehyde,16.1,21.5707,34.8,Sacramento,34.8,Formaldehyde
California,Contra Costa,2020,366,192,156,7,10,1,0,221,75,49,0,2,107,257,0,CA,673,60.5508,48.0549,73.0492,22.2142,06013,9,20853.327132,106,1016,Volatile Organic Compounds,4041.20432,19.38,Petroleum Refinery,14884.416041,MARTINEZ REFINING COMPANY LLC,7280.328938,2020,128,reported,2019,19.8,7,Formaldehyde,12.9,21.5707,34.8,Sacramento,34.8,Formaldehyde
California,Del Norte,2020,292,193,90,4,3,2,0,245,61,42,0,0,0,292,0,CA,673,60.5508,48.0549,73.0492,22.2142,06015,9,58.406457,56,40,Carbon Monoxide,38.505568,65.93,Airport,48.031741,Jack Mc Namara Field,41.285842,2020,128,reported,2019,15.8,7,Formaldehyde,9.9,21.5707,34.8,Sacramento,34.8,Formaldehyde
California,El Dorado,2020,366,256,87,17,6,0,0,190,90,43,0,0,346,13,7,CA,673,60.5508,48.0549,73.0492,22.2142,06017,9,682.094102,63,396,Carbon Monoxide,446.548173,65.47,Airport,467.319395,Placerville,194.049518,2020,128,reported,2019,24.0,7,Formaldehyde,16.6,21.5707,34.8,Sacramento,34.8,Formaldehyde
California,Fresno,2020,366,75,192,59,31,8,1,346,154,76,0,0,149,204,13,CA,673,60.5508,48.0549,73.0492,22.2142,06019,9,4143.25729,105,1260,Volatile Organic Compounds,1111.374626,26.82,Unspecified,1269.72563,Fresno Yosemite Interna,404.208534,2020,128,reported,2019,27.3,7,Formaldehyde,19.4,21.5707,34.8,Sacramento,34.8,Formaldehyde
California,Glenn,2020,364,200,135,7,19,3,0,221,84,46,0,0,151,202,11,CA,673,60.5508,48.0549,73.0492,22.2142,06021,9,880.8033,77,149,Carbon Monoxide,230.609327,26.18,Unspecified,485.225839,JOHNS-MANVILLE,140.765426,2020,128,reported,2019,24.1,7,Formaldehyde,16.7,21.5707,34.8,Sacramento,34.8,Formaldehyde
California,Humboldt,2020,366,318,44,3,1,0,0,180,53,29,0,0,225,81,60,CA,673,60.5508,48.0549,73.0492,22.2142,06023,9,1281.187312,66,215,Carbon Monoxide,604.660977,47.2,Airport,1017.146292,Arcata,682.39476,2020,128,reported,2019,16.6,7,Formaldehyde,9.5,21.5707,34.8,Sacramento,34.8,Formaldehyde
California,Imperial,2020,366,94,244,26,2,0,0,166,97,60,0,1,153,146,66,CA,673,60.5508,48.0549,73.0492,22.2142,06025,9,2450.252807,61,37,Carbon Monoxide,440.668863,17.98,Unspecified,1870.801538,US GYPSUM PLASTER CITY,1215.782675,2020,128,reported,2019,22.0,7,Formaldehyde,15.4,21.5707,34.8,Sacramento,34.8,Formaldehyde
California,Inyo,2020,366,158,153,23,16,8,8,705,130,57,0,0,218,128,20,CA,673,60.5508,48.0549,73.0492,22.2142,06027,9,549.965372,47,25,Carbon Monoxide,174.390094,31.71,Airport,208.599986,"COSO OPERATING COMPANY, LLC",146.265636,2020,128,reported,2019,11.0,7,Formaldehyde,6.7,21.5707,34.8,Sacramento,34.8,Formaldehyde
California,Kern,2020,366,56,180,98,28,4,0,267,140,83,0,0,184,166,16,CA,673,60.5508,48.0549,73.0492,22.2142,06029,9,22167.742791,145,1389,Carbon Monoxide,7889.638858,35.59,Portland Cement Manufacturing,11963.358743,NATIONAL CEMENT CO,4731.177369,2020,128,reported,2019,23.7,7,Formaldehyde,16.8,21.5707,34.8,Sacramento,34.8,Formaldehyde
California,Kings,2020,366,76,220,54,13,2,1,548,124,70,0,0,118,199,49,CA,673,60.5508,48.0549,73.0492,22.2142,06031,9,2641.721611,105,237,Volatile Organic Compounds,1067.498661,40.41,Unspecified,2091.572249,KOCHERGEN FARMS COMPOSTING INC,1203.565457,2020,128,reported,2019,22.9,7,Formaldehyde,16.5,21.5707,34.8,Sacramento,34.8,Formaldehyde
California,Lake,2020,351,341,6,1,3,0,0,190,44,32,0,0,324,25,2,CA,673,60.5508,48.0549,73.0492,22.2142,06033,9,684.638706,59,20,Ammonia,280.6,40.99,Electricity Generation Geothermal,289.32106,Lampson Field,268.931868,2020,128,reported,2019,21.7,7,Formaldehyde,14.2,21.5707,34.8,Sacramento,34.8,Formaldehyde
California,Los Angeles,2020,366,35,194,77,43,17,0,250,166,85,0,9,180,175,2,CA,673,60.5508,48.0549,73.0492,22.2142,06037,9,39274.066627,142,1039,Carbon Monoxide,13168.736464,33.53,Petroleum Refinery,14828.67051,LOS ANGELES INT AIRPORT,5753.810331,2020,128,reported,2019,28.8,7,Formaldehyde,18.2,21.5707,34.8,Sacramento,34.8,Formaldehyde
California,Madera,2020,366,104,209,34,15,4,0,275,113,64,0,0,173,174,19,CA,673,60.5508,48.0549,73.0492,22.2142,06039,9,1968.38467,96,278,Carbon Monoxide,583.097873,29.62,Mineral Wool Plant,435.675704,CERTAINTEED CORPORATION,435.675704,2020,128,reported,2019,23.4,7,Formaldehyde,16.6,21.5707,34.8,Sacramento,34.8,Formaldehyde
California,Marin,2020,366,272,85,4,4,1,0,231,62,36,0,8,148,210,0,CA,673,60.5508,48.0549,73.0492,22.2142,06041,9,1233.295281,81,350,Carbon Monoxide,391.270686,31.73,Landfill,666.713365,REDWOOD LANDFILL INC,666.713365,2020,128,reported,2019,16.8,7,Formaldehyde,10.4,21.5707,34.8,Sacramento,34.8,Formaldehyde
California,Mariposa,2020,366,195,123,27,10,6,5,1073,111,49,0,0,275,84,7,CA,673,60.5508,48.0549,73.0492,22.2142,06043,9,29.228388,40,1,Carbon Monoxide,26.193978,89.62,Airport,29.228388,Mariposa-Yosemite,29.228388,2020,128,reported,2019,20.0,7,Formaldehyde,14.6,21.5707,34.8,Sacramento,34.8,Formaldehyde
California,Mendocino,2020,366,240,103,10,10,0,3,716,79,40,0,0,112,252,2,CA,673,60.5508,48.0549,73.0492,22.2142,06045,9,218.17836,44,13,Carbon Monoxide,166.53386,76.33,Airport,189.694837,Ukiah Muni,135.390192,2020,128,reported,2019,18.2,7,Formaldehyde,11.9,21.5707,34.8,Sacramento,34.8,Formaldehyde
California,Merced,2020,366,131,203,17,15,0,0,194,96,57,0,0,164,201,1,CA,673,60.5508,48.0549,73.0492,22.2142,06047,9,2269.419564,136,386,Carbon Monoxide,651.20113,28.69,Unspecified,995.544561,E & J GALLO WINERY,258.946451,2020,128,reported,2019,24.4,7,Formaldehyde,17.1,21.5707,34.8,Sacramento,34.8,Formaldehyde
California,Mono,2020,366,183,117,13,14,11,28,2088,224,51,0,0,0,331,35,CA,673,60.5508,48.0549,73.0492,22.2142,06051,9,66.292065,45,9,Carbon Monoxide,35.749121,53.93,Airport,44.169239,Mammoth Yosemite,27.251398,2020,128,reported,2019,9.6,7,Formaldehyde,6.1,21.5707,34.8,Sacramento,34.8,Formaldehyde
California,Monterey,2020,366,259,92,4,8,3,0,275,64,39,0,0,171,171,24,CA,673,60.5508,48.0549,73.0492,22.2142,06053,9,3513.685175,94,169,Carbon Monoxide,2287.862754,65.11,Electricity Generation via Combustion,2046.600377,"DYNEGY MOSS LANDING, LLC",1970.343864,2020,128,reported,2019,16.7,7,Formaldehyde,10.4,21.5707,34.8,Sacramento,34.8,Formaldehyde
California,Napa,2020,365,259,91,7,7,1,0,224,66,39,3,0,163,199,0,CA,673,60.5508,48.0549,73.0492,22.2142,06055,9,679.886796,81,312,Carbon Monoxide,274.87107,40.43,Unspecified,276.914509,Napa County,149.321688,2020,128,reported,2019,20.2,7,Formaldehyde,13.5,21.5707,34.8,Sacramento,34.8,Formaldehyde
California,Nevada,2020,366,223,111,15,11,6,0,277,91,46,0,0,173,193,0,CA,673,60.5508,48.0549,73.0492,22.2142,06057,9,281.440103,51,15,Carbon Monoxide,181.404446,64.46,Airport,196.109845,Truckee-Tahoe,107.087556,2020,128,reported,2019,22.5,7,Formaldehyde,16.1,21.5707,34.8,Sacramento,34.8,Formaldehyde
California,Orange,2020,366,118,207,28,11,2,0,218,108,56,0,4,153,207,2,CA,673,60.5508,48.0549,73.0492,22.2142,06059,9,5165.561067,105,208,Carbon Monoxide,2159.533139,41.81,Unspecified,1547.478111,JOHN WAYNE AIRPORT,1113.83308,2020,128,reported,2019,25.2,7,Formaldehyde,16.5,21.5707,34.8,Sacramento,34.8,Formaldehyde
California,Placer,2020,366,130,195,20,15,6,0,247,108,57,0,0,181,177,8,CA,673,60.5508,48.0549,73.0492,22.2142,06061,9,2546.01346,89,639,Carbon Monoxide,978.803726,38.44,Lumber/Sawmill,670.857035,SIERRA PACIFIC INDUSTRIES,670.857035,2020,128,reported,2019,30.6,7,Formaldehyde,20.2,21.5707,34.8,Sacramento,34.8,Formaldehyde
California,Plumas,2020,360,135,175,16,17,10,7,755,146,56,0,0,0,360,0,CA,673,60.5508,48.0549,73.0492,22.2142,06063,9,1987.53431,63,11,Carbon Monoxide,1381.469893,69.51,Lumber/Sawmill,1828.767922,SIERRA PACIFIC INDUSTRIES,1240.007758,2020,128,reported,2019,18.2,7,Formaldehyde,12.4,21.5707,34.8,Sacramento,34.8,Formaldehyde
California,Riverside,2020,366,42,179,98,36,9,2,584,159,87,0,0,211,124,31,CA,673,60.5508,48.0549,73.0492,22.2142,06065,9,5698.569718,108,193,Carbon Monoxide,1994.976799,35.01,Airport,1913.432737,SCG - BLYTHE,575.562859,2020,128,reported,2019,24.8,7,Formaldehyde,17.4,21.5707,34.8,Sacramento,34.8,Formaldehyde
California,Sacramento,2020,366,145,185,17,16,3,0,226,100,55,0,0,166,191,9,CA,673,60.5508,48.0549,73.0492,22.2142,06067,9,4222.906284,138,69,Carbon Monoxide,1942.733587,46.0,Airport,2154.154446,Sacramento Internationa,887.988134,2020,128,reported,2019,34.8,7,Formaldehyde,21.5,21.5707,34.8,Sacramento,34.8,Formaldehyde
California,San Benito,2020,366,271,78,8,9,0,0,174,68,41,0,0,241,117,8,CA,673,60.5508,48.0549,73.0492,22.2142,06069,9,412.54826,69,29,Carbon Monoxide,219.429631,53.19,Airport,214.987963,Hollister Muni,192.9602,2020,128,reported,2019,18.0,7,Formaldehyde,12.2,21.5707,34.8,Sacramento,34.8,Formaldehyde
California,San Bernardino,2020,366,33,170,76,69,18,0,236,185,93,0,6,219,128,13,CA,673,60.5508,48.0549,73.0492,22.2142,06071,9,30043.735639,143,1021,Nitrogen Oxides,8990.007972,29.92,Portland Cement Manufacturing,15488.306365,MITSUBISHI CEMENT - CUSHENBURY PLANT,6083.578868,2020,128,reported,2019,27.1,7,Formaldehyde,18.7,21.5707,34.8,Sacramento,34.8,Formaldehyde
California,San Diego,2020,366,33,284,35,14,0,0,192,108,74,0,0,100,263,3,CA,673,60.5508,48.0549,73.0492,22.2142,06073,9,12278.775119,109,265,Carbon Monoxide,4698.417915,38.26,Airport,4300.918904,OTAY LANDFILL,1750.573121,2020,128,reported,2019,24.1,7,Formaldehyde,15.1,21.5707,34.8,Sacramento,34.8,Formaldehyde
California,San Francisco,2020,366,227,131,3,4,1,0,223,67,42,0,5,118,243,0,CA,673,60.5508,48.0549,73.0492,22.2142,06075,9,932.566064,56,811,Carbon Monoxide,319.786301,34.29,Unspecified,684.819405,CALIFORNIA HIGHWAY PATROL,126.069815,2020,128,reported,2019,17.5,7,Formaldehyde,9.3,21.5707,34.8,Sacramento,34.8,Formaldehyde
California,San Joaquin,2020,366,162,173,16,13,2,0,215,97,54,0,0,129,223,14,CA,673,60.5508,48.0549,73.0492,22.2142,06077,9,4628.73473,123,1149,Volatile Organic Compounds,1434.790073,31.0,Unspecified,1708.960362,"FORWARD, INC. COMPOSTING FACILITY",291.731857,2020,128,reported,2019,23.8,7,Formaldehyde,16.1,21.5707,34.8,Sacramento,34.8,Formaldehyde
California,San Luis Obispo,2020,366,161,174,21,7,1,2,334,90,53,0,0,179,181,6,CA,673,60.5508,48.0549,73.0492,22.2142,06079,9,2897.106461,79,558,Carbon Monoxide,603.929219,20.85,Unspecified,1221.28981,"TORO ENERGY OF CALIFORNIA-SLO, LLC",515.302426,2020,128,reported,2019,15.5,7,Formaldehyde,10.6,21.5707,34.8,Sacramento,34.8,Formaldehyde
California,San Mateo,2020,366,257,99,5,5,0,0,199,64,37,0,11,136,219,0,CA,673,60.5508,48.0549,73.0492,22.2142,06081,9,5309.01322,84,1009,Carbon Monoxide,1948.167084,36.7,Airport,3087.865751,San Francisco Internati,2758.891019,2020,128,reported,2019,15.6,7,Formaldehyde,9.4,21.5707,34.8,Sacramento,34.8,Formaldehyde
California,Santa Barbara,2020,366,199,154,9,4,0,0,174,68,48,0,0,156,207,3,CA,673,60.5508,48.0549,73.0492,22.2142,06083,9,3777.533608,91,575,Carbon Monoxide,1369.245993,36.25,Unspecified,1686.496554,ORCUTT HILL IC ENGINES,353.529792,2020,128,reported,2019,17.5,7,Formaldehyde,11.8,21.5707,34.8,Sacramento,34.8,Formaldehyde
California,Santa Clara,2020,366,174,172,11,9,0,0,198,81,52,0,3,107,256,0,CA,673,60.5508,48.0549,73.0492,22.2142,06085,9,7682.057575,93,1921,Carbon Monoxide,2637.355677,34.33,Portland Cement Manufacturing,2119.691565,LEHIGH SOUTHWEST CEMENT COMPANY,2119.691565,2020,128,reported,2019,22.2,7,Formaldehyde,14.8,21.5707,34.8,Sacramento,34.8,Formaldehyde
California,Santa Cruz,2020,366,261,85,6,10,1,3,624,68,39,0,0,138,228,0,CA,673,60.5508,48.0549,73.0492,22.2142,06087,9,771.088671,80,90,Carbon Monoxide,469.623091,60.9,Unspecified,346.246176,"AMERESCO SANTA CRUZ ENERGY, LLC - BUENA VISTA LANDFILL",238.886994,2020,128,reported,2019,21.6,7,Formaldehyde,13.8,21.5707,34.8,Sacramento,34.8,Formaldehyde
California,Shasta,2020,366,286,72,6,2,0,0,171,67,41,0,0,325,41,0,CA,673,60.5508,48.0549,73.0492,22.2142,06089,9,6500.5902,97,118,Carbon Monoxide,3580.722118,55.08,Lumber/Sawmill,3368.265085,"SHASTA - SUSTAINABLE RESOURCE MANAGEMENT, INC",1637.343874,2020,128,reported,2019,29.0,7,Formaldehyde,19.0,21.5707,34.8,Sacramento,34.8,Formaldehyde
California,Siskiyou,2020,366,272,71,10,9,2,2,468,66,39,0,0,210,156,0,CA,673,60.5508,48.0549,73.0492,22.2142,06093,9,773.624912,84,9,Carbon Monoxide,432.385338,55.89,Plywood & Engineered Wood Products,614.7115,ROSEBURG FOREST PRODUCTS,614.7115,2020,128,reported,2019,16.4,7,Formaldehyde,10.7,21.5707,34.8,Sacramento,34.8,Formaldehyde
California,Solano,2020,366,183,167,9,6,1,0,228,77,51,0,0,125,240,1,CA,673,60.5508,48.0549,73.0492,22.2142,06095,9,5504.963105,97,571,Carbon Monoxide,1468.905925,26.68,Petroleum Refinery,2509.533495,VALERO REFINING COMPANY - CALIFORNIA,2509.533495,2020,128,reported,2019,21.1,7,Formaldehyde,13.8,21.5707,34.8,Sacramento,34.8,Formaldehyde
California,Sonoma,2020,366,290,69,1,6,0,0,199,57,36,0,1,166,192,7,CA,673,60.5508,48.0549,73.0492,22.2142,06097,9,2702.530756,80,540,Ammonia,1398.190626,51.74,Unspecified,1978.990257,NCPA PLANT 2,1358.184157,2020,128,reported,2019,20.5,7,Formaldehyde,12.9,21.5707,34.8,Sacramento,34.8,Formaldehyde
California,Stanislaus,2020,366,131,198,21,16,0,0,195,102,60,0,1,169,182,14,CA,673,60.5508,48.0549,73.0492,22.2142,06099,9,4212.660506,103,759,Volatile Organic Compounds,1892.370791,44.92,Unspecified,2687.226361,RECOLOGY BLOSSOM VALLEY ORGANICS-,897.740132,2020,128,reported,2019,24.1,7,Formaldehyde,16.6,21.5707,34.8,Sacramento,34.8,Formaldehyde
California,Sutter,2020,366,162,173,15,13,2,1,356,90,53,0,0,140,222,4,CA,673,60.5508,48.0549,73.0492,22.2142,06101,9,4331.057959,91,102,Carbon Monoxide,3195.832589,73.79,Unspecified,3577.07663,SIGNAL HILL PETROLEUM,2911.391172,2020,128,reported,2019,30.7,7,Formaldehyde,19.8,21.5707,34.8,Sacramento,34.8,Formaldehyde
California,Tehama,2020,366,216,117,12,19,2,0,218,94,46,0,0,214,152,0,CA,673,60.5508,48.0549,73.0492,22.2142,06103,9,518.645969,56,108,Carbon Monoxide,238.535532,45.99,Unspecified,289.514613,Red Bluff Muni,81.723974,2020,128,reported,2019,25.3,7,Formaldehyde,17.6,21.5707,34.8,Sacramento,34.8,Formaldehyde
California,Trinity,2020,343,215,100,12,13,3,0,211,81,36,0,0,0,343,0,CA,673,60.5508,48.0549,73.0492,22.2142,06105,9,121.590949,55,33,Carbon Monoxide,84.685862,69.65,Airport,94.206984,Hayfork,38.295659,2020,128,reported,2019,17.2,7,Formaldehyde,11.6,21.5707,34.8,Sacramento,34.8,Formaldehyde
California,Tulare,2020,366,52,179,103,30,2,0,225,145,80,0,0,164,190,12,CA,673,60.5508,48.0549,73.0492,22.2142,06107,9,2160.194068,103,700,Carbon Monoxide,706.96038,32.73,Unspecified,989.77129,"USA WASTE OF CALIFORNIA, INC",246.776829,2020,128,reported,2019,26.5,7,Formaldehyde,19.4,21.5707,34.8,Sacramento,34.8,Formaldehyde
California,Tuolumne,2020,353,277,71,5,0,0,0,143,64,41,0,0,353,0,0,CA,673,60.5508,48.0549,73.0492,22.2142,06109,9,1231.175053,75,10,Carbon Monoxide,364.468659,29.6,Electricity Generation via Combustion,413.494239,PACIFIC-ULTRAPOWER CHINESE STA,413.494239,2020,128,reported,2019,22.6,7,Formaldehyde,16.3,21.5707,34.8,Sacramento,34.8,Formaldehyde
California,Ventura,2020,366,185,155,21,5,0,0,174,90,50,0,0,239,119,8,CA,673,60.5508,48.0549,73.0492,22.2142,06111,9,3322.689542,117,507,Carbon Monoxide,1829.510866,55.06,Airport,1025.643602,Camarillo,492.585842,2020,128,reported,2019,22.3,7,Formaldehyde,13.8,21.5707,34.8,Sacramento,34.8,Formaldehyde
California,Yolo,2020,366,215,123,14,13,1,0,209,86,45,0,1,168,197,0,CA,673,60.5508,48.0549,73.0492,22.2142,06113,9,2509.927673,96,385,Volatile Organic Compounds,1012.112278,40.32,Unspecified,1454.749998,NORTHERN RECYCLING COMPOST,892.245,2020,128,reported,2019,27.1,7,Formaldehyde,17.6,21.5707,34.8,Sacramento,34.8,Formaldehyde
Colorado,Adams,2020,366,192,162,11,1,0,0,151,74,49,0,60,163,97,46,CO,717,46.7544,31.8201,61.6858,18.9362,08001,8,11190.883989,95,364,Nitrogen Oxides,3048.96161,27.25,Unspecified,2430.881383,SUNCOR ENERGY - DENVER REFINERY,2260.353765,2020,11,reported,2019,24.1,7,Formaldehyde,12.2,12.2156,26.4,Denver,26.4,Formaldehyde
Colorado,Alamosa,2020,119,112,7,0,0,0,0,65,40,14,0,0,0,119,0,CO,717,46.7544,31.8201,61.6858,18.9362,08003,8,186.562055,52,19,Nitrogen Oxides,56.082219,30.06,Electricity Generation via Combustion,59.522504,PUBLIC SERVICE CO ALAMOSA PLT,59.522504,2020,11,reported,2019,10.4,7,Formaldehyde,6.3,12.2156,26.4,Denver,26.4,Formaldehyde
Colorado,Arapahoe,2020,366,243,112,9,2,0,0,159,77,46,0,0,350,16,0,CO,717,46.7544,31.8201,61.6858,18.9362,08005,8,8052.723171,80,264,Carbon Monoxide,2410.112654,29.93,Airport,3765.124869,BUCKLEY AFB,2712.135385,2020,11,reported,2019,21.1,7,Formaldehyde,11.0,12.2156,26.4,Denver,26.4,Formaldehyde
Colorado,Archuleta,2020,365,302,63,0,0,0,0,93,58,43,0,0,319,0,46,CO,717,46.7544,31.8201,61.6858,18.9362,08007,8,93.002692,51,13,Carbon Monoxide,47.254206,50.81,Airport,44.474538,Stevens Field,44.474538,2020,11,reported,2019,11.1,7,Formaldehyde,7.2,12.2156,26.4,Denver,26.4,Formaldehyde
Colorado,Boulder,2020,366,173,172,19,2,0,0,181,84,51,0,0,213,152,1,CO,717,46.7544,31.8201,61.6858,18.9362,08013,8,2302.901204,88,147,Carbon Monoxide,792.990853,34.43,Portland Cement Manufacturing,718.278677,CEMEX CONSTRUCTION MATERIALS - LYONS,718.278677,2020,11,reported,2019,17.3,7,Formaldehyde,9.6,12.2156,26.4,Denver,26.4,Formaldehyde
Colorado,Chaffee,2020,69,37,29,3,0,0,0,101,84,50,0,0,69,0,0,CO,717,46.7544,31.8201,61.6858,18.9362,08015,8,237.93054,54,26,Carbon Monoxide,62.878138,26.43,Unspecified,89.231456,HARD ROCK & REDI MIX INC MAIN PLANT,44.252446,2020,11,reported,2019,10.7,7,Formaldehyde,6.2,12.2156,26.4,Denver,26.4,Formaldehyde
Colorado,Clear Creek,2020,239,140,87,10,2,0,0,156,84,49,0,0,239,0,0,CO,717,46.7544,31.8201,61.6858,18.9362,08019,8,198.957696,35,9,PM10 Primary (Filt + Cond),67.8218,34.09,Unspecified,141.136939,ALBERT FREI AND SONS - WALSTRUM QUARRY,134.038162,2020,11,reported,2019,9.2,7,Formaldehyde,5.5,12.2156,26.4,Denver,26.4,Formaldehyde
Colorado,Delta,2020,365,312,53,0,0,0,0,97,54,41,0,0,304,61,0,CO,717,46.7544,31.8201,61.6858,18.9362,08029,8,333.398396,45,35,PM10 Primary (Filt + Cond),73.24555,21.97,Unspecified,152.143027,"BOWIE RESOURCES, LLC - BOWIE NO 2 MINE",128.912936,2020,11,reported,2019,10.8,7,Formaldehyde,6.7,12.2156,26.4,Denver,26.4,Formaldehyde
Colorado,Denver,2020,366,137,212,17,0,0,0,150,80,53,0,83,115,167,1,CO,717,46.7544,31.8201,61.6858,18.9362,08031,8,7796.01597,81,324,Carbon Monoxide,2980.733077,38.23,Airport,4483.296843,Denver Intl,4483.296843,2020,11,reported,2019,26.4,7,Formaldehyde,12.6,12.2156,26.4,Denver,26.4,Formaldehyde
Colorado,Douglas,2020,361,221,123,14,3,0,0,159,80,47,0,0,285,76,0,CO,717,46.7544,31.8201,61.6858,18.9362,08035,8,1009.385619,49,115,Volatile Organic Compounds,384.2131,38.06,Unspecified,388.137148,KIEWIT - SEDALIA ASPHALT PLANT,134.69044,2020,11,reported,2019,16.8,7,Formaldehyde,9.2,12.2156,26.4,Denver,26.4,Formaldehyde
Colorado,El Paso,2020,366,241,118,6,1,0,0,151,74,46,0,0,318,48,0,CO,717,46.7544,31.8201,61.6858,18.9362,08041,8,9334.344562,82,296,Nitrogen Oxides,2821.125801,30.22,Electricity Generation via Combustion,3794.269774,COLORADO SPRINGS UTILITIES - NIXON PLT,2709.275773,2020,11,reported,2019,14.1,7,Formaldehyde,8.1,12.2156,26.4,Denver,26.4,Formaldehyde
Colorado,Fremont,2020,17,17,0,0,0,0,0,27,20,11,0,0,0,0,17,CO,717,46.7544,31.8201,61.6858,18.9362,08043,8,6235.201318,64,71,Carbon Monoxide,2416.751962,38.76,Portland Cement Manufacturing,4524.610113,HOLCIM (US) INC. PORTLAND PLANT,4524.610113,2020,11,reported,2019,10.7,7,Formaldehyde,6.4,12.2156,26.4,Denver,26.4,Formaldehyde
Colorado,Garfield,2020,366,232,129,5,0,0,0,150,75,48,0,0,347,19,0,CO,717,46.7544,31.8201,61.6858,18.9362,08045,8,9122.581878,75,143,Nitrogen Oxides,3364.583072,36.88,Unspecified,5498.391515,BARGATH LLC - PARACHUTE CREEK GAS PLANT,478.731499,2020,11,reported,2019,14.8,7,Formaldehyde,8.1,12.2156,26.4,Denver,26.4,Formaldehyde
Colorado,Gilpin,2020,357,278,70,9,0,0,0,136,67,45,0,0,357,0,0,CO,717,46.7544,31.8201,61.6858,18.9362,08047,8,17.207047,30,6,Volatile Organic Compounds,8.3074,48.28,Unspecified,9.050447,JZ GAMING LLC DBA Z STOP,8.1566,2020,11,reported,2019,9.7,7,Formaldehyde,5.9,12.2156,26.4,Denver,26.4,Formaldehyde
Colorado,Grand,2020,175,134,39,2,0,0,0,112,71,45,0,0,175,0,0,CO,717,46.7544,31.8201,61.6858,18.9362,08049,8,544.40905,57,27,PM10 Primary (Filt + Cond),162.925873,29.93,Unspecified,462.947594,CLIMAX MOLYBDENUM - HENDERSON MILL,387.918927,2020,11,reported,2019,9.6,7,Formaldehyde,6.0,12.2156,26.4,Denver,26.4,Formaldehyde
Colorado,Gunnison,2020,335,270,62,3,0,0,0,115,58,44,0,0,335,0,0,CO,717,46.7544,31.8201,61.6858,18.9362,08051,8,657.782628,54,21,Volatile Organic Compounds,273.883399,41.64,Unspecified,578.748743,MOUNTAIN COAL CO. LLC (WEST ELK MINE),407.658597,2020,11,reported,2019,9.3,7,Formaldehyde,5.6,12.2156,26.4,Denver,26.4,Formaldehyde
Colorado,Jackson,2020,81,73,8,0,0,0,0,85,41,7,0,0,0,81,0,CO,717,46.7544,31.8201,61.6858,18.9362,08057,8,617.335239,45,7,Volatile Organic Compounds,273.062937,44.23,Unspecified,614.271586,D90 ENERGY - BIGHORN 0780 S17 CTB FACILI,366.1845,2020,11,reported,2019,9.2,7,Formaldehyde,5.7,12.2156,26.4,Denver,26.4,Formaldehyde
Colorado,Jefferson,2020,366,231,108,23,4,0,0,161,90,46,0,0,366,0,0,CO,717,46.7544,31.8201,61.6858,18.9362,08059,8,4941.445454,87,266,Volatile Organic Compounds,1418.333702,28.7,Unspecified,1437.417647,Jeffco,643.230171,2020,11,reported,2019,23.8,7,Formaldehyde,10.5,12.2156,26.4,Denver,26.4,Formaldehyde
Colorado,La Plata,2020,366,273,91,2,0,0,0,133,61,45,0,0,326,40,0,CO,717,46.7544,31.8201,61.6858,18.9362,08067,8,411.529832,51,32,Volatile Organic Compounds,145.6064,35.38,Unspecified,209.360755,SIMCOE LLC - PINON COMPRESSOR FACILITY,100.297598,2020,11,reported,2019,13.8,7,Formaldehyde,8.4,12.2156,26.4,Denver,26.4,Formaldehyde
Colorado,Larimer,2020,366,197,147,20,2,0,0,159,89,49,0,0,291,75,0,CO,717,46.7544,31.8201,61.6858,18.9362,08069,8,5145.227713,87,167,Nitrogen Oxides,1446.787112,28.12,Electricity Generation via Combustion,2466.480932,PLATTE RIVER POWER AUTHORITY - RAWHIDE,2466.480932,2020,11,reported,2019,18.8,7,Formaldehyde,10.4,12.2156,26.4,Denver,26.4,Formaldehyde
Colorado,Mesa,2020,366,262,101,3,0,0,0,108,64,44,0,0,255,110,1,CO,717,46.7544,31.8201,61.6858,18.9362,08077,8,3174.752408,76,145,Volatile Organic Compounds,1015.148764,31.98,Unspecified,1669.434677,LARAMIE ENERGY - MVS COMPRESSOR STATION,411.403977,2020,11,reported,2019,14.3,7,Formaldehyde,8.5,12.2156,26.4,Denver,26.4,Formaldehyde
Colorado,Montezuma,2020,366,301,63,2,0,0,0,126,58,44,0,0,366,0,0,CO,717,46.7544,31.8201,61.6858,18.9362,08083,8,360.039091,63,27,Volatile Organic Compounds,119.966256,33.32,Oil or Gas Facility (On-shore),119.501531,KINDER MORGAN CO2 CO - HOVENWEEP CENTRAL,80.2432,2020,11,reported,2019,10.6,7,Formaldehyde,6.6,12.2156,26.4,Denver,26.4,Formaldehyde
Colorado,Park,2020,343,187,146,8,2,0,0,161,74,50,0,0,343,0,0,CO,717,46.7544,31.8201,61.6858,18.9362,08093,8,341.191535,68,15,PM10 Primary (Filt + Cond),104.7063,30.69,Unspecified,313.190835,RECLAMATION RESOURCES INC,111.300525,2020,11,reported,2019,8.2,7,Formaldehyde,4.9,12.2156,26.4,Denver,26.4,Formaldehyde
Colorado,Pitkin,2020,120,116,4,0,0,0,0,72,34,12,0,0,0,52,68,CO,717,46.7544,31.8201,61.6858,18.9362,08097,8,249.616779,46,9,Carbon Monoxide,121.489027,48.67,Airport,162.122223,Aspen-Pitkin Co/Sardy F,162.122223,2020,11,reported,2019,8.6,7,Formaldehyde,5.2,12.2156,26.4,Denver,26.4,Formaldehyde
Colorado,Prowers,2020,350,327,19,1,2,1,0,238,42,17,0,0,0,0,350,CO,717,46.7544,31.8201,61.6858,18.9362,08099,8,531.628265,65,31,Nitrogen Oxides,197.472756,37.14,Compressor Station,254.197048,COLORADO INTERSTATE GAS CO - SPRINGFIELD,254.197048,2020,11,reported,2019,13.3,7,Formaldehyde,8.6,12.2156,26.4,Denver,26.4,Formaldehyde
Colorado,Pueblo,2020,96,84,12,0,0,0,0,67,52,22,0,0,0,65,31,CO,717,46.7544,31.8201,61.6858,18.9362,08101,8,14426.011249,85,124,Nitrogen Oxides,5510.128324,38.2,Electricity Generation via Combustion,6425.436708,PUBLIC SERVICE CO - COMANCHE PLT,6151.944632,2020,11,reported,2019,14.7,7,Formaldehyde,8.4,12.2156,26.4,Denver,26.4,Formaldehyde
Colorado,Rio Blanco,2020,365,263,99,3,0,0,0,115,57,45,0,1,185,179,0,CO,717,46.7544,31.8201,61.6858,18.9362,08103,8,6465.642252,66,61,Nitrogen Oxides,1545.771613,23.91,Mines/Quarries,2089.56584,COLOWYO COAL CO-RTEA SOUTH TAYLOR PROJEC,2089.56584,2020,11,reported,2019,10.4,7,Formaldehyde,6.3,12.2156,26.4,Denver,26.4,Formaldehyde
Colorado,Routt,2020,358,353,5,0,0,0,0,68,29,14,0,0,0,0,358,CO,717,46.7544,31.8201,61.6858,18.9362,08107,8,3566.486484,65,36,Sulfur Dioxide,1485.94566,41.66,Electricity Generation via Combustion,2596.008648,PUBLIC SERVICE CO - HAYDEN PLT,2596.008648,2020,11,reported,2019,9.7,7,Formaldehyde,6.0,12.2156,26.4,Denver,26.4,Formaldehyde
Colorado,San Juan,2020,119,115,4,0,0,0,0,73,31,9,0,0,0,119,0,CO,717,46.7544,31.8201,61.6858,18.9362,08111,8,0.474597,10,1,Nitrogen Oxides,0.2428,51.16,Unspecified,0.474597,COLORADO GOLDFIELDS - PRIDE OF THE WEST,0.474597,2020,11,reported,2019,7.5,7,Formaldehyde,4.6,12.2156,26.4,Denver,26.4,Formaldehyde
Colorado,San Miguel,2020,247,155,90,2,0,0,0,136,67,48,0,0,191,0,56,CO,717,46.7544,31.8201,61.6858,18.9362,08113,8,215.879445,58,10,Volatile Organic Compounds,92.036875,42.63,Oil or Gas Facility (On-shore),122.069529,CCI PARADOX UPSTREAM - ANDY'S MESA CS,122.069529,2020,11,reported,2019,8.0,7,Formaldehyde,4.9,12.2156,26.4,Denver,26.4,Formaldehyde
Colorado,Weld,2020,366,166,187,13,0,0,0,140,84,52,0,1,223,142,0,CO,717,46.7544,31.8201,61.6858,18.9362,08123,8,28557.862135,89,440,Volatile Organic Compounds,7939.573477,27.8,Unspecified,11845.183805,KMCGEE FT LUPTON/PLATTE VALLEY/LANCASTER,1299.292968,2020,11,reported,2019,26.3,7,Formaldehyde,12.3,12.2156,26.4,Denver,26.4,Formaldehyde
Connecticut,Fairfield,2020,366,217,136,12,1,0,0,161,80,47,0,6,150,210,0,CT,63,50.7571,41.1048,60.3667,50.3289,09001,1,2532.552663,88,28,Nitrogen Oxides,1218.577521,48.12,Municipal Waste Combustor,1403.099534,WHEELABRATOR BRIDGEPORT LP,1403.099534,2020,,suppressed,2019,22.6,7,Formaldehyde,14.1,19.4625,22.6,Fairfield,22.6,Formaldehyde
Connecticut,Hartford,2020,366,255,111,0,0,0,0,98,60,42,1,11,145,209,0,CT,63,50.7571,41.1048,60.3667,50.3289,09003,1,3042.942538,104,52,Nitrogen Oxides,1121.521282,36.86,Municipal Waste Combustor,1223.814823,MIRA / MID-CONNECTICUT,881.491967,2020,,suppressed,2019,20.8,7,Formaldehyde,12.4,19.4625,22.6,Fairfield,22.6,Formaldehyde
Connecticut,Litchfield,2020,362,300,62,0,0,0,0,84,54,39,2,0,250,110,0,CT,63,50.7571,41.1048,60.3667,50.3289,09005,1,210.05725,61,18,Carbon Monoxide,101.967645,48.54,Pulp and Paper Plant,114.402135,KIMBERLY-CLARK CORP,114.402135,2020,,suppressed,2019,17.9,7,Formaldehyde,11.0,19.4625,22.6,Fairfield,22.6,Formaldehyde
Connecticut,Middlesex,2020,208,182,24,2,0,0,0,129,54,39,0,0,208,0,0,CT,63,50.7571,41.1048,60.3667,50.3289,09007,1,1147.222965,69,13,Nitrogen Oxides,574.098678,50.04,Electricity Generation via Combustion,644.175314,MIDDLETOWN POWER LLC,533.183539,2020,,suppressed,2019,19.3,7,Formaldehyde,11.6,19.4625,22.6,Fairfield,22.6,Formaldehyde
Connecticut,New Haven,2020,366,210,143,11,2,0,0,174,77,46,1,7,158,198,2,CT,63,50.7571,41.1048,60.3667,50.3289,09009,1,1652.439851,99,55,Carbon Monoxide,370.39524,22.42,Electricity Generation via Combustion,702.060321,"MILFORD POWER CO, LLC",431.158006,2020,,suppressed,2019,20.2,7,Formaldehyde,12.0,19.4625,22.6,Fairfield,22.6,Formaldehyde
Connecticut,New London,2020,365,274,87,3,1,0,0,172,61,41,0,0,149,216,0,CT,63,50.7571,41.1048,60.3667,50.3289,09011,1,1299.723995,88,19,Nitrogen Oxides,689.388218,53.04,Municipal Waste Combustor,757.078006,COVANTA SOUTHEASTERN CT CO,434.767077,2020,,suppressed,2019,18.2,7,Formaldehyde,11.3,19.4625,22.6,Fairfield,22.6,Formaldehyde
Connecticut,Tolland,2020,206,192,14,0,0,0,0,93,48,39,0,0,206,0,0,CT,63,50.7571,41.1048,60.3667,50.3289,09013,1,237.650958,75,4,Carbon Monoxide,115.207248,48.48,"Institutional (school, hospital, prison, etc.)",150.849642,UNIV OF CT / STORRS,150.849642,2020,,suppressed,2019,18.9,7,Formaldehyde,11.7,19.4625,22.6,Fairfield,22.6,Formaldehyde
Connecticut,Windham,2020,356,345,11,0,0,0,0,87,44,35,0,0,356,0,0,CT,63,50.7571,41.1048,60.3667,50.3289,09015,1,1262.105846,99,12,Nitrogen Oxides,301.417428,23.88,Electricity Generation via Combustion,828.421249,"LAKE ROAD GENERATING CO, LLC",508.648183,2020,,suppressed,2019,17.8,7,Formaldehyde,11.0,19.4625,22.6,Fairfield,22.6,Formaldehyde
Country Of Mexico,BAJA CALIFORNIA NORTE,2020,92,0,37,35,20,0,0,185,158,115,0,0,0,92,0,,,,,,,,,,,,,,,,,,,,,,,,,,,,,,,
Country Of Mexico,SONORA,2020,146,125,20,1,0,0,0,101,64,41,0,0,146,0,0,,,,,,,,,,,,,,,,,,,,,,,,,,,,,,,
Delaware,Kent,2020,362,296,66,0,0,0,0,80,54,39,0,0,208,154,0,DE,17,56.9,48.0,65.76,48.9965,10001,3,2117.111906,77,46,Carbon Monoxide,911.051828,43.03,Airport,1393.964478,Dover AFB Airport,1277.140245,2020,,suppressed,2019,20.4,7,Formaldehyde,13.0,21.8333,25.5,New Castle,25.5,Formaldehyde
Delaware,New Castle,2020,366,231,133,2,0,0,0,105,63,46,0,3,139,224,0,DE,17,56.9,48.0,65.76,48.9965,10003,3,7140.295326,114,98,Nitrogen Oxides,2191.518922,30.69,Petroleum Refinery,4190.659121,Delaware City Refinery,4190.659121,2020,,suppressed,2019,25.5,7,Formaldehyde,14.5,21.8333,25.5,New Castle,25.5,Formaldehyde
Delaware,Sussex,2020,366,286,80,0,0,0,0,87,56,42,0,0,190,176,0,DE,17,56.9,48.0,65.76,48.9965,10005,3,1326.944708,93,26,Carbon Monoxide,425.58965,32.07,Electricity Generation via Combustion,931.208796,INDIAN RIVER GENERATING STATION,494.113752,2020,,suppressed,2019,19.6,7,Formaldehyde,12.5,21.8333,25.5,New Castle,25.5,Formaldehyde
District Of Columbia,District of Columbia,2020,366,248,117,0,1,0,0,171,58,44,0,25,138,203,0,,,,,,,11001,3,1682.284607,83,51,Nitrogen Oxides,547.570134,32.55,"Institutional (school, hospital, prison, etc.)",547.619282,U.S. Capitol Power Plant,184.175249,2020,,suppressed,2019,32.9,7,Formaldehyde,20.2,32.9,32.9,District of Columbia,32.9,Formaldehyde
Florida,Alachua,2020,366,274,91,1,0,0,0,105,56,42,0,0,100,266,0,FL,357,73.2088,63.8182,82.5932,55.1188,12001,4,5451.698157,80,15,Nitrogen Oxides,2354.5281,43.19,Electricity Generation via Combustion,2883.154069,"CITY OF GAINESVILLE, GRU",2288.49407,2020,41,reported,2019,26.3,7,Formaldehyde,18.5,24.2791,30.8,Leon,30.8,Formaldehyde
Florida,Baker,2020,363,283,78,2,0,0,0,140,55,40,0,0,137,226,0,FL,357,73.2088,63.8182,82.5932,55.1188,12003,4,4.960892,41,4,Hydrochloric Acid,2.02825,40.88,Unspecified,4.501413,PRIDE ENTERPRISES,2.177163,2020,41,reported,2019,26.2,7,Formaldehyde,19.0,24.2791,30.8,Leon,30.8,Formaldehyde
Florida,Bay,2020,363,210,151,2,0,0,0,146,62,47,0,0,92,271,0,FL,357,73.2088,63.8182,82.5932,55.1188,12005,4,12437.707387,82,13,Nitrogen Oxides,3131.308515,25.18,Pulp and Paper Plant,7730.202505,WESTROCK CP LLC,7730.202505,2020,41,reported,2019,25.2,7,Formaldehyde,18.1,24.2791,30.8,Leon,30.8,Formaldehyde
Florida,Brevard,2020,366,265,101,0,0,0,0,85,57,43,0,0,142,224,0,FL,357,73.2088,63.8182,82.5932,55.1188,12009,4,3865.680398,73,30,Carbon Monoxide,1605.04645,41.52,Airport,1785.896715,FLORIDA POWER & LIGHT COMPANY (PCC),792.001172,2020,41,reported,2019,19.4,7,Formaldehyde,13.5,24.2791,30.8,Leon,30.8,Formaldehyde
Florida,Broward,2020,366,192,172,2,0,0,0,142,60,49,0,0,59,307,0,FL,357,73.2088,63.8182,82.5932,55.1188,12011,4,8685.826467,82,57,Carbon Monoxide,2830.935443,32.59,Airport,3338.349641,Fort Lauderdale/Hollywo,1722.516307,2020,41,reported,2019,23.0,7,Formaldehyde,15.8,24.2791,30.8,Leon,30.8,Formaldehyde
Florida,Citrus,2020,359,241,117,1,0,0,0,125,59,43,0,0,0,359,0,FL,357,73.2088,63.8182,82.5932,55.1188,12017,4,10986.208202,62,9,Nitrogen Oxides,2965.070884,26.99,Electricity Generation via Combustion,10799.442867,"DUKE ENERGY FLORIDA, LLC",10799.442867,2020,41,reported,2019,23.3,7,Formaldehyde,16.5,24.2791,30.8,Leon,30.8,Formaldehyde
Florida,Collier,2020,364,267,97,0,0,0,0,87,58,41,0,0,73,291,0,FL,357,73.2088,63.8182,82.5932,55.1188,12021,4,945.177314,49,10,Carbon Monoxide,709.754393,75.09,Airport,652.88955,Naples Muni,293.146341,2020,41,reported,2019,22.6,7,Formaldehyde,15.7,24.2791,30.8,Leon,30.8,Formaldehyde
Florida,Columbia,2020,311,197,111,1,2,0,0,160,61,44,0,0,38,273,0,FL,357,73.2088,63.8182,82.5932,55.1188,12023,4,379.828348,48,6,Volatile Organic Compounds,221.677443,58.36,Unspecified,253.804775,Lake City Muni,124.330226,2020,41,reported,2019,25.4,7,Formaldehyde,18.0,24.2791,30.8,Leon,30.8,Formaldehyde
Florida,Duval,2020,366,162,201,3,0,0,0,125,63,52,0,0,38,328,0,FL,357,73.2088,63.8182,82.5932,55.1188,12031,4,18347.973547,104,70,Nitrogen Oxides,5239.555986,28.56,Electricity Generation via Combustion,9137.361436,JEA-NORTHSIDE/SJRPP,8108.126768,2020,41,reported,2019,26.0,7,Formaldehyde,17.9,24.2791,30.8,Leon,30.8,Formaldehyde
Florida,Escambia,2020,360,176,184,0,0,0,0,82,63,51,0,0,82,278,0,FL,357,73.2088,63.8182,82.5932,55.1188,12033,4,13749.736727,98,20,Carbon Monoxide,3816.949778,27.76,Pulp and Paper Plant,5984.281664,INTERNATIONAL PAPER COMPANY,5984.281664,2020,41,reported,2019,26.0,7,Formaldehyde,18.6,24.2791,30.8,Leon,30.8,Formaldehyde
Florida,Flagler,2020,366,363,3,0,0,0,0,64,43,31,0,0,366,0,0,FL,357,73.2088,63.8182,82.5932,55.1188,12035,4,496.992967,40,1,Carbon Monoxide,437.701789,88.07,Airport,496.992967,Flagler County,496.992967,2020,41,reported,2019,20.8,7,Formaldehyde,14.5,24.2791,30.8,Leon,30.8,Formaldehyde
Florida,Hamilton,2020,298,190,106,1,1,0,0,155,58,46,0,0,0,298,0,FL,357,73.2088,63.8182,82.5932,55.1188,12047,4,1582.209053,29,1,Sulfur Dioxide,1335.632192,84.42,Fertilizer Plant,1582.209053,"WHITE SPRINGS AGRICULTURAL CHEMICALS,INC",1582.209053,2020,41,reported,2019,26.0,7,Formaldehyde,18.9,24.2791,30.8,Leon,30.8,Formaldehyde
Florida,Highlands,2020,358,345,13,0,0,0,0,74,44,31,0,0,358,0,0,FL,357,73.2088,63.8182,82.5932,55.1188,12055,4,472.789869,58,9,Carbon Monoxide,291.371279,61.63,Airport,327.488333,Sebring Regional,228.226371,2020,41,reported,2019,22.3,7,Formaldehyde,15.8,24.2791,30.8,Leon,30.8,Formaldehyde
Florida,Hillsborough,2020,366,176,187,3,0,0,0,112,63,52,0,0,65,300,1,FL,357,73.2088,63.8182,82.5932,55.1188,12057,4,17169.171378,97,105,Carbon Monoxide,4891.092871,28.49,Electricity Generation via Combustion,6115.298565,TEC Big Bend,4697.727141,2020,41,reported,2019,29.9,7,Formaldehyde,19.2,24.2791,30.8,Leon,30.8,Formaldehyde
Florida,Holmes,2020,363,221,139,3,0,0,0,138,59,47,0,0,56,307,0,FL,357,73.2088,63.8182,82.5932,55.1188,12059,4,364.629217,40,1,Carbon Monoxide,152.757131,41.89,Airport,364.629217,Tri-County,364.629217,2020,41,reported,2019,27.1,7,Formaldehyde,19.7,24.2791,30.8,Leon,30.8,Formaldehyde
Florida,Indian River,2020,338,323,15,0,0,0,0,87,47,37,0,0,338,0,0,FL,357,73.2088,63.8182,82.5932,55.1188,12061,4,950.380317,46,6,Carbon Monoxide,604.730529,63.63,Airport,649.698988,Vero Beach Muni,468.682183,2020,41,reported,2019,19.1,7,Formaldehyde,13.3,24.2791,30.8,Leon,30.8,Formaldehyde
Florida,Lake,2020,366,354,12,0,0,0,0,87,45,32,0,0,366,0,0,FL,357,73.2088,63.8182,82.5932,55.1188,12069,4,942.643404,78,13,Nitrogen Oxides,432.870544,45.92,Municipal Waste Combustor,464.099915,"COVANTA LAKE II, INC.",464.099915,2020,41,reported,2019,25.3,7,Formaldehyde,17.4,24.2791,30.8,Leon,30.8,Formaldehyde
Florida,Lee,2020,366,284,82,0,0,0,0,100,55,39,0,0,176,190,0,FL,357,73.2088,63.8182,82.5932,55.1188,12071,4,4378.957244,55,21,Nitrogen Oxides,1840.019519,42.02,Electricity Generation via Combustion,2100.314167,FLORIDA POWER & LIGHT,2100.314167,2020,41,reported,2019,22.8,7,Formaldehyde,16.0,24.2791,30.8,Leon,30.8,Formaldehyde
Florida,Leon,2020,366,185,178,2,1,0,0,163,63,49,0,0,33,333,0,FL,357,73.2088,63.8182,82.5932,55.1188,12073,4,944.460297,58,6,Carbon Monoxide,352.066028,37.28,Electricity Generation via Combustion,504.00279,CITY OF TALLAHASSEE,504.00279,2020,41,reported,2019,30.8,7,Formaldehyde,21.9,24.2791,30.8,Leon,30.8,Formaldehyde
Florida,Liberty,2020,358,356,2,0,0,0,0,51,44,31,0,0,358,0,0,FL,357,73.2088,63.8182,82.5932,55.1188,12077,4,1909.197525,76,3,Carbon Monoxide,535.848271,28.07,Plywood & Engineered Wood Products,807.245094,GEORGIA PACIFIC WOOD PRODUCTS LLC,807.245094,2020,41,reported,2019,28.6,7,Formaldehyde,21.1,24.2791,30.8,Leon,30.8,Formaldehyde
Florida,Manatee,2020,366,355,11,0,0,0,0,97,44,33,0,0,366,0,0,FL,357,73.2088,63.8182,82.5932,55.1188,12081,4,5501.368169,83,25,Carbon Monoxide,1943.455499,35.33,Electricity Generation via Combustion,3463.809677,FLORIDA POWER & LIGHT (PMT),3463.809677,2020,41,reported,2019,22.4,7,Formaldehyde,15.9,24.2791,30.8,Leon,30.8,Formaldehyde
Florida,Marion,2020,366,229,137,0,0,0,0,100,59,46,0,0,66,300,0,FL,357,73.2088,63.8182,82.5932,55.1188,12083,4,1494.788259,81,16,Carbon Monoxide,461.669106,30.89,Compressor Station,514.92091,FLORIDA GAS TRANSMISSION COMPANY,514.92091,2020,41,reported,2019,24.1,7,Formaldehyde,17.0,24.2791,30.8,Leon,30.8,Formaldehyde
Florida,Martin,2020,365,275,90,0,0,0,0,96,57,42,0,0,93,272,0,FL,357,73.2088,63.8182,82.5932,55.1188,12085,4,2396.646101,56,7,Nitrogen Oxides,604.142577,25.21,Electricity Generation via Combustion,1849.203436,FLORIDA POWER & LIGHT (PMR),1849.203436,2020,41,reported,2019,19.9,7,Formaldehyde,13.8,24.2791,30.8,Leon,30.8,Formaldehyde
Florida,Miami-Dade,2020,366,226,140,0,0,0,0,90,62,45,0,1,63,302,0,FL,357,73.2088,63.8182,82.5932,55.1188,12086,4,18276.237519,95,88,Nitrogen Oxides,7022.028402,38.42,Portland Cement Manufacturing,5702.170932,Miami Intl,3504.215906,2020,41,reported,2019,22.3,7,Formaldehyde,15.3,24.2791,30.8,Leon,30.8,Formaldehyde
Florida,Nassau,2020,43,35,8,0,0,0,0,57,53,42,0,0,0,43,0,FL,357,73.2088,63.8182,82.5932,55.1188,12089,4,9573.921371,82,7,Nitrogen Oxides,2766.295843,28.89,Pulp and Paper Plant,9122.854787,"WESTROCK CP, LLC",6044.434774,2020,41,reported,2019,24.3,7,Formaldehyde,17.3,24.2791,30.8,Leon,30.8,Formaldehyde
Florida,Okaloosa,2020,364,355,9,0,0,0,0,74,46,34,0,0,334,0,30,FL,357,73.2088,63.8182,82.5932,55.1188,12091,4,1098.544179,54,11,Carbon Monoxide,797.107401,72.56,Airport,992.53788,Destin-Fort Walton Beac,264.99783,2020,41,reported,2019,26.2,7,Formaldehyde,18.7,24.2791,30.8,Leon,30.8,Formaldehyde
Florida,Orange,2020,366,354,12,0,0,0,0,93,45,34,0,0,366,0,0,FL,357,73.2088,63.8182,82.5932,55.1188,12095,4,16921.518253,99,59,Nitrogen Oxides,6208.192016,36.69,Electricity Generation via Combustion,11054.015988,ORLANDO UTILITIES COMMISSION,10172.039957,2020,41,reported,2019,26.4,7,Formaldehyde,18.4,24.2791,30.8,Leon,30.8,Formaldehyde
Florida,Osceola,2020,366,354,12,0,0,0,0,90,44,32,0,0,366,0,0,FL,357,73.2088,63.8182,82.5932,55.1188,12097,4,2055.883799,63,10,Carbon Monoxide,735.140822,35.76,Electricity Generation via Combustion,996.301082,FMPA & KISSIMMEE UTILITY AUTHORITY,678.093636,2020,41,reported,2019,26.8,7,Formaldehyde,18.5,24.2791,30.8,Leon,30.8,Formaldehyde
Florida,Palm Beach,2020,361,267,94,0,0,0,0,93,58,42,0,0,121,222,18,FL,357,73.2088,63.8182,82.5932,55.1188,12099,4,24086.556829,94,44,Carbon Monoxide,12905.34067,53.58,Sugar Mill,13262.895497,SUGAR CANE GROWERS CO-OP,7829.934637,2020,41,reported,2019,20.9,7,Formaldehyde,14.5,24.2791,30.8,Leon,30.8,Formaldehyde
Florida,Pasco,2020,366,355,11,0,0,0,0,77,46,35,0,0,366,0,0,FL,357,73.2088,63.8182,82.5932,55.1188,12101,4,3547.375312,60,15,Nitrogen Oxides,2419.115152,68.19,Electricity Generation via Combustion,2162.494555,"DUKE ENERGY FLORIDA, LLC.",2087.262444,2020,41,reported,2019,25.0,7,Formaldehyde,17.1,24.2791,30.8,Leon,30.8,Formaldehyde
Florida,Pinellas,2020,366,226,140,0,0,0,0,100,60,46,0,0,76,290,0,FL,357,73.2088,63.8182,82.5932,55.1188,12103,4,5823.898749,101,62,Nitrogen Oxides,2241.785843,38.49,Electricity Generation via Combustion,2042.215927,"DUKE ENERGY FLORIDA, LLC",2042.215927,2020,41,reported,2019,23.2,7,Formaldehyde,16.0,24.2791,30.8,Leon,30.8,Formaldehyde
Florida,Polk,2020,365,252,113,0,0,0,0,87,59,42,0,0,105,258,2,FL,357,73.2088,63.8182,82.5932,55.1188,12105,4,24119.102686,76,83,Sulfur Dioxide,9311.446913,38.61,Fertilizer Plant,10187.520614,MOSAIC FERTILIZER LLC,6856.410766,2020,41,reported,2019,24.8,7,Formaldehyde,17.6,24.2791,30.8,Leon,30.8,Formaldehyde
Florida,Putnam,2020,366,365,1,0,0,0,0,67,27,14,0,0,0,0,366,FL,357,73.2088,63.8182,82.5932,55.1188,12107,4,16551.708212,87,8,Sulfur Dioxide,5376.561185,32.48,Electricity Generation via Combustion,12645.056229,"SEMINOLE ELECTRIC COOPERATIVE, INC.",12645.056229,2020,41,reported,2019,25.0,7,Formaldehyde,18.0,24.2791,30.8,Leon,30.8,Formaldehyde
Florida,Santa Rosa,2020,365,223,142,0,0,0,0,86,61,47,0,0,100,265,0,FL,357,73.2088,63.8182,82.5932,55.1188,12113,4,3801.29319,82,11,Nitrogen Oxides,1466.34544,38.57,Gas Plant,1622.409052,BREITBURN OPERATING LP,1622.409052,2020,41,reported,2019,25.2,7,Formaldehyde,18.0,24.2791,30.8,Leon,30.8,Formaldehyde
Florida,Sarasota,2020,366,244,122,0,0,0,0,90,60,44,0,0,88,278,0,FL,357,73.2088,63.8182,82.5932,55.1188,12115,4,715.703544,70,5,Carbon Monoxide,377.093661,52.69,Landfill,464.147936,SARASOTA COUNTY BOARD OF COUNTY COMMISSI,464.147936,2020,41,reported,2019,22.0,7,Formaldehyde,15.5,24.2791,30.8,Leon,30.8,Formaldehyde
Florida,Seminole,2020,365,287,78,0,0,0,0,84,55,40,0,0,135,227,3,FL,357,73.2088,63.8182,82.5932,55.1188,12117,4,993.82094,49,4,Carbon Monoxide,707.979265,71.24,Airport,785.397253,Orlando Sanford,785.397253,2020,41,reported,2019,25.3,7,Formaldehyde,17.8,24.2791,30.8,Leon,30.8,Formaldehyde
Florida,St. Lucie,2020,360,351,9,0,0,0,0,74,44,33,0,0,360,0,0,FL,357,73.2088,63.8182,82.5932,55.1188,12111,4,1690.703713,74,11,Carbon Monoxide,513.338773,30.36,Airport,494.455245,TREASURE COAST AIRPARK,494.455245,2020,41,reported,2019,20.2,7,Formaldehyde,14.1,24.2791,30.8,Leon,30.8,Formaldehyde
Florida,Volusia,2020,362,252,110,0,0,0,0,77,56,44,0,0,116,246,0,FL,357,73.2088,63.8182,82.5932,55.1188,12127,4,5793.988535,78,28,Carbon Monoxide,2128.214433,36.73,Electricity Generation via Combustion,2386.16345,FLORIDA POWER & LIGHT (PSN),2214.705202,2020,41,reported,2019,22.9,7,Formaldehyde,16.0,24.2791,30.8,Leon,30.8,Formaldehyde
Florida,Wakulla,2020,363,265,96,0,2,0,0,164,58,41,4,0,102,257,0,FL,357,73.2088,63.8182,82.5932,55.1188,12129,4,883.242979,54,3,Volatile Organic Compounds,349.817844,39.61,Munition or Explosives Plant,482.010005,"ST. MARKS POWDER, INC.",482.010005,2020,41,reported,2019,27.9,7,Formaldehyde,20.2,24.2791,30.8,Leon,30.8,Formaldehyde
Georgia,Bibb,2020,366,262,104,0,0,0,0,97,57,42,0,0,61,305,0,GA,232,63.7628,52.4638,75.0755,52.6838,13021,4,8971.086652,74,8,Carbon Monoxide,3010.940946,33.56,Pulp and Paper Plant,5514.651463,Graphic Packaging Macon Mill,5514.651463,2020,20,reported,2019,35.2,7,Formaldehyde,25.4,30.4805,85.1,Newton,85.1,Formaldehyde
Georgia,Charlton,2020,120,111,8,1,0,0,0,139,45,26,0,0,0,120,0,GA,232,63.7628,52.4638,75.0755,52.6838,13049,4,14.777407,63,2,Carbon Monoxide,10.092298,68.3,Airport,9.803827,DAVIS FIELD,9.803827,2020,20,reported,2019,26.7,7,Formaldehyde,19.5,30.4805,85.1,Newton,85.1,Formaldehyde
Georgia,Chatham,2020,365,232,132,1,0,0,0,131,59,46,0,0,47,318,0,GA,232,63.7628,52.4638,75.0755,52.6838,13051,4,16393.753839,94,27,Sulfur Dioxide,5420.189167,33.06,Pulp and Paper Plant,11744.423608,International Paper - Savannah,8293.586071,2020,20,reported,2019,26.6,7,Formaldehyde,18.9,30.4805,85.1,Newton,85.1,Formaldehyde
Georgia,Chattooga,2020,245,244,1,0,0,0,0,58,43,32,0,0,245,0,0,GA,232,63.7628,52.4638,75.0755,52.6838,13055,4,210.007045,34,2,Nitrogen Oxides,123.37315,58.75,Unspecified,210.007045,Mount Vernon Mills,173.271176,2020,20,reported,2019,29.2,7,Formaldehyde,21.1,30.4805,85.1,Newton,85.1,Formaldehyde
Georgia,Clarke,2020,366,249,117,0,0,0,0,99,59,44,0,0,80,286,0,GA,232,63.7628,52.4638,75.0755,52.6838,13059,4,484.533676,76,8,Carbon Monoxide,178.980948,36.94,Mineral Wool Plant,212.497119,CertainTeed Corporation,212.497119,2020,20,reported,2019,33.7,7,Formaldehyde,22.6,30.4805,85.1,Newton,85.1,Formaldehyde
Georgia,Clayton,2020,121,86,35,0,0,0,0,91,59,38,0,0,0,121,0,GA,232,63.7628,52.4638,75.0755,52.6838,13063,4,7464.700927,86,7,Nitrogen Oxides,3266.779637,43.76,Airport,7215.708152,Hartsfield-Jackson Atlanta International Airport,7261.623889,2020,20,reported,2019,36.8,7,Formaldehyde,25.4,30.4805,85.1,Newton,85.1,Formaldehyde
Georgia,Cobb,2020,285,243,42,0,0,0,0,91,54,36,0,0,195,90,0,GA,232,63.7628,52.4638,75.0755,52.6838,13067,4,4108.567597,72,18,Nitrogen Oxides,1148.737589,27.96,Airport,1775.49828,Ga Power Company - Plant McDonough/Atkinson,1648.88523,2020,20,reported,2019,35.3,7,Formaldehyde,24.3,30.4805,85.1,Newton,85.1,Formaldehyde
Georgia,Coffee,2020,120,99,20,1,0,0,0,108,53,33,0,0,0,120,0,GA,232,63.7628,52.4638,75.0755,52.6838,13069,4,56.01375,45,3,Carbon Monoxide,49.5448,88.45,Airport,55.14575,Douglas Muni,55.14575,2020,20,reported,2019,27.0,7,Formaldehyde,19.4,30.4805,85.1,Newton,85.1,Formaldehyde
Georgia,Columbia,2020,241,239,2,0,0,0,0,51,44,31,0,0,241,0,0,GA,232,63.7628,52.4638,75.0755,52.6838,,,,,,,,,,,,,2020,20,reported,2019,,,,,30.4805,85.1,Newton,85.1,Formaldehyde
Georgia,Dawson,2020,245,239,6,0,0,0,0,74,43,31,0,0,245,0,0,GA,232,63.7628,52.4638,75.0755,52.6838,13085,4,1.531827,40,1,Carbon Monoxide,1.376245,89.84,Airport,1.531827,ELLIOTT FIELD,1.531827,2020,20,reported,2019,28.1,7,Formaldehyde,19.8,30.4805,85.1,Newton,85.1,Formaldehyde
Georgia,DeKalb,2020,366,215,150,1,0,0,0,106,61,46,0,14,64,288,0,GA,232,63.7628,52.4638,75.0755,52.6838,13089,4,1720.235417,64,21,Volatile Organic Compounds,995.935515,57.9,Unspecified,902.931885,Dart Container Corporation of Georgia,502.435641,2020,20,reported,2019,36.4,7,Formaldehyde,24.2,30.4805,85.1,Newton,85.1,Formaldehyde
Georgia,Dougherty,2020,366,194,170,2,0,0,0,114,65,49,0,0,0,366,0,GA,232,63.7628,52.4638,75.0755,52.6838,13095,4,3865.250827,101,8,Nitrogen Oxides,1473.606098,38.12,Pulp and Paper Plant,2656.189764,Procter & Gamble Paper Products Company,2656.189764,2020,20,reported,2019,29.8,7,Formaldehyde,21.5,30.4805,85.1,Newton,85.1,Formaldehyde
Georgia,Douglas,2020,245,238,7,0,0,0,0,77,44,32,0,0,245,0,0,GA,232,63.7628,52.4638,75.0755,52.6838,13097,4,3.676521,40,1,Carbon Monoxide,3.303231,89.85,Airport,3.676521,STOCKMAR,3.676521,2020,20,reported,2019,32.9,7,Formaldehyde,22.9,30.4805,85.1,Newton,85.1,Formaldehyde
Georgia,Floyd,2020,327,208,119,0,0,0,0,82,58,42,0,0,0,327,0,GA,232,63.7628,52.4638,75.0755,52.6838,13115,4,6216.830042,97,12,Nitrogen Oxides,1406.909672,22.63,Pulp and Paper Plant,4934.438296,International Paper Company (Rome Linerboard Mill),4934.438296,2020,20,reported,2019,31.8,7,Formaldehyde,22.7,30.4805,85.1,Newton,85.1,Formaldehyde
Georgia,Fulton,2020,366,166,198,2,0,0,0,125,66,52,0,3,37,326,0,GA,232,63.7628,52.4638,75.0755,52.6838,13121,4,1981.00804,81,19,Nitrogen Oxides,451.715248,22.8,Mineral Wool Plant,760.736715,"Owens Corning Insulating Systems, LLC",760.736715,2020,20,reported,2019,35.7,7,Formaldehyde,24.5,30.4805,85.1,Newton,85.1,Formaldehyde
Georgia,Glynn,2020,285,256,29,0,0,0,0,97,51,33,0,0,198,87,0,GA,232,63.7628,52.4638,75.0755,52.6838,13127,4,10274.684542,66,9,Carbon Monoxide,4761.146846,46.34,Pulp and Paper Plant,7672.266879,Brunswick Cellulose LLC,7672.266879,2020,20,reported,2019,24.4,7,Formaldehyde,17.4,30.4805,85.1,Newton,85.1,Formaldehyde
Georgia,Gwinnett,2020,364,246,117,1,0,0,0,101,60,43,0,0,95,269,0,GA,232,63.7628,52.4638,75.0755,52.6838,13135,4,344.207261,47,11,Carbon Monoxide,276.024047,80.19,Airport,309.804408,Gwinnett County - Brisc,309.804408,2020,20,reported,2019,34.7,7,Formaldehyde,23.3,30.4805,85.1,Newton,85.1,Formaldehyde
Georgia,Hall,2020,360,221,139,0,0,0,0,99,60,44,0,0,0,360,0,GA,232,63.7628,52.4638,75.0755,52.6838,13139,4,674.755655,51,10,Volatile Organic Compounds,263.535822,39.06,Food Products Processing Plant,371.921882,Cargill Inc,371.921882,2020,20,reported,2019,30.4,7,Formaldehyde,21.3,30.4805,85.1,Newton,85.1,Formaldehyde
Georgia,Henry,2020,366,291,75,0,0,0,0,96,55,36,0,0,116,250,0,GA,232,63.7628,52.4638,75.0755,52.6838,13151,4,3073.14711,60,8,Nitrogen Oxides,2289.666067,74.51,Compressor Station,2913.13978,"Transcontinental Gas Pipe Line Company, LLC - Compressor Station 120",2913.13978,2020,20,reported,2019,37.1,7,Formaldehyde,24.0,30.4805,85.1,Newton,85.1,Formaldehyde
Georgia,Houston,2020,363,202,160,1,0,0,0,114,62,47,0,0,0,363,0,GA,232,63.7628,52.4638,75.0755,52.6838,13153,4,6458.45126,88,13,Nitrogen Oxides,2407.454882,37.28,Portland Cement Manufacturing,3380.465482,"CEMEX Southeast, LLC",3380.465482,2020,20,reported,2019,32.8,7,Formaldehyde,23.7,30.4805,85.1,Newton,85.1,Formaldehyde
Georgia,Lowndes,2020,202,143,58,1,0,0,0,141,60,40,0,0,0,202,0,GA,232,63.7628,52.4638,75.0755,52.6838,13185,4,10015.837526,93,18,Carbon Monoxide,3584.680859,35.79,Pulp and Paper Plant,5564.527098,PCA Valdosta Mill,5564.527098,2020,20,reported,2019,29.7,7,Formaldehyde,21.3,30.4805,85.1,Newton,85.1,Formaldehyde
Georgia,Murray,2020,272,257,15,0,0,0,0,61,46,34,0,0,227,45,0,GA,232,63.7628,52.4638,75.0755,52.6838,13213,4,1007.823209,60,2,Nitrogen Oxides,242.7926,24.09,Electricity Generation via Combustion,1003.395967,Thomas A. Smith Energy Facility,1003.395967,2020,20,reported,2019,28.2,7,Formaldehyde,20.4,30.4805,85.1,Newton,85.1,Formaldehyde
Georgia,Muscogee,2020,366,257,108,1,0,0,0,101,59,42,0,0,84,282,0,GA,232,63.7628,52.4638,75.0755,52.6838,13215,4,765.676166,82,9,PM10 Primary (Filt + Cond),197.574527,25.8,"Foundries, Iron and Steel",598.751482,"DMI Columbus, LLC",598.751482,2020,20,reported,2019,35.8,7,Formaldehyde,26.1,30.4805,85.1,Newton,85.1,Formaldehyde
Georgia,Pike,2020,354,351,3,0,0,0,0,64,44,33,0,0,354,0,0,GA,232,63.7628,52.4638,75.0755,52.6838,13231,4,18.381918,40,2,Carbon Monoxide,16.514935,89.84,Airport,18.381918,PEACH STATE,10.722786,2020,20,reported,2019,32.0,7,Formaldehyde,23.3,30.4805,85.1,Newton,85.1,Formaldehyde
Georgia,Richmond,2020,366,175,190,1,0,0,0,114,64,51,0,0,44,307,15,GA,232,63.7628,52.4638,75.0755,52.6838,13245,4,15778.256031,90,19,Sulfur Dioxide,3225.383627,20.44,Pulp and Paper Plant,7263.88626,"Graphic Packaging International, LLC",7263.88626,2020,20,reported,2019,33.0,7,Formaldehyde,23.6,30.4805,85.1,Newton,85.1,Formaldehyde
Georgia,Rockdale,2020,244,232,12,0,0,0,0,77,46,34,0,0,244,0,0,GA,232,63.7628,52.4638,75.0755,52.6838,13247,4,255.257825,34,5,Volatile Organic Compounds,142.721719,55.91,Pulp and Paper Plant,154.467825,Visy Paper Inc,154.467825,2020,20,reported,2019,42.3,7,Formaldehyde,23.9,30.4805,85.1,Newton,85.1,Formaldehyde
Georgia,Sumter,2020,240,237,3,0,0,0,0,64,44,32,0,0,240,0,0,GA,232,63.7628,52.4638,75.0755,52.6838,13261,4,2649.555642,45,5,Carbon Monoxide,686.451013,25.91,"Brick, Structural Clay, or Clay Ceramics Plant",2614.618011,"C-E Minerals Plants 1,2 and 6",2614.618011,2020,20,reported,2019,29.4,7,Formaldehyde,21.6,30.4805,85.1,Newton,85.1,Formaldehyde
Georgia,Walker,2020,177,118,59,0,0,0,0,86,58,41,0,0,0,177,0,GA,232,63.7628,52.4638,75.0755,52.6838,13295,4,43.474405,42,3,Carbon Monoxide,23.245371,53.47,Airport,22.068305,Barwick Lafayette,22.068305,2020,20,reported,2019,29.7,7,Formaldehyde,21.3,30.4805,85.1,Newton,85.1,Formaldehyde
Georgia,Washington,2020,354,230,122,2,0,0,0,112,59,43,0,0,0,354,0,GA,232,63.7628,52.4638,75.0755,52.6838,13303,4,3528.29803,52,8,PM10 Primary (Filt + Cond),683.329722,19.37,Mineral Processing Plant,2607.503641,Thiele Kaolin Company - Sandersville Plant,1132.507287,2020,20,reported,2019,32.0,7,Formaldehyde,23.2,30.4805,85.1,Newton,85.1,Formaldehyde
Hawaii,Hawaii,2020,366,352,14,0,0,0,0,83,41,23,0,0,0,366,0,HI,91,72.4321,65.4393,79.4357,58.1882,15001,9,5769.166293,78,13,Sulfur Dioxide,2898.722343,50.25,Electricity Generation via Combustion,4563.811831,HELCO - Kanoelehua Power Plant/ HILL,2955.298558,2020,0,reported,2019,15.3,7,Formaldehyde,11.5,12.08,15.3,Hawaii,15.3,Formaldehyde
Hawaii,Honolulu,2020,366,363,3,0,0,0,0,63,38,28,0,1,229,133,3,HI,91,72.4321,65.4393,79.4357,58.1882,15003,9,33504.518982,94,28,Nitrogen Oxides,13144.606294,39.23,Electricity Generation via Combustion,25751.836425,HECO - Kahe Power Plant,13378.257397,2020,0,reported,2019,13.1,7,Formaldehyde,8.8,12.08,15.3,Hawaii,15.3,Formaldehyde
Hawaii,Kauai,2020,365,361,4,0,0,0,0,52,32,15,0,69,0,296,0,HI,91,72.4321,65.4393,79.4357,58.1882,15007,9,930.553912,55,7,Nitrogen Oxides,428.563042,46.05,Electricity Generation via Combustion,399.156481,Kauai Island Utility Cooperative (KIUC) - Port Allen Generating Station,330.301924,2020,0,reported,2019,10.7,7,Formaldehyde,7.6,12.08,15.3,Hawaii,15.3,Formaldehyde
Hawaii,Maui,2020,349,343,6,0,0,0,0,61,31,21,0,0,0,349,0,HI,91,72.4321,65.4393,79.4357,58.1882,15009,9,7805.945578,60,11,Nitrogen Oxides,3800.489367,48.69,Electricity Generation via Combustion,7019.925005,MECO - Maalaea Generating Station,3736.850964,2020,0,reported,2019,12.7,7,Formaldehyde,9.5,12.08,15.3,Hawaii,15.3,Formaldehyde
Idaho,Ada,2020,366,242,106,11,7,0,0,198,76,44,0,8,170,187,1,ID,227,45.9202,33.1431,58.7009,26.7959,16001,10,1318.277529,76,7,Carbon Monoxide,499.466971,37.89,Airport,661.423768,Boise Air Terminal/Gowe,661.423768,2020,,suppressed,2019,20.2,7,Formaldehyde,11.3,13.9136,22.4,Kootenai,22.4,Formaldehyde
Idaho,Bannock,2020,362,284,72,2,4,0,0,165,61,38,0,0,135,165,62,ID,227,45.9202,33.1431,58.7009,26.7959,16005,10,328.614615,76,8,Nitrogen Oxides,196.100524,59.67,Rail Yard,210.394042,POCATELLO,157.795524,2020,,suppressed,2019,12.3,7,Formaldehyde,7.3,13.9136,22.4,Kootenai,22.4,Formaldehyde
Idaho,Benewah,2020,366,218,139,2,3,3,1,492,69,42,0,0,0,366,0,ID,227,45.9202,33.1431,58.7009,26.7959,16009,10,225.869405,44,2,Carbon Monoxide,91.87447,40.68,Lumber/Sawmill,185.251383,POTLATCHDELTIC LAND AND LUMBER LLC - ST. MARIES LUMBER DRYING DIVISION,185.251383,2020,,suppressed,2019,19.3,7,Formaldehyde,12.2,13.9136,22.4,Kootenai,22.4,Formaldehyde
Idaho,Blaine,2020,365,323,34,6,2,0,0,172,53,19,0,0,0,365,0,ID,227,45.9202,33.1431,58.7009,26.7959,16013,10,109.280284,42,7,Carbon Monoxide,88.735382,81.2,Airport,109.280284,Friedman Memorial,73.282702,2020,,suppressed,2019,9.9,7,Formaldehyde,5.7,13.9136,22.4,Kootenai,22.4,Formaldehyde
Idaho,Boise,2020,366,199,155,6,5,1,0,223,72,46,0,0,0,366,0,ID,227,45.9202,33.1431,58.7009,26.7959,16015,10,21.905051,40,3,Carbon Monoxide,19.680176,89.84,Airport,21.905051,GARDEN VALLEY,10.876174,2020,,suppressed,2019,12.7,7,Formaldehyde,8.2,13.9136,22.4,Kootenai,22.4,Formaldehyde
Idaho,Bonner,2020,365,283,72,5,5,0,0,190,58,32,0,0,0,316,49,ID,227,45.9202,33.1431,58.7009,26.7959,16017,10,598.644486,62,11,Carbon Monoxide,250.064283,41.77,Compressor Station,237.62691,"GAS TRANSMISSION NORTHWEST, LLC - COMPRESSOR STATION 04, SAMUELS",237.62691,2020,,suppressed,2019,22.2,7,Formaldehyde,14.0,13.9136,22.4,Kootenai,22.4,Formaldehyde
Idaho,Bonneville,2020,362,298,59,1,4,0,0,155,56,28,0,0,0,362,0,ID,227,45.9202,33.1431,58.7009,26.7959,16019,10,496.774969,56,5,Carbon Monoxide,116.842274,23.52,Breweries/Distilleries/Wineries,342.180125,BUSCH AG RESOURCES INC - MALT PLANT,342.180125,2020,,suppressed,2019,14.6,7,Formaldehyde,8.1,13.9136,22.4,Kootenai,22.4,Formaldehyde
Idaho,Butte,2020,364,334,28,1,1,0,0,152,50,40,0,0,352,12,0,ID,227,45.9202,33.1431,58.7009,26.7959,16023,10,36.253372,43,5,Carbon Monoxide,31.575898,87.1,Airport,35.698382,Arco-Butte County,22.98429,2020,,suppressed,2019,9.2,7,Formaldehyde,5.4,13.9136,22.4,Kootenai,22.4,Formaldehyde
Idaho,Canyon,2020,366,210,140,10,6,0,0,158,76,42,0,0,0,352,14,ID,227,45.9202,33.1431,58.7009,26.7959,16027,10,3788.872642,79,11,Carbon Monoxide,2456.261467,64.83,Sugar Mill,2792.822648,AMALGAMATED SUGAR COMPANY - NAMPA,2792.822648,2020,,suppressed,2019,18.3,7,Formaldehyde,10.5,13.9136,22.4,Kootenai,22.4,Formaldehyde
Idaho,Custer,2020,115,105,7,3,0,0,0,126,38,7,0,0,0,115,0,ID,227,45.9202,33.1431,58.7009,26.7959,16037,10,71.212537,40,8,Carbon Monoxide,59.350523,83.34,Airport,71.212387,Challis,49.613444,2020,,suppressed,2019,9.5,7,Formaldehyde,5.5,13.9136,22.4,Kootenai,22.4,Formaldehyde
Idaho,Franklin,2020,365,297,65,2,1,0,0,162,58,26,0,0,0,365,0,ID,227,45.9202,33.1431,58.7009,26.7959,16041,10,22.239904,40,1,Carbon Monoxide,19.631425,88.27,Airport,22.239904,Preston,22.239904,2020,,suppressed,2019,11.5,7,Formaldehyde,7.0,13.9136,22.4,Kootenai,22.4,Formaldehyde
Idaho,Idaho,2020,366,244,113,3,5,1,0,209,64,40,0,0,127,239,0,ID,227,45.9202,33.1431,58.7009,26.7959,16049,10,533.537159,76,16,Carbon Monoxide,146.003434,27.37,Lumber/Sawmill,420.855006,IDAHO FOREST GROUP LLC - BENNETT-GRANGEVILLE,420.855006,2020,,suppressed,2019,15.2,7,Formaldehyde,9.8,13.9136,22.4,Kootenai,22.4,Formaldehyde
Idaho,Jerome,2020,213,213,0,0,0,0,0,49,26,13,0,0,0,213,0,ID,227,45.9202,33.1431,58.7009,26.7959,16053,10,88.267744,40,2,Carbon Monoxide,79.21517,89.74,Airport,88.267744,Jerome County,79.382876,2020,,suppressed,2019,13.7,7,Formaldehyde,8.5,13.9136,22.4,Kootenai,22.4,Formaldehyde
Idaho,Kootenai,2020,354,288,58,1,2,4,1,518,55,26,0,0,0,354,0,ID,227,45.9202,33.1431,58.7009,26.7959,16055,10,1498.499545,90,13,Carbon Monoxide,699.339013,46.67,Airport,413.064864,IDAHO FOREST GROUP LLC - CHILCO,410.485108,2020,,suppressed,2019,22.4,7,Formaldehyde,13.5,13.9136,22.4,Kootenai,22.4,Formaldehyde
Idaho,Latah,2020,361,319,35,0,1,4,2,415,52,21,0,0,0,361,0,ID,227,45.9202,33.1431,58.7009,26.7959,16057,10,508.029613,73,2,Carbon Monoxide,177.67978,34.97,Lumber/Sawmill,308.778615,BENNETT LUMBER PRODUCTS,308.778615,2020,,suppressed,2019,16.3,7,Formaldehyde,10.2,13.9136,22.4,Kootenai,22.4,Formaldehyde
Idaho,Lemhi,2020,365,194,160,8,3,0,0,168,80,46,0,0,0,365,0,ID,227,45.9202,33.1431,58.7009,26.7959,16059,10,75.114132,41,4,Carbon Monoxide,62.056185,82.62,Airport,75.114132,Lemhi County,72.509959,2020,,suppressed,2019,11.2,7,Formaldehyde,6.7,13.9136,22.4,Kootenai,22.4,Formaldehyde
Idaho,Nez Perce,2020,366,279,76,4,0,6,1,475,63,28,0,0,0,366,0,ID,227,45.9202,33.1431,58.7009,26.7959,16069,10,4544.767582,82,6,Carbon Monoxide,1482.669216,32.62,Pulp and Paper Plant,4225.847305,CLEARWATER PAPER CORP - PPD & CPD,4225.847305,2020,,suppressed,2019,17.4,7,Formaldehyde,10.6,13.9136,22.4,Kootenai,22.4,Formaldehyde
Idaho,Shoshone,2020,366,221,138,0,3,3,1,440,68,41,0,0,0,364,2,ID,227,45.9202,33.1431,58.7009,26.7959,16079,10,39.540466,49,5,Carbon Monoxide,23.349523,59.05,Airport,26.981238,Shoshone County,23.611493,2020,,suppressed,2019,18.7,7,Formaldehyde,11.7,13.9136,22.4,Kootenai,22.4,Formaldehyde
Idaho,Twin Falls,2020,364,313,44,3,4,0,0,163,56,24,0,0,0,364,0,ID,227,45.9202,33.1431,58.7009,26.7959,16083,10,3546.815593,56,4,Carbon Monoxide,1890.199459,53.29,Sugar Mill,3353.873838,AMALGAMATED SUGAR COMPANY - TWIN FALLS,3353.873838,2020,,suppressed,2019,13.1,7,Formaldehyde,8.0,13.9136,22.4,Kootenai,22.4,Formaldehyde
Idaho,Valley,2020,329,205,117,5,1,1,0,211,68,40,0,0,0,329,0,ID,227,45.9202,33.1431,58.7009,26.7959,16085,10,232.964335,40,15,Carbon Monoxide,200.044695,85.87,Airport,232.964335,Mc Call,134.886683,2020,,suppressed,2019,12.5,7,Formaldehyde,7.8,13.9136,22.4,Kootenai,22.4,Formaldehyde
Illinois,Adams,2020,244,220,24,0,0,0,0,84,50,38,0,0,244,0,0,IL,391,52.2029,42.1394,62.2693,43.1494,17001,5,3762.155759,67,38,Volatile Organic Compounds,1627.505404,43.26,Food Products Processing Plant,2296.574729,ADM Quincy,2295.779415,2020,,suppressed,2019,18.4,7,Formaldehyde,11.8,18.599,25.0,DuPage,25.0,Formaldehyde
Illinois,Champaign,2020,366,250,114,2,0,0,0,126,61,44,0,0,156,210,0,IL,391,52.2029,42.1394,62.2693,43.1494,17019,5,1586.011797,69,68,Carbon Monoxide,395.106865,24.91,Unspecified,697.643697,University of Illinois,345.698796,2020,,suppressed,2019,18.0,7,Formaldehyde,11.1,18.599,25.0,DuPage,25.0,Formaldehyde
Illinois,Clark,2020,363,347,16,0,0,0,0,97,45,31,0,0,363,0,0,IL,391,52.2029,42.1394,62.2693,43.1494,17023,5,208.926102,52,18,Volatile Organic Compounds,77.792311,37.23,Unspecified,102.906416,ID Castings of Illinois LLC,63.967574,2020,,suppressed,2019,17.7,7,Formaldehyde,11.3,18.599,25.0,DuPage,25.0,Formaldehyde
Illinois,Cook,2020,366,86,260,16,4,0,0,164,84,58,0,5,73,263,25,IL,391,52.2029,42.1394,62.2693,43.1494,17031,5,40505.141795,126,1100,Carbon Monoxide,14893.203128,36.77,Steel Mill,8547.020038,Cleveland-Cliffs Riverdale LLC,8315.141683,2020,,suppressed,2019,23.3,7,Formaldehyde,11.9,18.599,25.0,DuPage,25.0,Formaldehyde
Illinois,DuPage,2020,366,213,149,3,1,0,0,154,64,47,0,0,114,252,0,IL,391,52.2029,42.1394,62.2693,43.1494,17043,5,3800.564279,84,262,Carbon Monoxide,1108.697059,29.17,Unspecified,1745.557224,Aurora Generation LLC,447.742339,2020,,suppressed,2019,25.0,7,Formaldehyde,11.7,18.599,25.0,DuPage,25.0,Formaldehyde
Illinois,Effingham,2020,166,156,10,0,0,0,0,84,48,37,0,0,166,0,0,IL,391,52.2029,42.1394,62.2693,43.1494,17049,5,485.17308,58,32,Volatile Organic Compounds,271.120479,55.88,Unspecified,265.583666,Three Z Printing Co,174.580942,2020,,suppressed,2019,18.8,7,Formaldehyde,12.0,18.599,25.0,DuPage,25.0,Formaldehyde
Illinois,Hamilton,2020,353,223,129,1,0,0,0,118,61,46,0,0,94,259,0,IL,391,52.2029,42.1394,62.2693,43.1494,17065,5,92.643997,45,9,PM10 Primary (Filt + Cond),34.343421,37.07,Unspecified,89.032683,Hamilton Co Coal LLC,54.152408,2020,,suppressed,2019,19.3,7,Formaldehyde,12.7,18.599,25.0,DuPage,25.0,Formaldehyde
Illinois,Jersey,2020,358,258,99,1,0,0,0,112,58,44,0,0,144,214,0,IL,391,52.2029,42.1394,62.2693,43.1494,17083,5,20.249577,9,8,Volatile Organic Compounds,10.319511,50.96,Unspecified,9.160596,Medford Oil Co,7.359759,2020,,suppressed,2019,20.8,7,Formaldehyde,13.7,18.599,25.0,DuPage,25.0,Formaldehyde
Illinois,Jo Daviess,2020,353,337,16,0,0,0,0,87,44,32,0,0,353,0,0,IL,391,52.2029,42.1394,62.2693,43.1494,17085,5,1829.877917,62,25,Ammonia,575.812823,31.47,Fertilizer Plant,1557.074082,East Dubuque Nitrogen Fertilizers LLC,1557.074082,2020,,suppressed,2019,15.3,7,Formaldehyde,9.0,18.599,25.0,DuPage,25.0,Formaldehyde
Illinois,Kane,2020,279,204,68,6,1,0,0,161,66,42,0,0,193,86,0,IL,391,52.2029,42.1394,62.2693,43.1494,17089,5,2261.787562,80,186,Volatile Organic Compounds,694.717177,30.72,Unspecified,1145.773381,Dart Container Corp of Illinois,279.468054,2020,,suppressed,2019,19.1,7,Formaldehyde,10.5,18.599,25.0,DuPage,25.0,Formaldehyde
Illinois,Lake,2020,241,199,31,10,1,0,0,185,74,39,0,0,241,0,0,IL,391,52.2029,42.1394,62.2693,43.1494,17097,5,4857.193898,87,160,Carbon Monoxide,1271.254853,26.17,Electricity Generation via Combustion,2203.267104,Waukegan Electric Generating Station,1791.30427,2020,,suppressed,2019,19.9,7,Formaldehyde,10.5,18.599,25.0,DuPage,25.0,Formaldehyde
Illinois,Macon,2020,362,214,148,0,0,0,0,90,60,46,0,0,100,262,0,IL,391,52.2029,42.1394,62.2693,43.1494,17115,5,27067.130226,94,53,Sulfur Dioxide,9845.690829,36.38,Ethanol Biorefineries/Soy Biodiesel,18492.517166,Archer Daniels Midland Co,18492.517166,2020,,suppressed,2019,19.4,7,Formaldehyde,12.0,18.599,25.0,DuPage,25.0,Formaldehyde
Illinois,Macoupin,2020,364,346,18,0,0,0,0,93,45,31,0,129,235,0,0,IL,391,52.2029,42.1394,62.2693,43.1494,17117,5,109.905032,53,16,PM10 Primary (Filt + Cond),30.339915,27.61,Unspecified,71.92543,Georgia Pacific Corrugated LLC,21.482478,2020,,suppressed,2019,19.0,7,Formaldehyde,12.4,18.599,25.0,DuPage,25.0,Formaldehyde
Illinois,Madison,2020,365,129,233,3,0,0,0,112,71,54,0,0,91,273,1,IL,391,52.2029,42.1394,62.2693,43.1494,17119,5,27232.87627,85,129,Carbon Monoxide,15836.109071,58.15,Steel Mill,15348.370392,Granite City Works of United States Steel Corp,14918.46824,2020,,suppressed,2019,22.8,7,Formaldehyde,14.8,18.599,25.0,DuPage,25.0,Formaldehyde
Illinois,McHenry,2020,334,192,133,9,0,0,0,147,62,47,0,0,107,227,0,IL,391,52.2029,42.1394,62.2693,43.1494,17111,5,1402.663226,71,110,Carbon Monoxide,485.289804,34.6,Unspecified,436.742641,ANR Pipeline Co,226.342403,2020,,suppressed,2019,17.2,7,Formaldehyde,9.7,18.599,25.0,DuPage,25.0,Formaldehyde
Illinois,McLean,2020,364,207,154,3,0,0,0,136,61,48,0,0,111,253,0,IL,391,52.2029,42.1394,62.2693,43.1494,17113,5,1684.983446,70,59,Volatile Organic Compounds,573.793087,34.05,Food Products Processing Plant,800.921579,Cargill Inc,800.921579,2020,,suppressed,2019,17.6,7,Formaldehyde,10.8,18.599,25.0,DuPage,25.0,Formaldehyde
Illinois,Peoria,2020,364,247,116,1,0,0,0,115,61,44,0,0,169,195,0,IL,391,52.2029,42.1394,62.2693,43.1494,17143,5,15571.720921,82,73,Sulfur Dioxide,6595.656432,42.36,Electricity Generation via Combustion,11537.968469,Illinois Power Resources Generating LLC,11385.839957,2020,,suppressed,2019,19.1,7,Formaldehyde,11.4,18.599,25.0,DuPage,25.0,Formaldehyde
Illinois,Randolph,2020,366,243,121,2,0,0,0,103,59,44,0,0,113,253,0,IL,391,52.2029,42.1394,62.2693,43.1494,17157,5,4538.933502,66,25,Nitrogen Oxides,1878.115073,41.38,Electricity Generation via Combustion,4150.762649,Dynegy Midwest Generation LLC,4150.762649,2020,,suppressed,2019,22.1,7,Formaldehyde,14.4,18.599,25.0,DuPage,25.0,Formaldehyde
Illinois,Rock Island,2020,355,234,120,1,0,0,0,102,61,43,0,0,109,246,0,IL,391,52.2029,42.1394,62.2693,43.1494,17161,5,1777.327218,87,72,Volatile Organic Compounds,495.13752,27.86,Unspecified,599.990049,3M Cordova,290.373189,2020,,suppressed,2019,18.1,7,Formaldehyde,10.7,18.599,25.0,DuPage,25.0,Formaldehyde
Illinois,Saint Clair,2020,365,260,105,0,0,0,0,100,60,42,0,73,111,181,0,IL,391,52.2029,42.1394,62.2693,43.1494,,,,,,,,,,,,,2020,,suppressed,2019,,,,,18.599,25.0,DuPage,25.0,Formaldehyde
Illinois,Sangamon,2020,364,254,110,0,0,0,0,97,58,44,0,0,153,211,0,IL,391,52.2029,42.1394,62.2693,43.1494,17167,5,2302.199486,76,56,Carbon Monoxide,616.975923,26.8,Electricity Generation via Combustion,1329.788181,City Water Light & Power,1329.709141,2020,,suppressed,2019,19.9,7,Formaldehyde,12.0,18.599,25.0,DuPage,25.0,Formaldehyde
Illinois,Will,2020,363,183,176,3,1,0,0,156,64,50,0,0,79,284,0,IL,391,52.2029,42.1394,62.2693,43.1494,17197,5,14191.562046,101,225,Nitrogen Oxides,3401.626493,23.97,Petroleum Refinery,6122.967814,Exxon Mobil Oil Corp,4416.271893,2020,,suppressed,2019,19.8,7,Formaldehyde,10.8,18.599,25.0,DuPage,25.0,Formaldehyde
Illinois,Winnebago,2020,366,205,160,1,0,0,0,101,64,47,0,0,84,282,0,IL,391,52.2029,42.1394,62.2693,43.1494,17201,5,3501.175796,83,131,Volatile Organic Compounds,601.166318,17.17,Unspecified,1106.498348,Gunite Corp,1026.909936,2020,,suppressed,2019,17.5,7,Formaldehyde,9.7,18.599,25.0,DuPage,25.0,Formaldehyde
Indiana,Allen,2020,366,232,132,2,0,0,0,120,61,45,0,0,150,216,0,IN,259,52.5723,42.5532,62.5894,45.8537,18003,5,3111.71907,83,25,Volatile Organic Compounds,1689.7409,54.3,Automobile/Truck or Parts Plant,2060.919196,General Motors LLC Fort Wayne Assembly,2060.845827,2020,,suppressed,2019,18.9,7,Formaldehyde,10.9,18.8348,25.2,Floyd,25.2,Formaldehyde
Indiana,Bartholomew,2020,366,275,91,0,0,0,0,97,57,41,0,0,191,175,0,IN,259,52.5723,42.5532,62.5894,45.8537,18005,5,759.232474,83,16,Volatile Organic Compounds,208.965984,27.52,Unspecified,403.559951,Columbus Muni,182.607289,2020,,suppressed,2019,20.9,7,Formaldehyde,13.2,18.8348,25.2,Floyd,25.2,Formaldehyde
Indiana,Boone,2020,352,330,20,2,0,0,0,101,48,32,0,0,352,0,0,IN,259,52.5723,42.5532,62.5894,45.8537,18011,5,113.769907,41,3,Carbon Monoxide,100.932836,88.72,Airport,113.760307,Indianapolis Terry,106.86743,2020,,suppressed,2019,18.8,7,Formaldehyde,11.5,18.8348,25.2,Floyd,25.2,Formaldehyde
Indiana,Brown,2020,364,349,15,0,0,0,0,80,44,33,0,0,364,0,0,IN,259,52.5723,42.5532,62.5894,45.8537,,,,,,,,,,,,,2020,,suppressed,2019,,,,,18.8348,25.2,Floyd,25.2,Formaldehyde
Indiana,Carroll,2020,364,352,12,0,0,0,0,100,44,31,0,0,364,0,0,IN,259,52.5723,42.5532,62.5894,45.8537,18015,5,28.044929,50,4,Carbon Monoxide,24.755598,88.27,Airport,27.554332,Delphi Muni,20.759211,2020,,suppressed,2019,16.7,7,Formaldehyde,10.2,18.8348,25.2,Floyd,25.2,Formaldehyde
Indiana,Clark,2020,366,186,180,0,0,0,0,92,62,50,0,0,77,289,0,IN,259,52.5723,42.5532,62.5894,45.8537,18019,5,4539.833052,78,8,Carbon Monoxide,1702.906217,37.51,Portland Cement Manufacturing,3631.570641,Lehigh Cement Company LLC,3631.570641,2020,,suppressed,2019,24.9,7,Formaldehyde,15.8,18.8348,25.2,Floyd,25.2,Formaldehyde
Indiana,Delaware,2020,365,303,62,0,0,0,0,97,55,35,0,0,291,74,0,IN,259,52.5723,42.5532,62.5894,45.8537,18035,5,175.394551,56,10,Carbon Monoxide,114.625354,65.35,Airport,122.746372,Delaware County - Johns,106.306538,2020,,suppressed,2019,18.6,7,Formaldehyde,11.4,18.8348,25.2,Floyd,25.2,Formaldehyde
Indiana,Dubois,2020,123,78,45,0,0,0,0,71,59,44,0,0,0,121,2,IN,259,52.5723,42.5532,62.5894,45.8537,18037,5,2427.028606,85,13,Volatile Organic Compounds,939.000983,38.69,"Woodwork, Furniture, Millwork Manufacturing",1287.508702,ANR PIPELINE CO CELESTINE COMPRESSOR ST,913.478136,2020,,suppressed,2019,21.0,7,Formaldehyde,13.8,18.8348,25.2,Floyd,25.2,Formaldehyde
Indiana,Elkhart,2020,366,254,110,0,2,0,0,161,58,42,0,0,139,227,0,IN,259,52.5723,42.5532,62.5894,45.8537,18039,5,2483.139237,74,50,Volatile Organic Compounds,961.13564,38.71,Unspecified,945.728302,ELKHART,422.954058,2020,,suppressed,2019,17.1,7,Formaldehyde,10.0,18.8348,25.2,Floyd,25.2,Formaldehyde
Indiana,Floyd,2020,363,347,15,1,0,0,0,143,44,32,0,0,363,0,0,IN,259,52.5723,42.5532,62.5894,45.8537,18043,5,407.525961,28,4,Sulfur Dioxide,246.06,60.38,Electricity Generation via Combustion,407.206931,"Duke Energy Indiana, LLC-Gallagher Gene",407.206931,2020,,suppressed,2019,25.2,7,Formaldehyde,15.8,18.8348,25.2,Floyd,25.2,Formaldehyde
Indiana,Greene,2020,361,312,49,0,0,0,0,90,54,36,0,0,292,69,0,IN,259,52.5723,42.5532,62.5894,45.8537,18055,5,178.688477,45,5,Sulfur Dioxide,56.442341,31.59,Electricity Generation via Combustion,97.35859,Worthington Generating Station,97.35859,2020,,suppressed,2019,18.8,7,Formaldehyde,12.2,18.8348,25.2,Floyd,25.2,Formaldehyde
Indiana,Hamilton,2020,366,247,119,0,0,0,0,97,59,44,0,0,155,211,0,IN,259,52.5723,42.5532,62.5894,45.8537,18057,5,243.135582,44,9,Carbon Monoxide,111.863074,46.01,Airport,132.311252,Indianapolis Metropolit,85.015099,2020,,suppressed,2019,20.9,7,Formaldehyde,12.5,18.8348,25.2,Floyd,25.2,Formaldehyde
Indiana,Hendricks,2020,366,348,18,0,0,0,0,87,45,32,0,0,366,0,0,IN,259,52.5723,42.5532,62.5894,45.8537,18063,5,2150.307321,60,7,Carbon Monoxide,1184.076467,55.07,Steel Mill,1852.91641,Steel Dynamics Incorporated Engineered,1852.91641,2020,,suppressed,2019,20.3,7,Formaldehyde,12.5,18.8348,25.2,Floyd,25.2,Formaldehyde
Indiana,Henry,2020,118,87,31,0,0,0,0,67,57,39,0,0,0,118,0,IN,259,52.5723,42.5532,62.5894,45.8537,18065,5,154.483684,56,5,Nitrogen Oxides,131.01832,84.81,Electricity Generation via Combustion,127.15075,Duke Energy Indiana LLC - Henry County,127.15075,2020,,suppressed,2019,18.0,7,Formaldehyde,11.3,18.8348,25.2,Floyd,25.2,Formaldehyde
Indiana,Howard,2020,366,266,99,1,0,0,0,108,58,42,0,0,207,159,0,IN,259,52.5723,42.5532,62.5894,45.8537,18067,5,400.78474,54,7,Carbon Monoxide,135.130097,33.72,Steel Mill,193.325741,HAYNES INTERNATIONAL INC,193.325741,2020,,suppressed,2019,17.3,7,Formaldehyde,10.5,18.8348,25.2,Floyd,25.2,Formaldehyde
Indiana,Knox,2020,351,328,22,1,0,0,0,105,48,33,0,0,351,0,0,IN,259,52.5723,42.5532,62.5894,45.8537,18083,5,2005.373683,58,5,Nitrogen Oxides,860.950618,42.93,Electricity Generation via Combustion,1905.122277,Duke Energy Indiana LLC Edwardsport Gen,1137.042005,2020,,suppressed,2019,19.3,7,Formaldehyde,12.5,18.8348,25.2,Floyd,25.2,Formaldehyde
Indiana,LaPorte,2020,366,291,68,6,1,0,0,154,63,38,0,0,309,57,0,IN,259,52.5723,42.5532,62.5894,45.8537,18091,5,3138.919086,65,20,Nitrogen Oxides,817.908139,26.06,Electricity Generation via Combustion,2276.880987,Northern Indiana Public Service Company LLC - Michigan City Generating Station,2276.880987,2020,,suppressed,2019,17.1,7,Formaldehyde,10.0,18.8348,25.2,Floyd,25.2,Formaldehyde
Indiana,Lake,2020,366,161,199,6,0,0,0,136,68,52,0,1,86,275,4,IN,259,52.5723,42.5532,62.5894,45.8537,18089,5,133922.053923,101,71,Carbon Monoxide,91304.69335,68.18,Steel Mill,116783.108162,US STEEL GARY WORKS,60042.009126,2020,,suppressed,2019,18.9,7,Formaldehyde,10.9,18.8348,25.2,Floyd,25.2,Formaldehyde
Indiana,Madison,2020,366,233,133,0,0,0,0,97,59,44,0,0,127,239,0,IN,259,52.5723,42.5532,62.5894,45.8537,18095,5,117.976738,51,7,Carbon Monoxide,72.023215,61.05,Airport,81.361712,Anderson Municipal-Darl,61.821827,2020,,suppressed,2019,18.9,7,Formaldehyde,11.5,18.8348,25.2,Floyd,25.2,Formaldehyde
Indiana,Marion,2020,366,110,250,6,0,0,0,144,72,55,0,0,56,309,1,IN,259,52.5723,42.5532,62.5894,45.8537,18097,5,7959.002671,87,46,Nitrogen Oxides,3004.756804,37.75,Municipal Waste Combustor,1891.517791,COVANTA INDIANAPOLIS INC,1891.517791,2020,,suppressed,2019,22.3,7,Formaldehyde,13.5,18.8348,25.2,Floyd,25.2,Formaldehyde
Indiana,Monroe,2020,357,240,117,0,0,0,0,72,57,41,0,0,0,357,0,IN,259,52.5723,42.5532,62.5894,45.8537,18105,5,353.891423,80,6,Carbon Monoxide,127.781263,36.11,"Institutional (school, hospital, prison, etc.)",281.6698,INDIANA UNIVERSITY,281.6698,2020,,suppressed,2019,22.4,7,Formaldehyde,13.7,18.8348,25.2,Floyd,25.2,Formaldehyde
Indiana,Perry,2020,366,352,13,1,0,0,0,105,45,34,0,0,366,0,0,IN,259,52.5723,42.5532,62.5894,45.8537,18123,5,2705.223206,50,3,Carbon Monoxide,1750.533877,64.71,"Foundries, Iron and Steel",2688.34449,Waupaca Foundry Inc,2688.34449,2020,,suppressed,2019,22.7,7,Formaldehyde,15.4,18.8348,25.2,Floyd,25.2,Formaldehyde
Indiana,Porter,2020,366,247,113,5,1,0,0,151,61,43,0,0,193,165,8,IN,259,52.5723,42.5532,62.5894,45.8537,18127,5,76754.223052,71,25,Carbon Monoxide,45506.874052,59.29,Steel Mill,75875.481441,Cleveland-Cliffs Burns Harbor LLC,75182.208856,2020,,suppressed,2019,17.4,7,Formaldehyde,10.2,18.8348,25.2,Floyd,25.2,Formaldehyde
Indiana,Posey,2020,355,336,18,1,0,0,0,112,45,31,0,0,355,0,0,IN,259,52.5723,42.5532,62.5894,45.8537,18129,5,11560.735578,63,9,Sulfur Dioxide,4040.481193,34.95,Electricity Generation via Combustion,6998.12702,Sigeco AB Brown South Indiana Gas & Ele,6998.12702,2020,,suppressed,2019,20.4,7,Formaldehyde,13.4,18.8348,25.2,Floyd,25.2,Formaldehyde
Indiana,Shelby,2020,366,347,18,1,0,0,0,115,46,32,0,0,366,0,0,IN,259,52.5723,42.5532,62.5894,45.8537,18145,5,3649.644095,75,11,Volatile Organic Compounds,595.936315,16.33,Mineral Wool Plant,2143.58155,Knauf Insulation Incorporated,2143.58155,2020,,suppressed,2019,19.5,7,Formaldehyde,12.2,18.8348,25.2,Floyd,25.2,Formaldehyde
Indiana,Spencer,2020,122,80,42,0,0,0,0,67,58,42,0,0,0,122,0,IN,259,52.5723,42.5532,62.5894,45.8537,18147,5,11210.91651,43,4,Sulfur Dioxide,6816.972544,60.81,Electricity Generation via Combustion,10653.179448,INDIANA MICHIGAN POWER DBA AEP ROCKPO,10653.179448,2020,,suppressed,2019,21.5,7,Formaldehyde,14.3,18.8348,25.2,Floyd,25.2,Formaldehyde
Indiana,St. Joseph,2020,366,207,154,4,1,0,0,166,65,47,0,0,137,229,0,IN,259,52.5723,42.5532,62.5894,45.8537,18141,5,1892.496192,62,21,Nitrogen Oxides,493.345551,26.07,Electricity Generation via Combustion,672.580918,St. Joseph Energy Center LLC,672.580918,2020,,suppressed,2019,17.8,7,Formaldehyde,10.3,18.8348,25.2,Floyd,25.2,Formaldehyde
Indiana,Sullivan,2020,31,23,8,0,0,0,0,59,57,39,0,0,0,31,0,IN,259,52.5723,42.5532,62.5894,45.8537,18153,5,4497.080691,85,6,Sulfur Dioxide,1626.580784,36.17,Electricity Generation via Combustion,3042.174927,HOOSIER ENERGY REC INC MEROM GENERA,3042.174927,2020,,suppressed,2019,18.5,7,Formaldehyde,12.0,18.8348,25.2,Floyd,25.2,Formaldehyde
Indiana,Tippecanoe,2020,348,167,181,0,0,0,0,73,61,51,0,0,0,348,0,IN,259,52.5723,42.5532,62.5894,45.8537,18157,5,6813.524608,99,18,Volatile Organic Compounds,1773.53548,26.03,Wet Corn Mill,3631.397247,Tate & Lyle Ingredients Americas LLC So,2123.560659,2020,,suppressed,2019,18.5,7,Formaldehyde,11.2,18.8348,25.2,Floyd,25.2,Formaldehyde
Indiana,Vanderburgh,2020,366,248,116,2,0,0,0,101,61,43,0,0,174,192,0,IN,259,52.5723,42.5532,62.5894,45.8537,18163,5,654.369366,65,13,Volatile Organic Compounds,205.620246,31.42,Airport,168.411936,Evansville Regional,151.635333,2020,,suppressed,2019,23.5,7,Formaldehyde,15.0,18.8348,25.2,Floyd,25.2,Formaldehyde
Indiana,Vigo,2020,366,223,142,1,0,0,0,112,61,46,0,0,135,231,0,IN,259,52.5723,42.5532,62.5894,45.8537,18167,5,2347.935404,79,19,Carbon Monoxide,494.812986,21.07,"Brick, Structural Clay, or Clay Ceramics Plant",703.316307,Meridian Brick LLC,703.316307,2020,,suppressed,2019,19.8,7,Formaldehyde,12.3,18.8348,25.2,Floyd,25.2,Formaldehyde
Indiana,Wabash,2020,363,337,26,0,0,0,0,97,49,35,0,0,363,0,0,IN,259,52.5723,42.5532,62.5894,45.8537,18169,5,1058.186676,62,10,Sulfur Dioxide,373.3834,35.29,Mineral Wool Plant,753.623087,"Thermafiber Inc., Wabash Plant",753.623087,2020,,suppressed,2019,16.8,7,Formaldehyde,10.3,18.8348,25.2,Floyd,25.2,Formaldehyde
Indiana,Warrick,2020,366,347,17,2,0,0,0,112,47,33,0,0,366,0,0,IN,259,52.5723,42.5532,62.5894,45.8537,18173,5,36063.952269,92,4,Carbon Monoxide,14905.061153,41.33,Primary Aluminum Plant,19111.051946,ALCOA Warrick LLC,19111.051946,2020,,suppressed,2019,21.9,7,Formaldehyde,14.4,18.8348,25.2,Floyd,25.2,Formaldehyde
Indiana,Whitley,2020,336,160,176,0,0,0,0,79,61,51,0,0,0,336,0,IN,259,52.5723,42.5532,62.5894,45.8537,18183,5,1904.278438,54,5,Carbon Monoxide,1012.099371,53.15,Steel Mill,1897.991118,"Steel Dynamics, Inc. (SDI), Structural",1897.991118,2020,,suppressed,2019,16.5,7,Formaldehyde,9.8,18.8348,25.2,Floyd,25.2,Formaldehyde
Iowa,Black Hawk,2020,366,239,127,0,0,0,0,92,59,42,0,0,0,366,0,IA,228,48.2566,37.7971,58.714,38.6883,19013,7,2728.228217,108,33,Volatile Organic Compounds,728.449635,26.7,Unspecified,1131.734227,JOHN DEERE FOUNDRY WATERLOO,801.881742,2020,,suppressed,2019,16.2,7,Formaldehyde,9.1,15.2596,24.8,Polk,24.8,Formaldehyde
Iowa,Bremer,2020,244,232,12,0,0,0,0,87,45,35,0,0,244,0,0,IA,228,48.2566,37.7971,58.714,38.6883,19017,7,29.847305,47,2,Carbon Monoxide,22.338644,74.84,Airport,24.578684,Waverly Muni,24.578684,2020,,suppressed,2019,14.5,7,Formaldehyde,8.5,15.2596,24.8,Polk,24.8,Formaldehyde
Iowa,Cerro Gordo,2020,122,120,2,0,0,0,0,60,37,18,0,0,0,0,122,IA,228,48.2566,37.7971,58.714,38.6883,19033,7,3035.667043,85,13,Nitrogen Oxides,982.531532,32.37,Portland Cement Manufacturing,1572.26606,LEHIGH CEMENT COMPANY - MASON CITY,1572.26606,2020,,suppressed,2019,14.7,7,Formaldehyde,8.4,15.2596,24.8,Polk,24.8,Formaldehyde
Iowa,Clinton,2020,324,199,125,0,0,0,0,87,62,45,0,0,125,199,0,IA,228,48.2566,37.7971,58.714,38.6883,19045,7,7387.183119,102,10,Nitrogen Oxides,2518.850116,34.1,Chemical Plant,3396.253939,"EQUISTAR CHEMICALS, LP",3396.253939,2020,,suppressed,2019,17.1,7,Formaldehyde,10.0,15.2596,24.8,Polk,24.8,Formaldehyde
Iowa,Harrison,2020,242,223,19,0,0,0,0,87,49,37,0,0,242,0,0,IA,228,48.2566,37.7971,58.714,38.6883,19085,7,23.537439,49,3,Nitrogen Oxides,13.211757,56.13,Rail Yard,17.532843,Willow Creek,17.532843,2020,,suppressed,2019,15.3,7,Formaldehyde,9.3,15.2596,24.8,Polk,24.8,Formaldehyde
Iowa,Johnson,2020,362,207,154,1,0,0,0,105,63,47,0,0,0,362,0,IA,228,48.2566,37.7971,58.714,38.6883,19103,7,1221.900357,90,10,Nitrogen Oxides,303.535901,24.84,"Institutional (school, hospital, prison, etc.)",694.900961,UNIVERSITY OF IOWA MAIN POWER PLANT,694.900961,2020,,suppressed,2019,18.2,7,Formaldehyde,10.1,15.2596,24.8,Polk,24.8,Formaldehyde
Iowa,Lee,2020,118,83,35,0,0,0,0,76,58,40,0,0,0,118,0,IA,228,48.2566,37.7971,58.714,38.6883,19111,7,5131.401162,91,14,Ammonia,1594.198291,31.07,Chemical Plant,1865.770868,CLIMAX MOLYBDENUM COMPANY,1865.770868,2020,,suppressed,2019,16.9,7,Formaldehyde,10.6,15.2596,24.8,Polk,24.8,Formaldehyde
Iowa,Linn,2020,366,207,158,1,0,0,0,105,63,47,0,0,78,288,0,IA,228,48.2566,37.7971,58.714,38.6883,19113,7,10807.074439,109,24,Sulfur Dioxide,2723.554044,25.2,Ethanol Biorefineries/Soy Biodiesel,4242.226086,ADM CORN PROCESSING - CEDAR RAPIDS,3668.495069,2020,,suppressed,2019,19.7,7,Formaldehyde,10.1,15.2596,24.8,Polk,24.8,Formaldehyde
Iowa,Montgomery,2020,366,277,89,0,0,0,0,79,57,41,0,0,121,245,0,IA,228,48.2566,37.7971,58.714,38.6883,19137,7,111.426107,52,5,Volatile Organic Compounds,39.751833,35.68,Unspecified,76.040715,"FRES-CO SYSTEM USA, INC",41.685256,2020,,suppressed,2019,15.4,7,Formaldehyde,9.5,15.2596,24.8,Polk,24.8,Formaldehyde
Iowa,Muscatine,2020,366,245,120,1,0,0,0,124,59,40,0,0,0,366,0,IA,228,48.2566,37.7971,58.714,38.6883,19139,7,8662.223234,98,15,Nitrogen Oxides,3281.614704,37.88,Electricity Generation via Combustion,4364.964934,MUSCATINE POWER & WATER,4364.964934,2020,,suppressed,2019,16.8,7,Formaldehyde,10.1,15.2596,24.8,Polk,24.8,Formaldehyde
Iowa,Palo Alto,2020,366,273,93,0,0,0,0,87,57,40,0,0,151,215,0,IA,228,48.2566,37.7971,58.714,38.6883,19147,7,623.878966,64,3,Volatile Organic Compounds,143.692482,23.03,Ethanol Biorefineries/Soy Biodiesel,453.557173,Poet Biorefining - Emmetsburg,453.557173,2020,,suppressed,2019,13.5,7,Formaldehyde,7.8,15.2596,24.8,Polk,24.8,Formaldehyde
Iowa,Polk,2020,366,261,103,0,2,0,0,199,59,42,0,4,125,237,0,IA,228,48.2566,37.7971,58.714,38.6883,19153,7,4904.923554,110,32,Volatile Organic Compounds,1888.156349,38.5,Food Products Processing Plant,1859.370859,ADM - DES MOINES SOYBEAN,1859.370859,2020,,suppressed,2019,24.8,7,Formaldehyde,10.7,15.2596,24.8,Polk,24.8,Formaldehyde
Iowa,Pottawattamie,2020,124,85,39,0,0,0,0,80,58,41,0,0,0,121,3,IA,228,48.2566,37.7971,58.714,38.6883,19155,7,15492.894686,97,15,Sulfur Dioxide,5963.757374,38.49,Electricity Generation via Combustion,13079.139626,WALTER SCOTT JR ENERGY CTR,13079.139626,2020,,suppressed,2019,18.6,7,Formaldehyde,10.8,15.2596,24.8,Polk,24.8,Formaldehyde
Iowa,Scott,2020,366,173,190,2,1,0,0,156,66,52,0,0,73,215,78,IA,228,48.2566,37.7971,58.714,38.6883,19163,7,7475.587101,97,17,Nitrogen Oxides,2180.853972,29.17,Portland Cement Manufacturing,4599.600492,CONTINENTAL CEMENT COMPANY - DAVENPORT PLANT,4599.600492,2020,,suppressed,2019,18.1,7,Formaldehyde,10.6,15.2596,24.8,Polk,24.8,Formaldehyde
Iowa,Van Buren,2020,366,281,85,0,0,0,0,87,55,39,0,0,148,218,0,IA,228,48.2566,37.7971,58.714,38.6883,19177,7,3.179941,40,2,Carbon Monoxide,2.856874,89.84,Airport,3.179941,KEOSAUQUA MUNI,3.063653,2020,,suppressed,2019,16.1,7,Formaldehyde,10.1,15.2596,24.8,Polk,24.8,Formaldehyde
Iowa,Woodbury,2020,122,92,30,0,0,0,0,81,56,39,0,0,0,122,0,IA,228,48.2566,37.7971,58.714,38.6883,19193,7,10141.874495,94,18,Sulfur Dioxide,2871.090126,28.31,Electricity Generation via Combustion,6424.316981,MIDAMERICAN ENERGY CO - GEORGE NEAL NORTH,3854.251738,2020,,suppressed,2019,16.2,7,Formaldehyde,9.3,15.2596,24.8,Polk,24.8,Formaldehyde
Kansas,Chase,2020,121,110,11,0,0,0,0,63,47,24,0,0,0,121,0,KS,515,55.0955,42.5364,67.6636,31.4967,20017,7,3.578072,40,2,Carbon Monoxide,3.21443,89.84,Airport,3.578072,CHASE COUNTY,3.523133,2020,,suppressed,2019,20.5,7,Formaldehyde,13.6,16.7067,23.5,Wyandotte,23.5,Formaldehyde
Kansas,Ford,2020,302,297,5,0,0,0,0,79,29,11,0,0,0,0,302,KS,515,55.0955,42.5364,67.6636,31.4967,20057,7,3906.510294,67,12,Ammonia,1336.669266,34.22,Fertilizer Plant,2546.054081,Koch Fertilizer Dodge City,2546.054081,2020,,suppressed,2019,15.1,7,Formaldehyde,9.9,16.7067,23.5,Wyandotte,23.5,Formaldehyde
Kansas,Johnson,2020,365,250,114,1,0,0,0,117,61,41,0,0,142,221,2,KS,515,55.0955,42.5364,67.6636,31.4967,20091,7,2584.902398,70,42,Nitrogen Oxides,728.177132,28.17,Unspecified,785.150684,Cardinal FG Co.,733.609209,2020,,suppressed,2019,22.2,7,Formaldehyde,13.7,16.7067,23.5,Wyandotte,23.5,Formaldehyde
Kansas,Leavenworth,2020,366,356,10,0,0,0,0,77,44,32,0,0,366,0,0,KS,515,55.0955,42.5364,67.6636,31.4967,20103,7,454.480623,71,13,Nitrogen Oxides,114.13912,25.11,Airport,173.746177,Sherman Aaf,173.746177,2020,,suppressed,2019,19.8,7,Formaldehyde,12.3,16.7067,23.5,Wyandotte,23.5,Formaldehyde
Kansas,Neosho,2020,366,235,129,2,0,0,0,106,59,44,0,0,108,250,8,KS,515,55.0955,42.5364,67.6636,31.4967,20133,7,2877.158514,70,13,Nitrogen Oxides,1120.359429,38.94,Portland Cement Manufacturing,2346.474962,Ash Grove Cement - Chanute,2346.474962,2020,,suppressed,2019,19.6,7,Formaldehyde,13.2,16.7067,23.5,Wyandotte,23.5,Formaldehyde
Kansas,Sedgwick,2020,366,296,67,3,0,0,0,114,56,40,0,3,251,104,8,KS,515,55.0955,42.5364,67.6636,31.4967,20173,7,9282.941099,125,68,Carbon Monoxide,2334.762789,25.15,Airport,3897.388137,McConnell AFB Airport,3023.424365,2020,,suppressed,2019,21.5,7,Formaldehyde,13.8,16.7067,23.5,Wyandotte,23.5,Formaldehyde
Kansas,Shawnee,2020,366,227,135,2,2,0,0,169,61,44,0,0,128,235,3,KS,515,55.0955,42.5364,67.6636,31.4967,20177,7,4513.668833,83,18,Sulfur Dioxide,1083.848012,24.01,"Plastic, Resin, Rubber or Syn Fiber Manuf Plant",2482.040827,Futamura USA,2482.040827,2020,,suppressed,2019,20.2,7,Formaldehyde,12.7,16.7067,23.5,Wyandotte,23.5,Formaldehyde
Kansas,Sherman,2020,303,282,20,1,0,0,0,106,44,13,0,0,0,0,303,KS,515,55.0955,42.5364,67.6636,31.4967,20181,7,293.180567,53,3,Carbon Monoxide,126.377733,43.11,Food Products Processing Plant,144.87237,Scoular Co. - Goodland (Co Rd 14),144.87237,2020,,suppressed,2019,12.6,7,Formaldehyde,8.0,16.7067,23.5,Wyandotte,23.5,Formaldehyde
Kansas,Sumner,2020,366,231,132,3,0,0,0,117,63,45,0,0,123,229,14,KS,515,55.0955,42.5364,67.6636,31.4967,20191,7,133.338859,54,11,Carbon Monoxide,56.146853,42.11,Unspecified,65.822713,Wellington Muni,58.894835,2020,,suppressed,2019,18.7,7,Formaldehyde,12.4,16.7067,23.5,Wyandotte,23.5,Formaldehyde
Kansas,Trego,2020,365,307,57,1,0,0,0,147,54,38,0,0,260,96,9,KS,515,55.0955,42.5364,67.6636,31.4967,20195,7,174.085381,58,2,Nitrogen Oxides,132.942922,76.37,Compressor Station,168.00179,Southern Star Central - Ogallah Station,168.00179,2020,,suppressed,2019,13.9,7,Formaldehyde,9.1,16.7067,23.5,Wyandotte,23.5,Formaldehyde
Kansas,Wyandotte,2020,366,146,215,5,0,0,0,116,67,53,0,0,58,305,3,KS,515,55.0955,42.5364,67.6636,31.4967,20209,7,8152.284689,96,62,Nitrogen Oxides,2398.382433,29.42,Electricity Generation via Combustion,3424.908096,Kansas City BPU - Nearman,3367.204459,2020,,suppressed,2019,23.5,7,Formaldehyde,14.1,16.7067,23.5,Wyandotte,23.5,Formaldehyde
Kentucky,Bell,2020,263,242,21,0,0,0,0,74,48,34,0,0,215,48,0,KY,141,56.611,45.7315,67.4932,53.8309,21013,4,243.500978,75,17,Carbon Monoxide,90.735484,37.26,Unspecified,118.027731,Middlesboro-Bell County,56.302183,2020,,suppressed,2019,24.9,7,Formaldehyde,16.7,22.7917,27.2,Boyd,27.2,Formaldehyde
Kentucky,Boone,2020,242,218,24,0,0,0,0,87,50,36,0,0,242,0,0,KY,141,56.611,45.7315,67.4932,53.8309,21015,4,8373.355128,107,112,Sulfur Dioxide,2024.828302,24.18,Electricity Generation via Combustion,3965.209572,Duke Energy KY East Bend,3965.209572,2020,,suppressed,2019,23.8,7,Formaldehyde,15.1,22.7917,27.2,Boyd,27.2,Formaldehyde
Kentucky,Boyd,2020,366,285,81,0,0,0,0,89,57,41,0,2,115,248,1,KY,141,56.611,45.7315,67.4932,53.8309,21019,4,4712.859481,86,23,Nitrogen Oxides,1346.199646,28.56,Petroleum Refinery,3349.435876,Marathon Petroleum Co LLC - Catlettsburg Refining,3349.435876,2020,,suppressed,2019,27.2,7,Formaldehyde,18.3,22.7917,27.2,Boyd,27.2,Formaldehyde
Kentucky,Bullitt,2020,240,224,15,1,0,0,0,115,48,37,0,0,240,0,0,KY,141,56.611,45.7315,67.4932,53.8309,21029,4,6782.491593,66,19,Volatile Organic Compounds,4490.270461,66.2,Breweries/Distilleries/Wineries,4529.996329,Jim Beam Brands Co - Clermont Plant,3234.424329,2020,,suppressed,2019,24.8,7,Formaldehyde,16.1,22.7917,27.2,Boyd,27.2,Formaldehyde
Kentucky,Campbell,2020,366,246,120,0,0,0,0,93,59,43,0,0,117,249,0,KY,141,56.611,45.7315,67.4932,53.8309,21037,4,858.270627,48,42,Volatile Organic Compounds,157.79705,18.39,Mineral Processing Plant,632.512804,Continental Silver Grove LLC,632.512804,2020,,suppressed,2019,24.5,7,Formaldehyde,15.4,22.7917,27.2,Boyd,27.2,Formaldehyde
Kentucky,Carter,2020,285,273,12,0,0,0,0,64,45,33,0,0,209,75,1,KY,141,56.611,45.7315,67.4932,53.8309,21043,4,336.124548,44,8,Carbon Monoxide,88.177296,26.23,Unspecified,238.037648,Columbia Gulf Transmission LLC - Grayson Compressor Station,204.40163,2020,,suppressed,2019,23.6,7,Formaldehyde,16.2,22.7917,27.2,Boyd,27.2,Formaldehyde
Kentucky,Christian,2020,320,249,71,0,0,0,0,85,56,41,0,0,179,141,0,KY,141,56.611,45.7315,67.4932,53.8309,21047,4,1362.377132,71,39,Volatile Organic Compounds,369.137913,27.1,Unspecified,744.663571,Commonwealth Agri-Energy LLC,287.303191,2020,,suppressed,2019,24.2,7,Formaldehyde,16.5,22.7917,27.2,Boyd,27.2,Formaldehyde
Kentucky,Daviess,2020,366,254,111,1,0,0,0,105,59,43,0,1,126,239,0,KY,141,56.611,45.7315,67.4932,53.8309,21059,4,5169.513811,84,54,Volatile Organic Compounds,1776.113205,34.36,Electricity Generation via Combustion,1527.95366,Owensboro Municipal Utilities - Elmer Smith Station,1527.95366,2020,,suppressed,2019,23.1,7,Formaldehyde,15.1,22.7917,27.2,Boyd,27.2,Formaldehyde
Kentucky,Edmonson,2020,365,350,15,0,0,0,0,64,46,33,4,0,323,38,0,KY,141,56.611,45.7315,67.4932,53.8309,21061,4,94.191459,7,1,PM10 Primary (Filt + Cond),32.905908,34.94,Concrete Batch Plant,94.191459,Kenway-Concrete of Kentucky LLC,94.191459,2020,,suppressed,2019,23.1,7,Formaldehyde,15.7,22.7917,27.2,Boyd,27.2,Formaldehyde
Kentucky,Fayette,2020,366,258,108,0,0,0,0,86,57,42,0,5,114,247,0,KY,141,56.611,45.7315,67.4932,53.8309,21067,4,1306.558228,91,62,Carbon Monoxide,331.959893,25.41,Unspecified,610.438995,Blue Grass,264.931829,2020,,suppressed,2019,24.2,7,Formaldehyde,15.6,22.7917,27.2,Boyd,27.2,Formaldehyde
Kentucky,Greenup,2020,243,241,2,0,0,0,0,61,44,33,0,0,243,0,0,KY,141,56.611,45.7315,67.4932,53.8309,21089,4,3732.421536,86,12,Nitrogen Oxides,2009.270204,53.83,Compressor Station,2802.383243,TN Gas Pipeline Co LLC - Station 200,2802.383243,2020,,suppressed,2019,25.4,7,Formaldehyde,17.3,22.7917,27.2,Boyd,27.2,Formaldehyde
Kentucky,Hancock,2020,245,233,12,0,0,0,0,97,47,37,0,0,245,0,0,KY,141,56.611,45.7315,67.4932,53.8309,21091,4,32328.560065,81,10,Carbon Monoxide,23821.962687,73.69,Primary Aluminum Plant,27649.065835,Century Aluminum of KY LLC,27649.065835,2020,,suppressed,2019,21.9,7,Formaldehyde,15.0,22.7917,27.2,Boyd,27.2,Formaldehyde
Kentucky,Hardin,2020,366,268,98,0,0,0,0,80,56,43,0,0,125,241,0,KY,141,56.611,45.7315,67.4932,53.8309,21093,4,1041.004435,70,35,Volatile Organic Compounds,298.900407,28.71,Unspecified,643.437816,Metalsa Structural Products Inc,166.301404,2020,,suppressed,2019,23.1,7,Formaldehyde,15.0,22.7917,27.2,Boyd,27.2,Formaldehyde
Kentucky,Jefferson,2020,366,151,208,7,0,0,0,115,64,52,0,3,89,274,0,KY,141,56.611,45.7315,67.4932,53.8309,21111,4,29675.537442,158,60,Nitrogen Oxides,9004.293598,30.34,Electricity Generation via Combustion,12205.689687,"Louisville Gas & Electric Co., Mill Creek Station",11655.641358,2020,,suppressed,2019,26.3,7,Formaldehyde,16.7,22.7917,27.2,Boyd,27.2,Formaldehyde
Kentucky,Jessamine,2020,243,232,11,0,0,0,0,77,47,37,0,0,243,0,0,KY,141,56.611,45.7315,67.4932,53.8309,21113,4,506.49185,43,13,Volatile Organic Compounds,405.65831,80.09,Breweries/Distilleries/Wineries,300.1534,Campari America LLC,300.1534,2020,,suppressed,2019,22.5,7,Formaldehyde,14.7,22.7917,27.2,Boyd,27.2,Formaldehyde
Kentucky,Livingston,2020,248,235,12,1,0,0,0,105,47,37,0,0,239,0,9,KY,141,56.611,45.7315,67.4932,53.8309,21139,4,1434.609656,36,9,PM10 Primary (Filt + Cond),414.574559,28.9,Mines/Quarries,1179.946785,Vulcan Construction Material LP - Grand Rivers Quarry,759.49997,2020,,suppressed,2019,23.2,7,Formaldehyde,15.2,22.7917,27.2,Boyd,27.2,Formaldehyde
Kentucky,McCracken,2020,366,239,126,1,0,0,0,111,61,44,0,4,102,260,0,KY,141,56.611,45.7315,67.4932,53.8309,21145,4,15836.640822,67,29,Sulfur Dioxide,9026.381595,57.0,Electricity Generation via Combustion,15376.270949,Tennessee Valley Authority (TVA) - Shawnee Fossil Plant,15335.3863,2020,,suppressed,2019,23.4,7,Formaldehyde,15.4,22.7917,27.2,Boyd,27.2,Formaldehyde
Kentucky,Morgan,2020,365,361,4,0,0,0,0,64,44,33,0,0,365,0,0,KY,141,56.611,45.7315,67.4932,53.8309,21175,4,54.477426,45,6,Carbon Monoxide,13.340054,24.49,Mines/Quarries,17.810215,Hinkle Contracting Co LLC - Cave Run Stone,17.810215,2020,,suppressed,2019,23.0,7,Formaldehyde,16.0,22.7917,27.2,Boyd,27.2,Formaldehyde
Kentucky,Oldham,2020,239,218,21,0,0,0,0,97,49,38,0,0,239,0,0,KY,141,56.611,45.7315,67.4932,53.8309,21185,4,339.897231,52,8,Carbon Monoxide,184.643421,54.32,Electricity Generation via Combustion,239.133007,East Kentucky Power Cooperative Inc - Bluegrass Generating Station,239.133007,2020,,suppressed,2019,23.2,7,Formaldehyde,15.2,22.7917,27.2,Boyd,27.2,Formaldehyde
Kentucky,Perry,2020,364,278,86,0,0,0,0,99,55,39,0,0,97,267,0,KY,141,56.611,45.7315,67.4932,53.8309,21193,4,383.08962,54,12,Carbon Monoxide,101.397195,26.47,Unspecified,162.644621,Diversified Midstream LLC - Maces Creek Compressor Station,155.806144,2020,,suppressed,2019,23.7,7,Formaldehyde,16.4,22.7917,27.2,Boyd,27.2,Formaldehyde
Kentucky,Pike,2020,365,310,55,0,0,0,0,93,53,37,0,0,111,254,0,KY,141,56.611,45.7315,67.4932,53.8309,21195,4,1243.258135,67,29,Nitrogen Oxides,494.830089,39.8,Compressor Station,737.181723,Columbia Gas Transmission Corp,300.465339,2020,,suppressed,2019,24.5,7,Formaldehyde,17.0,22.7917,27.2,Boyd,27.2,Formaldehyde
Kentucky,Pulaski,2020,283,246,37,0,0,0,0,77,52,38,0,0,196,87,0,KY,141,56.611,45.7315,67.4932,53.8309,21199,4,2425.817059,84,25,PM10 Primary (Filt + Cond),508.345005,20.96,"Woodwork, Furniture, Millwork Manufacturing",1152.526652,AHF Products LLC,763.510544,2020,,suppressed,2019,24.0,7,Formaldehyde,16.2,22.7917,27.2,Boyd,27.2,Formaldehyde
Kentucky,Simpson,2020,221,217,4,0,0,0,0,67,46,36,0,0,221,0,0,KY,141,56.611,45.7315,67.4932,53.8309,21213,4,592.656986,66,22,Carbon Monoxide,152.643322,25.76,Unspecified,452.488196,Fritz Winter North America LP,182.428225,2020,,suppressed,2019,23.6,7,Formaldehyde,16.1,22.7917,27.2,Boyd,27.2,Formaldehyde
Kentucky,Trigg,2020,362,350,12,0,0,0,0,84,45,34,0,0,362,0,0,KY,141,56.611,45.7315,67.4932,53.8309,21221,4,241.734941,54,7,Carbon Monoxide,72.866917,30.14,Airport,149.090425,LAKE BARKLEY STATE PARK,149.090425,2020,,suppressed,2019,23.5,7,Formaldehyde,16.4,22.7917,27.2,Boyd,27.2,Formaldehyde
Kentucky,Warren,2020,366,237,129,0,0,0,0,97,58,44,0,0,76,290,0,KY,141,56.611,45.7315,67.4932,53.8309,21227,4,1662.248647,87,53,Volatile Organic Compounds,494.958717,29.78,Unspecified,939.754505,Kobe Aluminum Automotive Products LLC,237.432044,2020,,suppressed,2019,24.8,7,Formaldehyde,16.4,22.7917,27.2,Boyd,27.2,Formaldehyde
Kentucky,Washington,2020,364,352,12,0,0,0,0,77,46,34,0,0,364,0,0,KY,141,56.611,45.7315,67.4932,53.8309,21229,4,254.873978,60,11,Volatile Organic Compounds,109.606562,43.0,Unspecified,156.839074,Michters Distillery LLC - Sprinfield Facility,62.261435,2020,,suppressed,2019,21.2,7,Formaldehyde,14.2,22.7917,27.2,Boyd,27.2,Formaldehyde
Louisiana,Ascension,2020,364,350,14,0,0,0,0,100,46,31,0,6,358,0,0,LA,157,67.6286,57.5814,77.69,61.1023,22005,6,24275.436963,126,45,Nitrogen Oxides,6253.470562,25.76,Fertilizer Plant,9964.49458,CF Industries Nitrogen LLC - Donaldsonville Nitrogen Complex,8584.031979,2020,14,reported,2019,51.0,7,Ethylene oxide,23.1,30.8109,59.2,St. John the Baptist,59.2,Formaldehyde
Louisiana,Bossier,2020,362,269,92,1,0,0,0,105,58,40,0,0,172,184,6,LA,157,67.6286,57.5814,77.69,61.1023,22015,6,1214.444907,62,9,Carbon Monoxide,387.133017,31.88,Petroleum Refinery,742.914734,Calumet Princeton Refining LP - Calumet Princeton Refinery,742.914734,2020,14,reported,2019,36.4,7,Formaldehyde,24.7,30.8109,59.2,St. John the Baptist,59.2,Formaldehyde
Louisiana,Caddo,2020,349,289,59,1,0,0,0,126,55,36,0,0,255,94,0,LA,157,67.6286,57.5814,77.69,61.1023,22017,6,4389.108787,81,22,Nitrogen Oxides,1228.004423,27.98,Petroleum Refinery,1506.537093,Calumet Shreveport Refining LLC - Calumet Shreveport Refinery,1506.537093,2020,14,reported,2019,36.3,7,Formaldehyde,23.9,30.8109,59.2,St. John the Baptist,59.2,Formaldehyde
Louisiana,Calcasieu,2020,349,179,169,1,0,0,0,116,64,49,0,2,96,251,0,LA,157,67.6286,57.5814,77.69,61.1023,22019,6,57950.937562,132,54,Sulfur Dioxide,17327.858387,29.9,Electricity Generation via Combustion,15242.444405,CITGO Petroleum Corp - Lake Charles Manufacturing Complex,7337.548059,2020,14,reported,2019,29.8,7,Formaldehyde,17.1,30.8109,59.2,St. John the Baptist,59.2,Formaldehyde
Louisiana,East Baton Rouge,2020,366,236,127,3,0,0,0,119,59,45,0,2,118,246,0,LA,157,67.6286,57.5814,77.69,61.1023,22033,6,37754.814932,151,53,Sulfur Dioxide,13050.809507,34.57,Calcined Pet Coke Plant,13659.169848,Oxbow Calcining LLC - Baton Rouge Calcined Coke Plant,13659.169848,2020,14,reported,2019,38.2,7,Formaldehyde,20.8,30.8109,59.2,St. John the Baptist,59.2,Formaldehyde
Louisiana,Iberville,2020,366,306,57,3,0,0,0,136,56,38,0,0,302,64,0,LA,157,67.6286,57.5814,77.69,61.1023,22047,6,17889.561537,122,60,Nitrogen Oxides,5585.045472,31.22,Chemical Plant,8486.796856,The Dow Chemical Company - Louisiana Operations,6788.873297,2020,14,reported,2019,57.0,7,Ethylene oxide,28.7,30.8109,59.2,St. John the Baptist,59.2,Formaldehyde
Louisiana,Jefferson,2020,366,280,86,0,0,0,0,87,59,40,0,1,184,181,0,LA,157,67.6286,57.5814,77.69,61.1023,22051,6,15424.236049,111,18,Nitrogen Oxides,10301.133827,66.79,Electricity Generation via Combustion,10390.044046,Entergy Louisiana LLC - Ninemile Point Electric Generating Plant,10390.044046,2020,14,reported,2019,28.8,7,Formaldehyde,18.1,30.8109,59.2,St. John the Baptist,59.2,Formaldehyde
Louisiana,Lafayette,2020,364,203,160,1,0,0,0,120,62,45,0,0,124,240,0,LA,157,67.6286,57.5814,77.69,61.1023,22055,6,1238.918111,52,11,Nitrogen Oxides,911.469836,73.57,Compressor Station,974.842656,Texas Gas Transmission LLC - Youngsville Compressor Station,974.842656,2020,14,reported,2019,26.0,7,Formaldehyde,16.9,30.8109,59.2,St. John the Baptist,59.2,Formaldehyde
Louisiana,Lafourche,2020,366,212,153,1,0,0,0,115,61,48,0,0,71,295,0,LA,157,67.6286,57.5814,77.69,61.1023,22057,6,3439.004748,69,13,Nitrogen Oxides,905.594988,26.33,Sugar Mill,1947.363735,Raceland Raw Sugar LLC - Raceland Factory,1039.181715,2020,14,reported,2019,26.4,7,Formaldehyde,16.3,30.8109,59.2,St. John the Baptist,59.2,Formaldehyde
Louisiana,Livingston,2020,355,206,148,1,0,0,0,105,62,47,0,0,85,270,0,LA,157,67.6286,57.5814,77.69,61.1023,22063,6,1818.003253,72,17,Carbon Monoxide,555.322938,30.55,Lumber/Sawmill,989.501396,Weyerhaeuser NR Co - Holden Wood Products,989.501396,2020,14,reported,2019,36.2,7,Formaldehyde,21.0,30.8109,59.2,St. John the Baptist,59.2,Formaldehyde
Louisiana,Orleans,2020,366,297,69,0,0,0,0,90,55,33,2,65,0,293,6,LA,157,67.6286,57.5814,77.69,61.1023,22071,6,1756.180236,59,9,Carbon Monoxide,552.696158,31.47,Unspecified,921.980219,The J M Smucker Co - Folger Coffee Co - Gentilly Plant,634.891425,2020,14,reported,2019,27.5,7,Formaldehyde,17.8,30.8109,59.2,St. John the Baptist,59.2,Formaldehyde
Louisiana,Ouachita,2020,362,324,37,1,0,0,0,111,51,34,0,0,289,73,0,LA,157,67.6286,57.5814,77.69,61.1023,22073,6,13307.422676,119,21,Carbon Monoxide,2836.045544,21.31,Pulp and Paper Plant,7009.959408,Graphic Packaging International LLC - West Monroe Mill #31,7009.959408,2020,14,reported,2019,32.2,7,Formaldehyde,23.4,30.8109,59.2,St. John the Baptist,59.2,Formaldehyde
Louisiana,Pointe Coupee,2020,362,343,19,0,0,0,0,100,45,32,0,0,362,0,0,LA,157,67.6286,57.5814,77.69,61.1023,22077,6,5369.160758,65,41,Nitrogen Oxides,1491.100228,27.77,Electricity Generation via Combustion,2381.583201,Louisiana Generating LLC - Big Cajun II Power Plant,2312.015275,2020,14,reported,2019,30.7,7,Formaldehyde,19.8,30.8109,59.2,St. John the Baptist,59.2,Formaldehyde
Louisiana,Rapides,2020,121,95,25,1,0,0,0,103,56,34,0,0,0,121,0,LA,157,67.6286,57.5814,77.69,61.1023,22079,6,13051.96378,84,19,Nitrogen Oxides,4871.42408,37.32,Electricity Generation via Combustion,8631.869677,CLECO Power LLC - Brame Energy Center,8584.097619,2020,14,reported,2019,29.1,7,Formaldehyde,20.7,30.8109,59.2,St. John the Baptist,59.2,Formaldehyde
Louisiana,St. Bernard,2020,357,229,128,0,0,0,0,86,58,44,0,0,138,218,1,LA,157,67.6286,57.5814,77.69,61.1023,22087,6,6845.765788,79,9,Sulfur Dioxide,1763.169401,25.76,Petroleum Refinery,3441.100645,Chalmette Refining LLC,2482.495295,2020,14,reported,2019,25.4,7,Formaldehyde,16.7,30.8109,59.2,St. John the Baptist,59.2,Formaldehyde
Louisiana,St. James,2020,357,351,6,0,0,0,0,90,44,29,0,0,357,0,0,LA,157,67.6286,57.5814,77.69,61.1023,22093,6,18654.247937,81,23,Sulfur Dioxide,7193.224614,38.56,Calcined Pet Coke Plant,6658.308687,Rain CII Carbon LLC - Gramercy Coke Plant,6658.308687,2020,14,reported,2019,39.6,7,Formaldehyde,18.1,30.8109,59.2,St. John the Baptist,59.2,Formaldehyde
Louisiana,St. John the Baptist,2020,351,341,10,0,0,0,0,80,45,31,0,0,351,0,0,LA,157,67.6286,57.5814,77.69,61.1023,22095,6,10646.219195,108,17,Nitrogen Oxides,4747.887646,44.6,Petroleum Refinery,4558.4781,Marathon Petroleum Company LP - Louisiana Refining Division - Garyville Refinery,4558.4781,2020,14,reported,2019,59.2,7,Ethylene oxide,32.6,30.8109,59.2,St. John the Baptist,59.2,Formaldehyde
Louisiana,St. Martin,2020,358,337,21,0,0,0,0,87,48,33,0,0,358,0,0,LA,157,67.6286,57.5814,77.69,61.1023,22099,6,1922.284865,69,26,Carbon Monoxide,521.495711,27.13,Unspecified,1060.820408,Louisiana Sugar Cane Cooperative Inc - St Martin Branch,675.745014,2020,14,reported,2019,27.2,7,Formaldehyde,17.7,30.8109,59.2,St. John the Baptist,59.2,Formaldehyde
Louisiana,St. Tammany,2020,364,268,96,0,0,0,0,90,57,39,0,0,179,185,0,LA,157,67.6286,57.5814,77.69,61.1023,22103,6,526.782609,48,3,Carbon Monoxide,394.123672,74.82,Airport,478.253122,Slidell,398.677325,2020,14,reported,2019,27.0,7,Formaldehyde,18.8,30.8109,59.2,St. John the Baptist,59.2,Formaldehyde
Louisiana,Tangipahoa,2020,121,88,33,0,0,0,0,68,56,34,0,0,0,121,0,LA,157,67.6286,57.5814,77.69,61.1023,22105,6,1078.277765,47,12,Carbon Monoxide,513.010391,47.58,Airport,587.987881,Hammond Muni,587.987881,2020,14,reported,2019,30.1,7,Formaldehyde,19.8,30.8109,59.2,St. John the Baptist,59.2,Formaldehyde
Louisiana,Terrebonne,2020,120,92,28,0,0,0,0,77,56,36,0,0,0,120,0,LA,157,67.6286,57.5814,77.69,61.1023,22109,6,1159.309653,75,13,Volatile Organic Compounds,386.043157,33.3,Gas Plant,385.391298,EnLink LIG Liquids LLC - Gibson Gas Processing Plant,217.311251,2020,14,reported,2019,26.6,7,Formaldehyde,16.1,30.8109,59.2,St. John the Baptist,59.2,Formaldehyde
Louisiana,West Baton Rouge,2020,366,229,134,3,0,0,0,101,61,44,0,4,117,245,0,LA,157,67.6286,57.5814,77.69,61.1023,22121,6,12382.982906,89,40,Sulfur Dioxide,6206.191722,50.12,Carbon Black Plant,9522.338765,Tokai Carbon CB Ltd - Addis Facility,9522.338765,2020,14,reported,2019,40.5,7,Formaldehyde,21.0,30.8109,59.2,St. John the Baptist,59.2,Formaldehyde
Maine,Androscoggin,2020,360,327,33,0,0,0,0,70,49,34,0,0,141,217,2,ME,95,43.4433,33.2217,53.6683,49.508,23001,1,2224.705812,88,18,Carbon Monoxide,1238.677157,55.68,Electricity Generation via Combustion,1225.455103,REENERGY LIVERMORE FALLS LLC,1225.455103,2020,0,reported,2019,17.3,7,Formaldehyde,9.8,15.1375,18.1,Cumberland,18.1,Formaldehyde
Maine,Aroostook,2020,366,316,49,0,0,1,0,205,53,36,0,0,187,164,15,ME,95,43.4433,33.2217,53.6683,49.508,23003,1,1944.210961,82,19,Carbon Monoxide,476.586341,24.51,Plywood & Engineered Wood Products,792.595747,HUBER ENGINEERED WOODS LLC - EASTON,496.440437,2020,0,reported,2019,12.8,7,Formaldehyde,6.9,15.1375,18.1,Cumberland,18.1,Formaldehyde
Maine,Cumberland,2020,366,263,103,0,0,0,0,97,58,42,0,6,149,210,1,ME,95,43.4433,33.2217,53.6683,49.508,23005,1,3360.984362,83,30,Carbon Monoxide,1210.137114,36.01,Pulp and Paper Plant,1482.293406,"SAPPI NORTH AMERICA, INC. - WESTBROOK",1482.293406,2020,0,reported,2019,18.1,7,Formaldehyde,10.4,15.1375,18.1,Cumberland,18.1,Formaldehyde
Maine,Hancock,2020,366,336,29,1,0,0,0,105,50,36,0,0,348,18,0,ME,95,43.4433,33.2217,53.6683,49.508,23009,1,239.449096,79,11,Carbon Monoxide,123.577163,51.61,Airport,97.80079,Hancock County-Bar Harb,94.124976,2020,0,reported,2019,12.9,7,Formaldehyde,7.1,15.1375,18.1,Cumberland,18.1,Formaldehyde
Maine,Kennebec,2020,230,221,9,0,0,0,0,67,45,35,0,4,188,38,0,ME,95,43.4433,33.2217,53.6683,49.508,23011,1,308.611245,76,10,Carbon Monoxide,146.268022,47.4,Airport,151.015578,Augusta State,98.515361,2020,0,reported,2019,16.6,7,Formaldehyde,9.3,15.1375,18.1,Cumberland,18.1,Formaldehyde
Maine,Knox,2020,148,142,6,0,0,0,0,71,45,31,0,0,148,0,0,ME,95,43.4433,33.2217,53.6683,49.508,23013,1,1207.385091,60,5,Nitrogen Oxides,377.275397,31.25,Portland Cement Manufacturing,652.89015,DRAGON PRODUCTS CO - THOMASTON,652.89015,2020,0,reported,2019,15.7,7,Formaldehyde,9.6,15.1375,18.1,Cumberland,18.1,Formaldehyde
Maine,Oxford,2020,324,299,25,0,0,0,0,69,47,36,0,0,177,147,0,ME,95,43.4433,33.2217,53.6683,49.508,23017,1,5071.898834,82,9,Nitrogen Oxides,1665.964533,32.85,Pulp and Paper Plant,4276.514269,ND PAPER INC. - RUMFORD,4276.514269,2020,0,reported,2019,14.8,7,Formaldehyde,8.5,15.1375,18.1,Cumberland,18.1,Formaldehyde
Maine,Penobscot,2020,363,338,25,0,0,0,0,76,47,33,0,0,184,177,2,ME,95,43.4433,33.2217,53.6683,49.508,23019,1,2266.305456,95,30,Carbon Monoxide,786.083971,34.69,Pulp and Paper Plant,589.798488,ND OTM LLC - OLD TOWN,589.798488,2020,0,reported,2019,15.3,7,Formaldehyde,8.6,15.1375,18.1,Cumberland,18.1,Formaldehyde
Maine,Washington,2020,353,351,2,0,0,0,0,61,44,33,0,0,344,9,0,ME,95,43.4433,33.2217,53.6683,49.508,23029,1,4277.183599,81,10,Nitrogen Oxides,1092.112922,25.53,Pulp and Paper Plant,4051.44971,WOODLAND PULP LLC,4051.44971,2020,0,reported,2019,12.6,7,Formaldehyde,7.0,15.1375,18.1,Cumberland,18.1,Formaldehyde
Maine,York,2020,235,223,12,0,0,0,0,87,47,39,0,0,235,0,0,ME,95,43.4433,33.2217,53.6683,49.508,23031,1,652.982099,92,17,Carbon Monoxide,332.277555,50.89,Airport,262.550532,Sanford Regional,162.712736,2020,0,reported,2019,17.2,7,Formaldehyde,9.9,15.1375,18.1,Cumberland,18.1,Formaldehyde
Maryland,Anne Arundel,2020,262,235,25,2,0,0,0,108,51,39,0,0,240,0,22,MD,100,55.7406,46.2812,65.2031,48.4546,24003,3,6049.029938,80,28,Carbon Monoxide,2509.103283,41.48,Electricity Generation via Combustion,2934.449703,Raven Power Fort Smallwood LLC,2934.449703,2020,28,reported,2019,28.8,7,Formaldehyde,18.1,24.0833,29.7,Prince George's,29.7,Formaldehyde
Maryland,Baltimore,2020,365,257,106,2,0,0,0,105,59,43,0,12,177,176,0,MD,100,55.7406,46.2812,65.2031,48.4546,24005,3,1404.957425,71,35,Carbon Monoxide,409.866288,29.17,Airport,272.233629,"Lafarge Building Materials, Inc. - Sparrows Point Facility",264.666272,2020,28,reported,2019,26.7,7,Formaldehyde,16.8,24.0833,29.7,Prince George's,29.7,Formaldehyde
Maryland,Baltimore (City),2020,363,293,70,0,0,0,0,97,56,38,0,57,120,185,1,MD,100,55.7406,46.2812,65.2031,48.4546,24510,3,4444.147037,81,63,Nitrogen Oxides,1637.718533,36.85,Municipal Waste Combustor,1386.208924,"Wheelabrator Baltimore, LP",1386.208924,2020,28,reported,2019,27.9,7,Formaldehyde,17.4,24.0833,29.7,Prince George's,29.7,Formaldehyde
Maryland,Calvert,2020,238,235,3,0,0,0,0,67,44,35,0,0,238,0,0,MD,100,55.7406,46.2812,65.2031,48.4546,24009,3,378.314788,54,4,Nitrogen Oxides,175.617568,46.42,Unspecified,375.325617,"Dominion Energy Cove Point LNG, LP",353.803676,2020,28,reported,2019,26.0,7,Formaldehyde,17.7,24.0833,29.7,Prince George's,29.7,Formaldehyde
Maryland,Carroll,2020,242,225,17,0,0,0,0,84,49,39,0,0,242,0,0,MD,100,55.7406,46.2812,65.2031,48.4546,24013,3,5148.85867,74,18,Nitrogen Oxides,2618.021468,50.85,Portland Cement Manufacturing,4692.422037,Lehigh Cement Company - Union Bridge,4692.422037,2020,28,reported,2019,23.3,7,Formaldehyde,14.5,24.0833,29.7,Prince George's,29.7,Formaldehyde
Maryland,Cecil,2020,357,309,48,0,0,0,0,97,54,38,0,0,194,163,0,MD,100,55.7406,46.2812,65.2031,48.4546,24015,3,1638.121308,67,16,Volatile Organic Compounds,272.467215,16.63,Electricity Generation via Combustion,1311.539376,Wildcat Point Generation Facility,1231.412203,2020,28,reported,2019,22.4,7,Formaldehyde,14.0,24.0833,29.7,Prince George's,29.7,Formaldehyde
Maryland,Charles,2020,236,235,1,0,0,0,0,58,44,34,0,0,236,0,0,MD,100,55.7406,46.2812,65.2031,48.4546,24017,3,2167.630734,71,9,Sulfur Dioxide,665.748783,30.71,Electricity Generation via Combustion,1914.223214,"GenOn Mid-Atlantic, LLC Morgantown Generating Station",1478.798292,2020,28,reported,2019,27.4,7,Formaldehyde,18.0,24.0833,29.7,Prince George's,29.7,Formaldehyde
Maryland,Dorchester,2020,365,339,26,0,0,0,0,84,48,36,0,0,309,56,0,MD,100,55.7406,46.2812,65.2031,48.4546,24019,3,220.840681,64,6,Carbon Monoxide,132.743152,60.11,Food Products Processing Plant,123.088789,"Darling Ingredients, Inc. - Linkwood",123.088789,2020,28,reported,2019,21.6,7,Formaldehyde,14.2,24.0833,29.7,Prince George's,29.7,Formaldehyde
Maryland,Frederick,2020,237,217,20,0,0,0,0,90,49,40,0,0,237,0,0,MD,100,55.7406,46.2812,65.2031,48.4546,24021,3,969.528185,64,17,Carbon Monoxide,397.786082,41.03,Airport,268.183672,Frederick Muni,268.15062,2020,28,reported,2019,24.3,7,Formaldehyde,15.4,24.0833,29.7,Prince George's,29.7,Formaldehyde
Maryland,Garrett,2020,365,345,20,0,0,0,0,71,47,37,0,0,297,68,0,MD,100,55.7406,46.2812,65.2031,48.4546,24023,3,421.782099,83,5,Nitrogen Oxides,173.812953,41.21,Unspecified,194.806234,Texas Eastern Transmission,194.806234,2020,28,reported,2019,17.6,7,Formaldehyde,11.6,24.0833,29.7,Prince George's,29.7,Formaldehyde
Maryland,Harford,2020,357,286,70,1,0,0,0,119,58,41,0,0,198,159,0,MD,100,55.7406,46.2812,65.2031,48.4546,24025,3,810.802321,84,23,Nitrogen Oxides,251.36367,31.0,Unspecified,202.055754,Constellation Power - Perryman Power Plant,174.648375,2020,28,reported,2019,23.2,7,Formaldehyde,14.7,24.0833,29.7,Prince George's,29.7,Formaldehyde
Maryland,Howard,2020,364,297,67,0,0,0,0,71,54,37,5,48,0,311,0,MD,100,55.7406,46.2812,65.2031,48.4546,24027,3,709.491051,71,13,Carbon Monoxide,272.160196,38.36,Compressor Station,499.89908,Transcontinental Gas Pipeline,499.89908,2020,28,reported,2019,28.5,7,Formaldehyde,17.1,24.0833,29.7,Prince George's,29.7,Formaldehyde
Maryland,Kent,2020,359,333,26,0,0,0,0,100,48,36,0,0,221,138,0,MD,100,55.7406,46.2812,65.2031,48.4546,24029,3,51.366798,56,4,Carbon Monoxide,26.593468,51.77,Unspecified,23.608305,Eastman Specialties Corporation,23.608305,2020,28,reported,2019,21.9,7,Formaldehyde,14.2,24.0833,29.7,Prince George's,29.7,Formaldehyde
Maryland,Montgomery,2020,355,310,45,0,0,0,0,77,52,37,0,0,175,180,0,MD,100,55.7406,46.2812,65.2031,48.4546,24031,3,1956.933475,71,22,Nitrogen Oxides,903.296819,46.16,Municipal Waste Combustor,647.810617,Montgomery County RRF,647.810617,2020,28,reported,2019,29.3,7,Formaldehyde,18.2,24.0833,29.7,Prince George's,29.7,Formaldehyde
Maryland,Prince George's,2020,366,314,51,1,0,0,0,105,55,39,0,1,239,126,0,MD,100,55.7406,46.2812,65.2031,48.4546,24033,3,2687.609403,76,31,Nitrogen Oxides,980.435319,36.48,Electricity Generation via Combustion,1042.883482,Andrews AFB,875.326162,2020,28,reported,2019,29.7,7,Formaldehyde,18.6,24.0833,29.7,Prince George's,29.7,Formaldehyde
Maryland,Washington,2020,359,288,71,0,0,0,0,83,55,40,0,0,172,187,0,MD,100,55.7406,46.2812,65.2031,48.4546,24043,3,2174.80269,69,13,Nitrogen Oxides,532.151261,24.47,Portland Cement Manufacturing,1471.323007,"Holcim (US), Inc.",1471.323007,2020,28,reported,2019,24.1,7,Formaldehyde,15.4,24.0833,29.7,Prince George's,29.7,Formaldehyde
Massachusetts,Barnstable,2020,351,339,10,2,0,0,0,108,46,36,0,0,338,13,0,MA,123,49.6197,40.0426,59.2016,49.85,25001,1,1027.390807,78,33,Carbon Monoxide,620.515689,60.4,Airport,651.066285,Barnstable Muni-Boardma,260.544779,2020,,suppressed,2019,14.8,7,Formaldehyde,8.8,18.35,23.7,Suffolk,23.7,Formaldehyde
Massachusetts,Berkshire,2020,366,278,88,0,0,0,0,94,57,40,0,0,125,241,0,MA,123,49.6197,40.0426,59.2016,49.85,25003,1,715.561009,76,36,Carbon Monoxide,333.434453,46.6,Airport,276.436043,Pittsfield Muni,115.405702,2020,,suppressed,2019,15.7,7,Formaldehyde,9.5,18.35,23.7,Suffolk,23.7,Formaldehyde
Massachusetts,Bristol,2020,366,250,113,3,0,0,0,119,58,42,0,0,219,147,0,MA,123,49.6197,40.0426,59.2016,49.85,25005,1,1907.225409,74,136,Carbon Monoxide,702.334037,36.82,Unspecified,667.897056,New Bedford Regional,159.940146,2020,,suppressed,2019,18.0,7,Formaldehyde,10.7,18.35,23.7,Suffolk,23.7,Formaldehyde
Massachusetts,Dukes,2020,357,345,11,1,0,0,0,126,46,37,0,0,337,20,0,MA,123,49.6197,40.0426,59.2016,49.85,25007,1,250.424572,52,6,Carbon Monoxide,146.993816,58.7,Airport,176.22386,Marthas Vineyard,155.691522,2020,,suppressed,2019,14.7,7,Formaldehyde,9.0,18.35,23.7,Suffolk,23.7,Formaldehyde
Massachusetts,Essex,2020,366,282,84,0,0,0,0,97,56,40,0,0,173,193,0,MA,123,49.6197,40.0426,59.2016,49.85,25009,1,4387.13461,86,125,Nitrogen Oxides,2638.499134,60.14,Municipal Waste Combustor,2750.993992,COVANTA HAVERHILL INCORPORATED,1267.183069,2020,,suppressed,2019,20.2,7,Formaldehyde,12.0,18.35,23.7,Suffolk,23.7,Formaldehyde
Massachusetts,Franklin,2020,365,246,119,0,0,0,0,96,60,43,0,0,110,255,0,MA,123,49.6197,40.0426,59.2016,49.85,25011,1,969.812318,61,22,Carbon Monoxide,171.063305,17.64,Unspecified,512.046765,BARWAY FARM ORGANICS RECYCLERY,381.373854,2020,,suppressed,2019,17.5,7,Formaldehyde,10.4,18.35,23.7,Suffolk,23.7,Formaldehyde
Massachusetts,Hampden,2020,366,249,117,0,0,0,0,99,60,44,0,1,116,249,0,MA,123,49.6197,40.0426,59.2016,49.85,25013,1,2750.536741,78,119,Nitrogen Oxides,727.21848,26.44,Electricity Generation via Combustion,677.155139,AMERESCO CHICOPEE ENERGY INC,290.92324,2020,,suppressed,2019,21.7,7,Formaldehyde,12.8,18.35,23.7,Suffolk,23.7,Formaldehyde
Massachusetts,Hampshire,2020,366,300,66,0,0,0,0,84,54,39,0,9,177,179,1,MA,123,49.6197,40.0426,59.2016,49.85,25015,1,999.421601,57,39,Carbon Monoxide,381.984805,38.22,"Institutional (school, hospital, prison, etc.)",466.457724,UMASS AMHERST CAMPUS,217.336843,2020,,suppressed,2019,19.3,7,Formaldehyde,11.6,18.35,23.7,Suffolk,23.7,Formaldehyde
Massachusetts,Middlesex,2020,366,306,60,0,0,0,0,93,54,39,0,8,178,180,0,MA,123,49.6197,40.0426,59.2016,49.85,25017,1,3969.596172,101,287,Nitrogen Oxides,1107.089895,27.89,Unspecified,2091.143051,Laurence G Hanscom Fld,305.232239,2020,,suppressed,2019,21.6,7,Formaldehyde,12.8,18.35,23.7,Suffolk,23.7,Formaldehyde
Massachusetts,Norfolk,2020,366,330,36,0,0,0,0,74,50,34,0,5,231,130,0,MA,123,49.6197,40.0426,59.2016,49.85,25021,1,2309.250173,70,106,Carbon Monoxide,524.57591,22.72,Unspecified,669.920811,FORE RIVER ENERGY CENTER,272.519973,2020,,suppressed,2019,20.9,7,Formaldehyde,12.5,18.35,23.7,Suffolk,23.7,Formaldehyde
Massachusetts,Plymouth,2020,366,267,99,0,0,0,0,80,56,42,0,0,148,218,0,MA,123,49.6197,40.0426,59.2016,49.85,25023,1,3276.670115,69,66,Nitrogen Oxides,1574.331402,48.05,Municipal Waste Combustor,2262.506629,SEMASS PARTNERSHIP,2262.506629,2020,,suppressed,2019,18.3,7,Formaldehyde,11.0,18.35,23.7,Suffolk,23.7,Formaldehyde
Massachusetts,Suffolk,2020,366,229,137,0,0,0,0,84,57,45,0,7,59,300,0,MA,123,49.6197,40.0426,59.2016,49.85,25025,1,4137.437378,69,126,Carbon Monoxide,1610.657551,38.93,Airport,2379.462962,General Edward Lawrence Logan,2379.462962,2020,,suppressed,2019,23.7,7,Formaldehyde,13.6,18.35,23.7,Suffolk,23.7,Formaldehyde
Massachusetts,Worcester,2020,366,257,109,0,0,0,0,90,58,43,0,6,120,240,0,MA,123,49.6197,40.0426,59.2016,49.85,25027,1,5572.881189,105,211,Nitrogen Oxides,1706.089342,30.61,Unspecified,1384.774842,WHEELABRATOR MILLBURY INC,1148.163251,2020,,suppressed,2019,18.5,7,Formaldehyde,11.3,18.35,23.7,Suffolk,23.7,Formaldehyde
Michigan,Allegan,2020,359,275,78,6,0,0,0,136,58,37,0,0,202,157,0,MI,253,45.6872,36.0428,55.3289,36.4702,26005,5,1695.880644,97,33,Nitrogen Oxides,613.500776,36.18,Compressor Station,466.23866,Consumers Energy - Overisel Compressor Station,357.81583,2020,12,reported,2019,15.8,7,Formaldehyde,9.3,14.3253,19.5,Wayne,19.5,Formaldehyde
Michigan,Bay,2020,365,325,40,0,0,0,0,77,52,22,0,0,0,365,0,MI,253,45.6872,36.0428,55.3289,36.4702,26017,5,3744.759538,97,21,Nitrogen Oxides,818.230709,21.85,Electricity Generation via Combustion,2940.97909,Consumers Energy D.E. Karn Facility,2919.399565,2020,12,reported,2019,15.1,7,Formaldehyde,8.4,14.3253,19.5,Wayne,19.5,Formaldehyde
Michigan,Benzie,2020,262,244,16,1,1,0,0,164,47,36,0,0,262,0,0,MI,253,45.6872,36.0428,55.3289,36.4702,26019,5,47.473079,74,5,Carbon Monoxide,24.795909,52.23,Hot Mix Asphalt Plant,21.893555,Molon Asphalt Inc.,21.893555,2020,12,reported,2019,12.5,7,Formaldehyde,7.1,14.3253,19.5,Wayne,19.5,Formaldehyde
Michigan,Berrien,2020,258,217,34,7,0,0,0,150,61,38,0,0,258,0,0,MI,253,45.6872,36.0428,55.3289,36.4702,26021,5,1868.569377,80,32,Carbon Monoxide,595.267606,31.86,Landfill,874.783425,ANR Pipeline Company - Bridgman Compressor Station,511.733599,2020,12,reported,2019,16.0,7,Formaldehyde,9.2,14.3253,19.5,Wayne,19.5,Formaldehyde
Michigan,Cass,2020,253,212,36,5,0,0,0,122,61,39,0,0,253,0,0,MI,253,45.6872,36.0428,55.3289,36.4702,26027,5,131.371984,62,8,Volatile Organic Compounds,101.466201,77.24,Unspecified,112.521273,LYONS INDUSTRIES,62.122,2020,12,reported,2019,16.1,7,Formaldehyde,9.5,14.3253,19.5,Wayne,19.5,Formaldehyde
Michigan,Clinton,2020,256,244,12,0,0,0,0,93,46,34,0,0,256,0,0,MI,253,45.6872,36.0428,55.3289,36.4702,26037,5,1399.889145,66,20,Carbon Monoxide,555.016205,39.65,Landfill,858.536907,Granger Wood Street Landfill,709.491383,2020,12,reported,2019,15.7,7,Formaldehyde,9.3,14.3253,19.5,Wayne,19.5,Formaldehyde
Michigan,Genesee,2020,366,288,77,1,0,0,0,126,57,39,0,0,190,176,0,MI,253,45.6872,36.0428,55.3289,36.4702,26049,5,2768.051692,92,32,Carbon Monoxide,910.066517,32.88,Landfill,1290.780699,"Citizens Disposal, Inc.",750.946033,2020,12,reported,2019,16.1,7,Formaldehyde,9.1,14.3253,19.5,Wayne,19.5,Formaldehyde
Michigan,Huron,2020,266,246,13,7,0,0,0,150,48,36,0,0,266,0,0,MI,253,45.6872,36.0428,55.3289,36.4702,26063,5,1406.887141,61,17,Sulfur Dioxide,316.915296,22.53,Sugar Mill,765.404768,Michigan Sugar Company - Sebewaing Factory,765.404768,2020,12,reported,2019,12.4,7,Formaldehyde,6.9,14.3253,19.5,Wayne,19.5,Formaldehyde
Michigan,Ingham,2020,366,296,69,0,1,0,0,151,56,37,0,7,190,169,0,MI,253,45.6872,36.0428,55.3289,36.4702,26065,5,2286.498213,103,26,Volatile Organic Compounds,832.028257,36.39,"Institutional (school, hospital, prison, etc.)",827.919082,Michigan State University,827.919082,2020,12,reported,2019,16.7,7,Formaldehyde,9.6,14.3253,19.5,Wayne,19.5,Formaldehyde
Michigan,Kalamazoo,2020,323,239,78,6,0,0,0,115,61,41,0,0,149,174,0,MI,253,45.6872,36.0428,55.3289,36.4702,26077,5,1921.984343,91,35,Nitrogen Oxides,485.01033,25.23,Pharmaceutical Manufacturing,556.247541,"Pharmacia & Upjohn Co LLC, a subsidiary of Pfizer",556.247541,2020,12,reported,2019,16.8,7,Formaldehyde,9.9,14.3253,19.5,Wayne,19.5,Formaldehyde
Michigan,Kent,2020,365,267,90,7,1,0,0,154,62,39,0,0,220,145,0,MI,253,45.6872,36.0428,55.3289,36.4702,26081,5,3812.452517,85,109,Volatile Organic Compounds,1444.538184,37.89,Unspecified,1937.506756,Kent County Waste to Energy Facility,379.808268,2020,12,reported,2019,18.3,7,Formaldehyde,10.1,14.3253,19.5,Wayne,19.5,Formaldehyde
Michigan,Keweenaw,2020,117,116,0,1,0,0,0,124,32,13,0,0,0,117,0,MI,253,45.6872,36.0428,55.3289,36.4702,,,,,,,,,,,,,2020,12,reported,2019,,,,,14.3253,19.5,Wayne,19.5,Formaldehyde
Michigan,Lenawee,2020,366,248,116,2,0,0,0,122,61,42,0,0,134,232,0,MI,253,45.6872,36.0428,55.3289,36.4702,26091,5,403.132075,66,23,Carbon Monoxide,132.581001,32.89,Unspecified,104.832612,ADRIAN LANDFILL,82.345681,2020,12,reported,2019,15.6,7,Formaldehyde,9.1,14.3253,19.5,Wayne,19.5,Formaldehyde
Michigan,Macomb,2020,299,252,35,12,0,0,0,126,63,36,0,0,251,48,0,MI,253,45.6872,36.0428,55.3289,36.4702,26099,5,5400.078471,96,73,Volatile Organic Compounds,2101.430773,38.91,Automobile/Truck or Parts Plant,2166.195966,"PINE TREE ACRES, INC.",1054.6004,2020,12,reported,2019,18.9,7,Formaldehyde,10.4,14.3253,19.5,Wayne,19.5,Formaldehyde
Michigan,Manistee,2020,139,127,12,0,0,0,0,80,50,30,0,0,67,72,0,MI,253,45.6872,36.0428,55.3289,36.4702,26101,5,4478.150887,76,14,Nitrogen Oxides,1941.760282,43.36,Electricity Generation via Combustion,1782.360916,TES Filer City Station,1782.360916,2020,12,reported,2019,14.0,7,Formaldehyde,8.3,14.3253,19.5,Wayne,19.5,Formaldehyde
Michigan,Mason,2020,251,229,20,1,1,0,0,159,49,37,0,0,251,0,0,MI,253,45.6872,36.0428,55.3289,36.4702,26105,5,1003.638058,60,9,Carbon Monoxide,213.44766,21.27,"Foundries, Iron and Steel",483.048446,Great Lakes Castings LLC,483.048446,2020,12,reported,2019,13.4,7,Formaldehyde,7.7,14.3253,19.5,Wayne,19.5,Formaldehyde
Michigan,Missaukee,2020,365,248,116,1,0,0,0,105,57,41,0,13,108,244,0,MI,253,45.6872,36.0428,55.3289,36.4702,26113,5,1039.73482,82,5,Nitrogen Oxides,267.156458,25.69,Electricity Generation via Combustion,736.278077,National Energy of McBain LLC,736.278077,2020,12,reported,2019,13.2,7,Formaldehyde,7.7,14.3253,19.5,Wayne,19.5,Formaldehyde
Michigan,Monroe,2020,61,58,3,0,0,0,0,66,40,17,0,0,0,0,61,MI,253,45.6872,36.0428,55.3289,36.4702,26115,5,13386.196885,91,27,Nitrogen Oxides,4828.068845,36.07,Electricity Generation via Combustion,11464.251673,DTE Electric Company - Monroe Power Plant,11464.251673,2020,12,reported,2019,16.9,7,Formaldehyde,9.8,14.3253,19.5,Wayne,19.5,Formaldehyde
Michigan,Muskegon,2020,248,210,32,6,0,0,0,143,64,37,0,0,248,0,0,MI,253,45.6872,36.0428,55.3289,36.4702,26121,5,2145.416391,87,41,Carbon Monoxide,980.436608,45.7,"Foundries, Iron and Steel",1513.512541,CWC Textron,992.247943,2020,12,reported,2019,15.5,7,Formaldehyde,8.8,14.3253,19.5,Wayne,19.5,Formaldehyde
Michigan,Oakland,2020,298,244,48,6,0,0,0,126,61,37,0,0,237,61,0,MI,253,45.6872,36.0428,55.3289,36.4702,26125,5,4456.433017,92,117,Carbon Monoxide,1869.294646,41.95,Unspecified,2106.157204,FCA US LLC - Chrysler Technology Center,692.475659,2020,12,reported,2019,18.6,7,Formaldehyde,10.5,14.3253,19.5,Wayne,19.5,Formaldehyde
Michigan,Ottawa,2020,365,303,56,6,0,0,0,150,59,35,0,79,227,56,3,MI,253,45.6872,36.0428,55.3289,36.4702,26139,5,10994.778034,96,54,Sulfur Dioxide,4058.357209,36.91,Electricity Generation via Combustion,8804.087271,J. H. Campbell Plant,8020.1891,2020,12,reported,2019,16.2,7,Formaldehyde,9.2,14.3253,19.5,Wayne,19.5,Formaldehyde
Michigan,Schoolcraft,2020,347,323,21,3,0,0,0,133,48,34,0,0,232,115,0,MI,253,45.6872,36.0428,55.3289,36.4702,26153,5,619.42787,49,4,Nitrogen Oxides,307.819,49.69,Unspecified,547.066636,GRAYMONT WESTERN LIME INC,532.896535,2020,12,reported,2019,11.7,7,Formaldehyde,6.3,14.3253,19.5,Wayne,19.5,Formaldehyde
Michigan,St. Clair,2020,328,247,80,1,0,0,0,105,60,39,0,0,135,193,0,MI,253,45.6872,36.0428,55.3289,36.4702,26147,5,34341.210413,101,43,Sulfur Dioxide,21776.415549,63.41,Electricity Generation via Combustion,31535.195069,ST. CLAIR / BELLE RIVER POWER PLANT,30310.690467,2020,12,reported,2019,16.3,7,Formaldehyde,9.0,14.3253,19.5,Wayne,19.5,Formaldehyde
Michigan,Tuscola,2020,343,330,11,2,0,0,0,101,44,32,0,0,343,0,0,MI,253,45.6872,36.0428,55.3289,36.4702,26157,5,782.965193,57,13,Nitrogen Oxides,134.925207,17.23,Sugar Mill,369.065334,"Michigan Sugar Company, Caro Factory",369.065334,2020,12,reported,2019,13.6,7,Formaldehyde,7.8,14.3253,19.5,Wayne,19.5,Formaldehyde
Michigan,Washtenaw,2020,366,236,124,5,1,0,0,160,61,43,0,0,150,216,0,MI,253,45.6872,36.0428,55.3289,36.4702,26161,5,2692.605242,96,47,Nitrogen Oxides,890.018633,33.05,Landfill,810.364427,"Arbor Hills Landfill, Inc.",808.828539,2020,12,reported,2019,17.4,7,Formaldehyde,9.9,14.3253,19.5,Wayne,19.5,Formaldehyde
Michigan,Wayne,2020,366,118,238,8,2,0,0,188,75,55,0,3,43,316,4,MI,253,45.6872,36.0428,55.3289,36.4702,26163,5,37288.948759,126,207,Carbon Monoxide,14760.646927,39.58,Steel Mill,12161.882516,Cleveland-Cliffs Steel Corporation Dearborn Works,8846.084808,2020,12,reported,2019,19.5,7,Formaldehyde,10.8,14.3253,19.5,Wayne,19.5,Formaldehyde
Michigan,Wexford,2020,356,341,15,0,0,0,0,100,44,33,0,0,356,0,0,MI,253,45.6872,36.0428,55.3289,36.4702,26165,5,872.606392,93,14,Carbon Monoxide,243.394787,27.89,"Foundries, Iron and Steel",235.542646,"Cadillac Casting, Inc",235.542646,2020,12,reported,2019,13.5,7,Formaldehyde,7.9,14.3253,19.5,Wayne,19.5,Formaldehyde
Minnesota,Anoka,2020,366,289,77,0,0,0,0,87,57,38,0,6,196,163,1,MN,248,42.1684,31.9428,52.3974,31.3549,27003,5,1387.312147,132,82,Carbon Monoxide,322.668248,23.26,Unspecified,826.811743,Anoka County-Blaine Arpt(Janes Field),218.423871,2020,,suppressed,2019,24.5,7,Formaldehyde,11.1,15.4448,25.2,Ramsey,25.2,Formaldehyde
Minnesota,Becker,2020,366,325,40,1,0,0,0,101,51,34,0,0,218,148,0,MN,248,42.1684,31.9428,52.3974,31.3549,27005,5,128.651068,87,9,Carbon Monoxide,49.417545,38.41,"Foundries, non-ferrous",51.961021,TEAM Industries - Detroit Lakes,51.961021,2020,,suppressed,2019,14.5,7,Formaldehyde,8.0,15.4448,25.2,Ramsey,25.2,Formaldehyde
Minnesota,Beltrami,2020,359,318,41,0,0,0,0,76,51,30,0,0,0,359,0,MN,248,42.1684,31.9428,52.3974,31.3549,27007,5,874.494395,127,14,Carbon Monoxide,203.365469,23.26,Plywood & Engineered Wood Products,740.533851,West Fraser Bemidji,740.533851,2020,,suppressed,2019,17.0,7,Formaldehyde,8.9,15.4448,25.2,Ramsey,25.2,Formaldehyde
Minnesota,Carlton,2020,354,347,7,0,0,0,0,84,42,25,0,0,188,166,0,MN,248,42.1684,31.9428,52.3974,31.3549,27017,5,4871.692921,107,17,Carbon Monoxide,1716.983249,35.24,Pulp and Paper Plant,4092.652065,Sappi Cloquet LLC,4092.652065,2020,,suppressed,2019,15.8,7,Formaldehyde,8.9,15.4448,25.2,Ramsey,25.2,Formaldehyde
Minnesota,Cass,2020,346,316,30,0,0,0,0,78,46,22,0,0,0,346,0,MN,248,42.1684,31.9428,52.3974,31.3549,27021,5,137.281594,123,20,Carbon Monoxide,87.237086,63.55,Airport,95.196854,Walker Muni,28.185751,2020,,suppressed,2019,15.0,7,Formaldehyde,8.3,15.4448,25.2,Ramsey,25.2,Formaldehyde
Minnesota,Cook,2020,345,340,5,0,0,0,0,59,28,13,0,0,0,345,0,MN,248,42.1684,31.9428,52.3974,31.3549,27031,5,206.572752,122,8,PM10 Primary (Filt + Cond),49.319235,23.87,Lumber/Sawmill,185.826646,Hedstrom Lumber Company,185.826646,2020,,suppressed,2019,12.1,7,Formaldehyde,6.6,15.4448,25.2,Ramsey,25.2,Formaldehyde
Minnesota,Crow Wing,2020,359,338,21,0,0,0,0,79,45,31,0,0,177,182,0,MN,248,42.1684,31.9428,52.3974,31.3549,27035,5,468.266733,130,24,Carbon Monoxide,129.861503,27.73,Unspecified,293.369325,Crow Wing Recycling,158.329376,2020,,suppressed,2019,17.7,7,Formaldehyde,9.5,15.4448,25.2,Ramsey,25.2,Formaldehyde
Minnesota,Dakota,2020,366,260,105,1,0,0,0,135,57,40,0,4,0,362,0,MN,248,42.1684,31.9428,52.3974,31.3549,27037,5,9270.090419,153,135,Nitrogen Oxides,2422.984444,26.14,Petroleum Refinery,3685.517038,Flint Hills Resources Pine Bend Refinery,3685.517038,2020,,suppressed,2019,20.3,7,Formaldehyde,10.7,15.4448,25.2,Ramsey,25.2,Formaldehyde
Minnesota,Goodhue,2020,210,201,9,0,0,0,0,87,46,35,0,0,210,0,0,MN,248,42.1684,31.9428,52.3974,31.3549,27049,5,3023.874883,139,36,Nitrogen Oxides,878.859377,29.06,Municipal Waste Combustor,943.669215,Xcel Energy - Red Wing Generating Plant,943.669215,2020,,suppressed,2019,16.0,7,Formaldehyde,9.0,15.4448,25.2,Ramsey,25.2,Formaldehyde
Minnesota,Hennepin,2020,366,206,158,1,1,0,0,158,61,48,0,9,12,289,56,MN,248,42.1684,31.9428,52.3974,31.3549,27053,5,8870.240256,175,275,Nitrogen Oxides,2813.655381,31.72,Unspecified,2682.002277,Minneapolis-St Paul Intl/Wold-Chamberlain/,2122.341969,2020,,suppressed,2019,24.1,7,Formaldehyde,12.0,15.4448,25.2,Ramsey,25.2,Formaldehyde
Minnesota,Lake,2020,365,344,21,0,0,0,0,71,46,34,0,0,156,209,0,MN,248,42.1684,31.9428,52.3974,31.3549,27075,5,2369.903509,129,11,Nitrogen Oxides,682.862109,28.81,Taconite Processing,1889.792679,Northshore Mining Co,1889.792679,2020,,suppressed,2019,15.5,7,Formaldehyde,9.5,15.4448,25.2,Ramsey,25.2,Formaldehyde
Minnesota,Lyon,2020,360,309,51,0,0,0,0,80,54,35,0,0,167,193,0,MN,248,42.1684,31.9428,52.3974,31.3549,27083,5,1149.614772,115,20,Carbon Monoxide,261.735878,22.77,Ethanol Biorefineries/Soy Biodiesel,812.954603,ADM - Marshall,812.954603,2020,,suppressed,2019,14.0,7,Formaldehyde,7.9,15.4448,25.2,Ramsey,25.2,Formaldehyde
Minnesota,Mille Lacs,2020,245,240,5,0,0,0,0,87,44,33,0,0,245,0,0,MN,248,42.1684,31.9428,52.3974,31.3549,27095,5,179.757813,102,7,Carbon Monoxide,74.756911,41.59,Compressor Station,74.354269,Viking Gas Transmission - Milaca Station 2217,74.354269,2020,,suppressed,2019,16.2,7,Formaldehyde,9.1,15.4448,25.2,Ramsey,25.2,Formaldehyde
Minnesota,Olmsted,2020,366,292,73,1,0,0,0,111,56,38,0,0,195,171,0,MN,248,42.1684,31.9428,52.3974,31.3549,27109,5,1594.028058,135,38,Nitrogen Oxides,642.585168,40.31,"Institutional (school, hospital, prison, etc.)",412.121098,Olmsted County Waste-to-Energy Facility,243.797586,2020,,suppressed,2019,18.8,7,Formaldehyde,9.9,15.4448,25.2,Ramsey,25.2,Formaldehyde
Minnesota,Ramsey,2020,366,252,113,0,1,0,0,163,58,40,0,0,0,350,16,MN,248,42.1684,31.9428,52.3974,31.3549,27123,5,4578.387175,161,129,Volatile Organic Compounds,1233.227981,26.94,Unspecified,1367.68148,WestRock MN Corp,717.623387,2020,,suppressed,2019,25.2,7,Formaldehyde,12.0,15.4448,25.2,Ramsey,25.2,Formaldehyde
Minnesota,Saint Louis,2020,366,279,86,1,0,0,0,104,55,40,0,0,119,240,7,MN,248,42.1684,31.9428,52.3974,31.3549,,,,,,,,,,,,,2020,,suppressed,2019,,,,,15.4448,25.2,Ramsey,25.2,Formaldehyde
Minnesota,Scott,2020,365,307,57,1,0,0,0,121,54,35,0,0,183,182,0,MN,248,42.1684,31.9428,52.3974,31.3549,27139,5,3162.753761,144,53,Nitrogen Oxides,699.403007,22.11,Glass Plant,1211.502752,Anchor Glass Container Corp,1211.502752,2020,,suppressed,2019,18.0,7,Formaldehyde,9.7,15.4448,25.2,Ramsey,25.2,Formaldehyde
Minnesota,Stearns,2020,366,309,57,0,0,0,0,80,53,36,0,0,182,184,0,MN,248,42.1684,31.9428,52.3974,31.3549,27145,5,1926.925478,140,83,Volatile Organic Compounds,542.877112,28.17,Unspecified,1001.76139,Bayer Built Woodworks Inc,151.767297,2020,,suppressed,2019,17.6,7,Formaldehyde,9.5,15.4448,25.2,Ramsey,25.2,Formaldehyde
Minnesota,Washington,2020,215,210,5,0,0,0,0,77,44,33,0,0,215,0,0,MN,248,42.1684,31.9428,52.3974,31.3549,27163,5,4469.987254,178,48,Volatile Organic Compounds,1305.525474,29.21,Electricity Generation via Combustion,1326.854334,Saint Paul Park Refining Co LLC dba Marathon Saint Paul Park Refinery,1310.87777,2020,,suppressed,2019,21.0,7,Formaldehyde,10.5,15.4448,25.2,Ramsey,25.2,Formaldehyde
Minnesota,Winona,2020,119,112,7,0,0,0,0,57,40,22,0,0,0,119,0,MN,248,42.1684,31.9428,52.3974,31.3549,27169,5,707.666439,117,41,PM10 Primary (Filt + Cond),154.358064,21.81,Unspecified,400.204561,Bay State Milling Co,147.397731,2020,,suppressed,2019,16.7,7,Formaldehyde,9.5,15.4448,25.2,Ramsey,25.2,Formaldehyde
Minnesota,Wright,2020,357,289,67,1,0,0,0,112,55,37,0,0,165,192,0,MN,248,42.1684,31.9428,52.3974,31.3549,27171,5,810.988966,126,44,Volatile Organic Compounds,225.328035,27.78,Unspecified,441.094282,"Dura Supreme Cabinetry, Inc.",194.130182,2020,,suppressed,2019,17.8,7,Formaldehyde,9.6,15.4448,25.2,Ramsey,25.2,Formaldehyde
Mississippi,Bolivar,2020,363,233,130,0,0,0,0,87,60,46,0,0,97,266,0,MS,156,64.3831,53.38,75.3923,60.7533,28011,4,264.892745,49,6,Carbon Monoxide,162.022638,61.17,Airport,175.007807,Cleveland Municipal Airport,162.140327,2020,,suppressed,2019,25.1,7,Formaldehyde,17.8,28.6927,34.8,Lowndes,34.8,Formaldehyde
Mississippi,DeSoto,2020,365,246,119,0,0,0,0,100,58,44,0,0,84,281,0,MS,156,64.3831,53.38,75.3923,60.7533,28033,4,2316.867052,77,10,Nitrogen Oxides,688.878636,29.73,Electricity Generation via Combustion,1193.259589,TVA SOUTHAVEN COMBINED CYCLE PLANT,1193.259589,2020,,suppressed,2019,27.9,7,Formaldehyde,18.1,28.6927,34.8,Lowndes,34.8,Formaldehyde
Mississippi,Forrest,2020,361,196,165,0,0,0,0,97,63,48,0,0,0,361,0,MS,156,64.3831,53.38,75.3923,60.7533,28035,4,740.725212,68,11,Carbon Monoxide,340.287984,45.94,Unspecified,351.461889,Hattiesburg Bobby L Chain Municipal Airport,200.28368,2020,,suppressed,2019,29.7,7,Formaldehyde,21.1,28.6927,34.8,Lowndes,34.8,Formaldehyde
Mississippi,Hancock,2020,351,217,134,0,0,0,0,90,59,45,0,0,75,276,0,MS,156,64.3831,53.38,75.3923,60.7533,28045,4,1416.930358,84,11,Nitrogen Oxides,463.086888,32.68,Unspecified,748.32366,CALGON CARBON CORPORATION,429.571979,2020,,suppressed,2019,24.5,7,Formaldehyde,17.3,28.6927,34.8,Lowndes,34.8,Formaldehyde
Mississippi,Harrison,2020,352,179,172,1,0,0,0,101,63,49,0,0,49,303,0,MS,156,64.3831,53.38,75.3923,60.7533,28047,4,15722.161225,88,11,Nitrogen Oxides,3516.194586,22.36,Chemical Plant,11128.295148,"CHEMOUR COMPANY FC LLC, THE, DELISLE PLA",11128.295148,2020,,suppressed,2019,26.1,7,Formaldehyde,18.1,28.6927,34.8,Lowndes,34.8,Formaldehyde
Mississippi,Hinds,2020,366,152,213,1,0,0,0,114,66,53,0,0,36,330,0,MS,156,64.3831,53.38,75.3923,60.7533,28049,4,1797.377147,91,15,Carbon Monoxide,447.026836,24.87,Unspecified,418.792386,"ENTERGY MISSISSIPPI INC, HINDS COUNTY PL",394.514602,2020,,suppressed,2019,32.2,7,Formaldehyde,22.4,28.6927,34.8,Lowndes,34.8,Formaldehyde
Mississippi,Jackson,2020,356,204,152,0,0,0,0,84,59,47,0,1,71,284,0,MS,156,64.3831,53.38,75.3923,60.7533,28059,4,13531.854259,111,16,Nitrogen Oxides,6266.572392,46.31,Electricity Generation via Combustion,6451.061478,"CHEVRON TEXACO PRODUCTS COMPANY, PASCAGO",5636.7907,2020,,suppressed,2019,25.3,7,Formaldehyde,17.9,28.6927,34.8,Lowndes,34.8,Formaldehyde
Mississippi,Lauderdale,2020,252,252,0,0,0,0,0,50,42,31,0,0,252,0,0,MS,156,64.3831,53.38,75.3923,60.7533,28075,4,2717.356313,88,10,Carbon Monoxide,554.279869,20.4,Lumber/Sawmill,1133.241475,MID SOUTH LUMBER INC,1133.241475,2020,,suppressed,2019,33.2,7,Formaldehyde,24.5,28.6927,34.8,Lowndes,34.8,Formaldehyde
Mississippi,Lee,2020,243,242,1,0,0,0,0,54,45,35,0,0,243,0,0,MS,156,64.3831,53.38,75.3923,60.7533,28081,4,2274.003271,98,12,Volatile Organic Compounds,757.691693,33.32,Plywood & Engineered Wood Products,1085.535267,NORBORD INDUSTRIES INC,1085.535267,2020,,suppressed,2019,29.9,7,Formaldehyde,21.3,28.6927,34.8,Lowndes,34.8,Formaldehyde
Mississippi,Yalobusha,2020,348,345,3,0,0,0,0,51,42,31,0,0,348,0,0,MS,156,64.3831,53.38,75.3923,60.7533,28161,4,9.234137,40,2,Carbon Monoxide,3.374299,36.54,Airport,6.090187,Water Valley Muni,6.090187,2020,,suppressed,2019,28.0,7,Formaldehyde,20.2,28.6927,34.8,Lowndes,34.8,Formaldehyde
Missouri,Andrew,2020,245,225,20,0,0,0,0,77,49,38,0,0,245,0,0,MO,399,55.1814,44.489,65.8779,45.7319,,,,,,,,,,,,,2020,,suppressed,2019,,,,,20.9357,40.8,Cape Girardeau,40.8,Formaldehyde
Missouri,Boone,2020,244,235,9,0,0,0,0,93,44,33,0,0,244,0,0,MO,399,55.1814,44.489,65.8779,45.7319,29019,7,1876.59389,94,14,Nitrogen Oxides,583.678457,31.1,Electricity Generation via Combustion,738.898923,UNIVERSITY OF MISSOURI POWER PLANT,715.637262,2020,,suppressed,2019,22.1,7,Formaldehyde,14.1,20.9357,40.8,Cape Girardeau,40.8,Formaldehyde
Missouri,Buchanan,2020,365,248,116,1,0,0,0,126,58,42,0,0,0,315,50,MO,399,55.1814,44.489,65.8779,45.7319,29021,7,2711.088639,98,19,Nitrogen Oxides,778.157811,28.7,Ethanol Biorefineries/Soy Biodiesel,1126.126554,EVERGY INC LAKE ROAD GENERATING STATION,896.467905,2020,,suppressed,2019,19.8,7,Formaldehyde,12.3,20.9357,40.8,Cape Girardeau,40.8,Formaldehyde
Missouri,Callaway,2020,245,234,11,0,0,0,0,87,45,35,0,0,245,0,0,MO,399,55.1814,44.489,65.8779,45.7319,29027,7,437.984875,73,9,Carbon Monoxide,153.842288,35.13,Airport,164.666323,Jefferson City Meml,122.211696,2020,,suppressed,2019,21.2,7,Formaldehyde,14.1,20.9357,40.8,Cape Girardeau,40.8,Formaldehyde
Missouri,Cass,2020,362,300,60,2,0,0,0,105,54,39,0,0,171,191,0,MO,399,55.1814,44.489,65.8779,45.7319,29037,7,627.810234,67,8,Nitrogen Oxides,185.724892,29.58,Electricity Generation via Combustion,529.61079,DOGWOOD ENERGY FACILITY,433.646718,2020,,suppressed,2019,20.1,7,Formaldehyde,12.7,20.9357,40.8,Cape Girardeau,40.8,Formaldehyde
Missouri,Cedar,2020,352,277,75,0,0,0,0,99,55,39,0,0,145,207,0,MO,399,55.1814,44.489,65.8779,45.7319,29039,7,278.835205,52,5,Volatile Organic Compounds,62.510286,22.42,Unspecified,264.063128,DAIRICONCEPTS EL DORADO SPRINGS,198.926774,2020,,suppressed,2019,20.6,7,Formaldehyde,13.5,20.9357,40.8,Cape Girardeau,40.8,Formaldehyde
Missouri,Clay,2020,364,287,76,1,0,0,0,101,60,39,0,0,195,169,0,MO,399,55.1814,44.489,65.8779,45.7319,29047,7,3417.61463,87,22,Volatile Organic Compounds,1782.255364,52.15,Automobile/Truck or Parts Plant,2169.302233,FORD MOTOR CO KANSAS CITY ASSEMBLY PLANT,2169.302233,2020,,suppressed,2019,22.7,7,Formaldehyde,13.9,20.9357,40.8,Cape Girardeau,40.8,Formaldehyde
Missouri,Clinton,2020,245,226,19,0,0,0,0,87,48,37,0,0,245,0,0,MO,399,55.1814,44.489,65.8779,45.7319,29049,7,23.59794,40,2,Carbon Monoxide,20.705833,87.74,Airport,23.59794,Cameron Memorial,21.912725,2020,,suppressed,2019,18.6,7,Formaldehyde,11.6,20.9357,40.8,Cape Girardeau,40.8,Formaldehyde
Missouri,Greene,2020,364,268,95,1,0,0,0,116,57,40,0,0,124,234,6,MO,399,55.1814,44.489,65.8779,45.7319,29077,7,4982.492416,110,23,Sulfur Dioxide,1977.280999,39.68,Electricity Generation via Combustion,3830.875855,CITY UTILITIES OF SPRINGFIELD MISSOURI JOHN TWITTY ENERGY CENTER,3491.859661,2020,,suppressed,2019,25.2,7,Formaldehyde,16.5,20.9357,40.8,Cape Girardeau,40.8,Formaldehyde
Missouri,Jackson,2020,366,175,188,2,1,0,0,159,65,51,0,11,0,312,43,MO,399,55.1814,44.489,65.8779,45.7319,29095,7,7828.988556,109,36,Nitrogen Oxides,2735.658941,34.94,Portland Cement Manufacturing,2801.187927,"AUDUBON MATERIALS, LLC SUGAR CREEK PLANT",2801.187927,2020,,suppressed,2019,23.4,7,Formaldehyde,14.3,20.9357,40.8,Cape Girardeau,40.8,Formaldehyde
Missouri,Jasper,2020,366,320,46,0,0,0,0,82,52,35,0,0,212,0,154,MO,399,55.1814,44.489,65.8779,45.7319,29097,7,3108.603799,70,17,Carbon Monoxide,1100.446995,35.4,Electricity Generation via Combustion,1795.507487,EMPIRE DISTRICT ELECTRIC CO STATE LINE FACILITY,1443.723437,2020,,suppressed,2019,23.5,7,Formaldehyde,15.4,20.9357,40.8,Cape Girardeau,40.8,Formaldehyde
Missouri,Jefferson,2020,365,250,113,2,0,0,0,141,59,43,0,0,119,238,8,MO,399,55.1814,44.489,65.8779,45.7319,29099,7,29505.654536,80,17,Sulfur Dioxide,17819.982151,60.4,Electricity Generation via Combustion,23123.157818,AMEREN MISSOURI RUSH ISLAND ENERGY CENTER,23123.157818,2020,,suppressed,2019,25.2,7,Formaldehyde,16.6,20.9357,40.8,Cape Girardeau,40.8,Formaldehyde
Missouri,Lincoln,2020,245,228,16,1,0,0,0,108,48,37,0,0,245,0,0,MO,399,55.1814,44.489,65.8779,45.7319,29113,7,278.264341,45,4,Carbon Monoxide,88.63923,31.85,"Foundries, non-ferrous",125.191981,TOYOTA MOTOR MANUFACTURING MISSOURI INC.,125.191981,2020,,suppressed,2019,21.6,7,Formaldehyde,14.0,20.9357,40.8,Cape Girardeau,40.8,Formaldehyde
Missouri,Monroe,2020,366,360,6,0,0,0,0,84,43,31,0,0,362,0,4,MO,399,55.1814,44.489,65.8779,45.7319,29137,7,6.311372,40,1,Carbon Monoxide,5.670567,89.85,Airport,6.311372,CAPT. BEN SMITH AIRFIELD - MONROE CITY,6.311372,2020,,suppressed,2019,17.8,7,Formaldehyde,11.6,20.9357,40.8,Cape Girardeau,40.8,Formaldehyde
Missouri,Perry,2020,245,231,14,0,0,0,0,97,47,36,0,0,245,0,0,MO,399,55.1814,44.489,65.8779,45.7319,29157,7,497.734081,52,4,Volatile Organic Compounds,429.672116,86.33,Unspecified,313.18904,TNT PLASTICS INC PERRYVILLE,182.450422,2020,,suppressed,2019,23.5,7,Formaldehyde,14.8,20.9357,40.8,Cape Girardeau,40.8,Formaldehyde
Missouri,Saint Charles,2020,245,216,25,4,0,0,0,112,54,39,0,0,245,0,0,MO,399,55.1814,44.489,65.8779,45.7319,,,,,,,,,,,,,2020,,suppressed,2019,,,,,20.9357,40.8,Cape Girardeau,40.8,Formaldehyde
Missouri,Saint Louis,2020,366,246,114,6,0,0,0,144,63,44,0,19,164,183,0,MO,399,55.1814,44.489,65.8779,45.7319,,,,,,,,,,,,,2020,,suppressed,2019,,,,,20.9357,40.8,Cape Girardeau,40.8,Formaldehyde
Missouri,Sainte Genevieve,2020,245,229,16,0,0,0,0,87,46,36,0,0,245,0,0,MO,399,55.1814,44.489,65.8779,45.7319,,,,,,,,,,,,,2020,,suppressed,2019,,,,,20.9357,40.8,Cape Girardeau,40.8,Formaldehyde
Missouri,St. Louis City,2020,366,137,224,4,1,0,0,156,70,54,0,6,64,269,27,MO,399,55.1814,44.489,65.8779,45.7319,29510,7,3785.553342,105,50,Carbon Monoxide,1094.744794,28.92,Unspecified,1186.644207,METROPOLITAN ST. LOUIS SEWER DISTRICT BISSELL POINT WWTP,1129.224509,2020,,suppressed,2019,28.1,7,Formaldehyde,18.0,20.9357,40.8,Cape Girardeau,40.8,Formaldehyde
Missouri,Stoddard,2020,63,54,9,0,0,0,0,66,54,26,0,0,0,63,0,MO,399,55.1814,44.489,65.8779,45.7319,29207,7,767.614255,71,7,Volatile Organic Compounds,245.383262,31.97,Unspecified,526.895583,W. W. WOOD PRODUCTS DUDLEY,329.287268,2020,,suppressed,2019,22.9,7,Formaldehyde,15.2,20.9357,40.8,Cape Girardeau,40.8,Formaldehyde
Missouri,Taney,2020,122,113,9,0,0,0,0,62,48,22,0,0,0,122,0,MO,399,55.1814,44.489,65.8779,45.7319,29213,7,260.586389,76,5,Carbon Monoxide,75.096922,28.82,Unspecified,169.828444,ROYAL OAK ENTERPRISES BRANSON,169.828444,2020,,suppressed,2019,25.2,7,Formaldehyde,16.9,20.9357,40.8,Cape Girardeau,40.8,Formaldehyde
Montana,Cascade,2020,359,314,42,3,0,0,0,115,54,24,0,0,0,359,0,MT,377,43.6411,30.7411,56.5335,22.0224,30013,8,1512.251933,77,21,Volatile Organic Compounds,401.763949,26.57,Petroleum Refinery,606.480341,CALUMET MONTANA REFINING,606.480341,2020,,suppressed,2019,14.7,7,Formaldehyde,7.7,12.4518,18.9,Flathead,18.9,Formaldehyde
Montana,Fergus,2020,366,330,33,1,2,0,0,159,50,39,0,1,307,58,0,MT,377,43.6411,30.7411,56.5335,22.0224,30027,8,110.956907,45,11,Carbon Monoxide,50.373038,45.4,Airport,63.909723,Lewistown Muni,58.211247,2020,,suppressed,2019,10.9,7,Formaldehyde,6.0,12.4518,18.9,Flathead,18.9,Formaldehyde
Montana,Flathead,2020,366,286,72,3,4,1,0,206,59,37,0,0,219,124,23,MT,377,43.6411,30.7411,56.5335,22.0224,30029,8,4668.074878,79,18,Carbon Monoxide,1762.372353,37.75,Plywood & Engineered Wood Products,3868.832516,WEYERHAEUSER-CFALLS,2576.66472,2020,,suppressed,2019,18.9,7,Formaldehyde,11.5,12.4518,18.9,Flathead,18.9,Formaldehyde
Montana,Gallatin,2020,366,290,65,9,2,0,0,162,57,29,1,3,0,362,0,MT,377,43.6411,30.7411,56.5335,22.0224,30031,8,2184.693015,77,19,Nitrogen Oxides,1049.175423,48.02,Portland Cement Manufacturing,1370.702286,TRIDENT,1370.702286,2020,,suppressed,2019,13.2,7,Formaldehyde,7.3,12.4518,18.9,Flathead,18.9,Formaldehyde
Montana,Lake,2020,117,111,3,1,2,0,0,183,27,7,0,0,0,117,0,MT,377,43.6411,30.7411,56.5335,22.0224,30047,8,48.470363,40,3,Carbon Monoxide,43.188143,89.1,Airport,48.470363,Polson,28.255889,2020,,suppressed,2019,15.2,7,Formaldehyde,9.4,12.4518,18.9,Flathead,18.9,Formaldehyde
Montana,Lewis and Clark,2020,366,277,84,1,4,0,0,168,60,42,0,0,230,136,0,MT,377,43.6411,30.7411,56.5335,22.0224,30049,8,232.136862,53,14,Carbon Monoxide,116.942751,50.38,Airport,166.467686,Helena Regional,157.085412,2020,,suppressed,2019,14.5,7,Formaldehyde,8.2,12.4518,18.9,Flathead,18.9,Formaldehyde
Montana,Lincoln,2020,366,175,182,2,4,1,2,403,75,52,0,0,0,364,2,MT,377,43.6411,30.7411,56.5335,22.0224,30053,8,44.21323,44,7,Carbon Monoxide,23.09417,52.23,Airport,26.372421,TROY MINE,16.70707,2020,,suppressed,2019,17.7,7,Formaldehyde,11.2,12.4518,18.9,Flathead,18.9,Formaldehyde
Montana,Missoula,2020,366,155,192,13,6,0,0,185,85,54,0,0,96,270,0,MT,377,43.6411,30.7411,56.5335,22.0224,30063,8,2066.094438,78,10,Carbon Monoxide,414.953602,20.08,Plywood & Engineered Wood Products,1555.585253,ROSEBURG FOREST PRODUCTS,1555.585253,2020,,suppressed,2019,18.6,7,Formaldehyde,11.1,12.4518,18.9,Flathead,18.9,Formaldehyde
Montana,Phillips,2020,366,296,68,2,0,0,0,140,68,36,0,0,252,82,32,MT,377,43.6411,30.7411,56.5335,22.0224,30071,8,72.315343,43,3,Carbon Monoxide,30.01639,41.51,Compressor Station,54.787729,BOWDOIN COMPRESSOR STATION,54.787729,2020,,suppressed,2019,12.5,7,Formaldehyde,6.8,12.4518,18.9,Flathead,18.9,Formaldehyde
Montana,Powder River,2020,350,254,91,3,2,0,0,159,68,41,0,0,195,126,29,MT,377,43.6411,30.7411,56.5335,22.0224,30075,8,95.304796,43,2,Volatile Organic Compounds,63.518366,66.65,Unspecified,88.439059,BELL CREEK CENTRAL FACILITY,88.439059,2020,,suppressed,2019,11.5,7,Formaldehyde,6.7,12.4518,18.9,Flathead,18.9,Formaldehyde
Montana,Powell,2020,33,33,0,0,0,0,0,14,8,3,0,0,0,33,0,MT,377,43.6411,30.7411,56.5335,22.0224,30077,8,348.583251,44,3,Carbon Monoxide,74.486496,21.37,Lumber/Sawmill,326.706965,SUN MOUNTAIN LUMBER,326.706965,2020,,suppressed,2019,12.0,7,Formaldehyde,7.2,12.4518,18.9,Flathead,18.9,Formaldehyde
Montana,Ravalli,2020,361,301,52,3,5,0,0,185,59,15,0,0,0,361,0,MT,377,43.6411,30.7411,56.5335,22.0224,30081,8,186.277461,57,10,Carbon Monoxide,109.471473,58.77,Airport,111.110738,Ravalli County,71.399076,2020,,suppressed,2019,13.7,7,Formaldehyde,8.3,12.4518,18.9,Flathead,18.9,Formaldehyde
Montana,Richland,2020,366,343,23,0,0,0,0,72,47,37,0,0,302,62,2,MT,377,43.6411,30.7411,56.5335,22.0224,30083,8,2414.993489,58,21,Nitrogen Oxides,848.144924,35.12,Unspecified,1050.859062,MDU - LEWIS & CLARK STATION,852.432461,2020,,suppressed,2019,14.4,7,Formaldehyde,7.9,12.4518,18.9,Flathead,18.9,Formaldehyde
Montana,Roosevelt,2020,77,74,3,0,0,0,0,60,34,12,0,0,0,77,0,MT,377,43.6411,30.7411,56.5335,22.0224,30085,8,226.039658,51,6,Nitrogen Oxides,93.857236,41.52,Compressor Station,153.156624,BAINVILLE STATION,140.305,2020,,suppressed,2019,13.2,7,Formaldehyde,7.2,12.4518,18.9,Flathead,18.9,Formaldehyde
Montana,Rosebud,2020,366,321,40,3,2,0,0,154,53,37,0,12,254,61,39,MT,377,43.6411,30.7411,56.5335,22.0224,30087,8,19701.90469,60,5,Nitrogen Oxides,7014.659445,35.6,Electricity Generation via Combustion,16047.665822,COLSTRIP STEAM ELECTRIC STATION,14113.946354,2020,,suppressed,2019,11.4,7,Formaldehyde,6.5,12.4518,18.9,Flathead,18.9,Formaldehyde
Montana,Sanders,2020,366,302,56,1,4,3,0,261,57,31,0,0,0,361,5,MT,377,43.6411,30.7411,56.5335,22.0224,30089,8,137.706935,46,8,Carbon Monoxide,34.174507,24.82,Lumber/Sawmill,54.397222,THOMPSON FALLS SAWMILL,54.397222,2020,,suppressed,2019,17.0,7,Formaldehyde,10.8,12.4518,18.9,Flathead,18.9,Formaldehyde
Montana,Sheridan,2020,107,103,4,0,0,0,0,58,27,13,0,0,0,107,0,MT,377,43.6411,30.7411,56.5335,22.0224,30091,8,34.826099,40,1,Carbon Monoxide,31.051148,89.16,Airport,34.826099,Sher-Wood,34.826099,2020,,suppressed,2019,13.9,7,Formaldehyde,7.3,12.4518,18.9,Flathead,18.9,Formaldehyde
Montana,Silver Bow,2020,366,289,69,5,3,0,0,181,61,22,0,0,0,247,119,MT,377,43.6411,30.7411,56.5335,22.0224,30093,8,2711.463787,61,10,PM10 Primary (Filt + Cond),924.365619,34.09,Mines/Quarries,2373.941447,CONTINENTAL PIT,2373.941447,2020,,suppressed,2019,12.6,7,Formaldehyde,7.3,12.4518,18.9,Flathead,18.9,Formaldehyde
Montana,Yellowstone,2020,364,304,57,2,1,0,0,163,55,31,0,0,0,364,0,MT,377,43.6411,30.7411,56.5335,22.0224,30111,8,11633.401352,86,35,Sulfur Dioxide,4097.95501,35.23,Petroleum Refinery,6167.364073,BILLINGS REFINERY,2163.870211,2020,,suppressed,2019,15.1,7,Formaldehyde,7.7,12.4518,18.9,Flathead,18.9,Formaldehyde
Nebraska,Cass,2020,358,346,12,0,0,0,0,71,32,14,0,0,0,0,358,NE,496,49.6088,36.7728,62.4374,26.7243,31025,7,7540.05243,68,8,Carbon Monoxide,4134.776171,54.84,Portland Cement Manufacturing,7231.559862,Ash Grove Cement Co,7231.559862,2020,,suppressed,2019,16.5,7,Formaldehyde,10.1,14.2086,33.0,Platte,33.0,Formaldehyde
Nebraska,Douglas,2020,366,267,97,1,1,0,0,157,57,42,2,0,133,222,9,NE,496,49.6088,36.7728,62.4374,26.7243,31055,7,13876.917174,90,63,Sulfur Dioxide,5632.667098,40.59,Electricity Generation via Combustion,9744.066008,Omaha Public Power District - North Omaha Power Station,9725.998729,2020,,suppressed,2019,20.4,7,Formaldehyde,11.2,14.2086,33.0,Platte,33.0,Formaldehyde
Nebraska,Hall,2020,338,296,42,0,0,0,0,87,53,26,0,0,0,338,0,NE,496,49.6088,36.7728,62.4374,26.7243,31079,7,1528.504967,104,18,Nitrogen Oxides,615.672056,40.28,Electricity Generation via Combustion,913.663788,Platte Generating Station,908.928487,2020,,suppressed,2019,15.9,7,Formaldehyde,9.6,14.2086,33.0,Platte,33.0,Formaldehyde
Nebraska,Knox,2020,365,341,24,0,0,0,0,84,48,35,0,0,365,0,0,NE,496,49.6088,36.7728,62.4374,26.7243,31107,7,19.589673,51,3,Carbon Monoxide,17.534775,89.51,Airport,19.515621,BLOOMFIELD MUNI,12.408001,2020,,suppressed,2019,13.4,7,Formaldehyde,8.2,14.2086,33.0,Platte,33.0,Formaldehyde
Nebraska,Lancaster,2020,282,261,21,0,0,0,0,77,48,35,0,0,204,78,0,NE,496,49.6088,36.7728,62.4374,26.7243,31109,7,6421.77797,89,15,Nitrogen Oxides,1975.199184,30.76,Electricity Generation via Combustion,3329.684088,NPPD Sheldon Station,3206.95042,2020,,suppressed,2019,19.4,7,Formaldehyde,11.2,14.2086,33.0,Platte,33.0,Formaldehyde
Nebraska,Sarpy,2020,316,227,87,2,0,0,0,149,57,39,0,0,0,316,0,NE,496,49.6088,36.7728,62.4374,26.7243,31153,7,1810.620245,73,21,Nitrogen Oxides,709.669146,39.19,Airport,1037.391872,OFFUTT AFB,1037.391872,2020,,suppressed,2019,19.1,7,Formaldehyde,10.9,14.2086,33.0,Platte,33.0,Formaldehyde
Nebraska,Scotts Bluff,2020,278,170,106,2,0,0,0,122,61,36,0,0,0,278,0,NE,496,49.6088,36.7728,62.4374,26.7243,31157,7,1611.129183,61,10,Nitrogen Oxides,479.842779,29.78,Sugar Mill,1440.061574,Western Sugar Cooperative,1440.061574,2020,,suppressed,2019,12.9,7,Formaldehyde,7.9,14.2086,33.0,Platte,33.0,Formaldehyde
Nebraska,Thomas,2020,115,109,6,0,0,0,0,74,36,14,0,0,0,115,0,NE,496,49.6088,36.7728,62.4374,26.7243,31171,7,5.315738,40,1,Carbon Monoxide,4.758448,89.52,Airport,5.315738,Thomas County,5.315738,2020,,suppressed,2019,12.2,7,Formaldehyde,7.6,14.2086,33.0,Platte,33.0,Formaldehyde
Nebraska,Washington,2020,110,93,17,0,0,0,0,75,53,31,0,0,0,110,0,NE,496,49.6088,36.7728,62.4374,26.7243,31177,7,2019.082077,57,7,Volatile Organic Compounds,651.852096,32.28,Ethanol Biorefineries/Soy Biodiesel,1521.154025,Cargill Inc,1521.154025,2020,,suppressed,2019,16.5,7,Formaldehyde,9.8,14.2086,33.0,Platte,33.0,Formaldehyde
Nevada,Carson City,2020,366,284,62,12,6,2,0,210,71,42,0,0,240,126,0,NV,169,52.0899,37.0944,67.0753,13.8597,32510,9,383.783612,69,20,Carbon Monoxide,251.841638,65.62,Airport,256.851404,Carson,256.845106,2020,100,reported,2019,15.5,7,Formaldehyde,9.7,13.3176,28.1,Washoe,28.1,Formaldehyde
Nevada,Churchill,2020,363,336,25,2,0,0,0,147,50,40,0,0,363,0,0,NV,169,52.0899,37.0944,67.0753,13.8597,32001,9,963.000031,63,23,Volatile Organic Compounds,324.175548,33.66,Unspecified,757.755473,FERNLEY OPERATIONS,186.024713,2020,100,reported,2019,14.0,7,Formaldehyde,9.0,13.3176,28.1,Washoe,28.1,Formaldehyde
Nevada,Clark,2020,366,92,249,22,3,0,0,174,93,65,0,6,205,145,10,NV,169,52.0899,37.0944,67.0753,13.8597,32003,9,17819.169056,84,98,Nitrogen Oxides,4561.490816,25.6,Electricity Generation via Combustion,5416.26589,Mc Carran Intl,2845.423046,2020,100,reported,2019,23.3,7,Formaldehyde,14.4,13.3176,28.1,Washoe,28.1,Formaldehyde
Nevada,Douglas,2020,366,286,63,6,7,4,0,274,64,22,0,0,0,366,0,NV,169,52.0899,37.0944,67.0753,13.8597,32005,9,580.546245,59,12,Carbon Monoxide,288.298039,49.66,Unspecified,300.309714,Minden-Tahoe,280.236531,2020,100,reported,2019,13.7,7,Formaldehyde,8.9,13.3176,28.1,Washoe,28.1,Formaldehyde
Nevada,Elko,2020,363,304,55,1,3,0,0,169,57,30,0,0,133,12,218,NV,169,52.0899,37.0944,67.0753,13.8597,32007,9,1776.251455,69,40,Nitrogen Oxides,855.902837,48.19,Unspecified,1111.22381,PILOT PEAK PLANT,1039.143457,2020,100,reported,2019,10.0,7,Formaldehyde,6.0,13.3176,28.1,Washoe,28.1,Formaldehyde
Nevada,Lyon,2020,356,308,39,5,3,0,1,328,59,38,0,0,302,0,54,NV,169,52.0899,37.0944,67.0753,13.8597,32019,9,3621.45775,71,41,Nitrogen Oxides,2281.126766,62.99,Portland Cement Manufacturing,2415.615834,FERNLEY PLANT,2552.325693,2020,100,reported,2019,13.9,7,Formaldehyde,8.9,13.3176,28.1,Washoe,28.1,Formaldehyde
Nevada,Nye,2020,366,343,20,1,2,0,0,200,40,21,0,0,0,0,366,NV,169,52.0899,37.0944,67.0753,13.8597,32023,9,881.620291,68,33,Nitrogen Oxides,217.936224,24.72,Mineral Processing Plant,417.965628,GABBS PLANT,417.965628,2020,100,reported,2019,12.9,7,Formaldehyde,8.6,13.3176,28.1,Washoe,28.1,Formaldehyde
Nevada,Washoe,2020,366,193,149,11,11,2,0,265,85,50,0,3,217,139,7,NV,169,52.0899,37.0944,67.0753,13.8597,32031,9,907.246712,55,15,Carbon Monoxide,491.622088,54.19,Airport,723.428552,Reno/Tahoe International Airport,572.944153,2020,100,reported,2019,28.1,7,Formaldehyde,16.0,13.3176,28.1,Washoe,28.1,Formaldehyde
Nevada,White Pine,2020,361,294,64,3,0,0,0,136,64,44,0,0,358,3,0,NV,169,52.0899,37.0944,67.0753,13.8597,32033,9,230.405401,54,10,PM10 Primary (Filt + Cond),59.261962,25.72,Unspecified,123.72742,ROBINSON OPERATIONS,101.244221,2020,100,reported,2019,8.1,7,Formaldehyde,4.8,13.3176,28.1,Washoe,28.1,Formaldehyde
New Hampshire,Belknap,2020,359,342,17,0,0,0,0,65,45,32,0,0,168,191,0,NH,78,45.2167,34.5354,55.9042,49.3409,33001,1,137.468728,41,2,Carbon Monoxide,122.330797,88.99,Airport,137.468728,Laconia Muni,136.396381,2020,,suppressed,2019,16.6,7,Formaldehyde,9.8,16.9,20.0,Hillsborough,20.0,Formaldehyde
New Hampshire,Cheshire,2020,366,299,67,0,0,0,0,78,55,37,0,0,173,193,0,NH,78,45.2167,34.5354,55.9042,49.3409,33005,1,115.836599,41,4,Carbon Monoxide,87.566552,75.59,Airport,108.489599,Dillant-Hopkins,99.15851,2020,,suppressed,2019,17.0,7,Formaldehyde,10.1,16.9,20.0,Hillsborough,20.0,Formaldehyde
New Hampshire,Coos,2020,366,339,27,0,0,0,0,74,50,43,0,0,366,0,0,NH,78,45.2167,34.5354,55.9042,49.3409,33007,1,882.503341,88,10,Carbon Monoxide,270.107566,30.61,Electricity Generation via Combustion,459.379642,BURGESS BIOPOWER,451.545608,2020,,suppressed,2019,13.3,7,Formaldehyde,7.6,16.9,20.0,Hillsborough,20.0,Formaldehyde
New Hampshire,Grafton,2020,366,344,22,0,0,0,0,70,45,35,0,0,269,97,0,NH,78,45.2167,34.5354,55.9042,49.3409,33009,1,1426.581938,88,13,Carbon Monoxide,601.567214,42.17,Electricity Generation via Combustion,653.465331,BRIDGEWATER POWER COMPANY,480.786295,2020,,suppressed,2019,15.4,7,Formaldehyde,8.9,16.9,20.0,Hillsborough,20.0,Formaldehyde
New Hampshire,Hillsborough,2020,366,351,15,0,0,0,0,90,46,37,0,0,337,29,0,NH,78,45.2167,34.5354,55.9042,49.3409,33011,1,1141.543512,80,21,Carbon Monoxide,552.648277,48.41,Airport,742.512848,Manchester,504.265065,2020,,suppressed,2019,20.0,7,Formaldehyde,11.9,16.9,20.0,Hillsborough,20.0,Formaldehyde
New Hampshire,Merrimack,2020,213,209,4,0,0,0,0,74,44,38,0,0,213,0,0,NH,78,45.2167,34.5354,55.9042,49.3409,33013,1,898.414869,67,9,Nitrogen Oxides,461.688592,51.39,Municipal Waste Combustor,370.181632,WHEELABRATOR CONCORD COMPANY LP,370.181632,2020,,suppressed,2019,17.7,7,Formaldehyde,10.6,16.9,20.0,Hillsborough,20.0,Formaldehyde
New Hampshire,Rockingham,2020,366,296,70,0,0,0,0,90,56,41,0,0,201,165,0,NH,78,45.2167,34.5354,55.9042,49.3409,33015,1,1592.102259,90,14,Carbon Monoxide,778.179174,48.88,Electricity Generation via Combustion,839.719333,GRANITE RIDGE ENERGY LLC,613.724364,2020,,suppressed,2019,19.4,7,Formaldehyde,11.5,16.9,20.0,Hillsborough,20.0,Formaldehyde
New Jersey,Atlantic,2020,359,286,73,0,0,0,0,90,55,37,0,0,170,189,0,NJ,129,54.0594,44.4,63.7313,51.2035,34001,2,921.374366,66,15,Carbon Monoxide,348.259323,37.8,Airport,510.864953,Atlantic City Internati,451.295647,2020,,suppressed,2019,19.5,7,Formaldehyde,12.1,23.8333,30.3,Middlesex,30.3,Formaldehyde
New Jersey,Bergen,2020,364,228,133,3,0,0,0,119,63,43,3,45,120,196,0,NJ,129,54.0594,44.4,63.7313,51.2035,34003,2,1458.746987,79,48,Carbon Monoxide,363.473156,24.92,Electricity Generation via Combustion,377.881274,PSEG Bergen Generating Station,359.648393,2020,,suppressed,2019,26.4,7,Formaldehyde,15.1,23.8333,30.3,Middlesex,30.3,Formaldehyde
New Jersey,Camden,2020,366,219,147,0,0,0,0,87,63,46,0,4,126,236,0,NJ,129,54.0594,44.4,63.7313,51.2035,34007,2,1512.616853,73,31,Nitrogen Oxides,492.876174,32.58,Municipal Waste Combustor,605.546795,Camden County Energy Recovery Associates L.P.,605.546795,2020,,suppressed,2019,25.3,7,Formaldehyde,15.0,23.8333,30.3,Middlesex,30.3,Formaldehyde
New Jersey,Cumberland,2020,365,251,114,0,0,0,0,72,57,44,0,3,130,232,0,NJ,129,54.0594,44.4,63.7313,51.2035,34011,2,1680.5932,69,22,Nitrogen Oxides,441.754342,26.29,Glass Plant,716.017785,Ardagh Glass Inc.,465.572946,2020,,suppressed,2019,20.8,7,Formaldehyde,13.0,23.8333,30.3,Middlesex,30.3,Formaldehyde
New Jersey,Essex,2020,366,226,139,1,0,0,0,127,62,44,1,28,118,219,0,NJ,129,54.0594,44.4,63.7313,51.2035,34013,2,6682.97796,72,46,Nitrogen Oxides,2646.058393,39.59,Airport,4188.70443,Newark Liberty Intl,3972.791046,2020,,suppressed,2019,27.2,7,Formaldehyde,15.5,23.8333,30.3,Middlesex,30.3,Formaldehyde
New Jersey,Gloucester,2020,253,223,29,1,0,0,0,101,54,38,0,0,192,61,0,NJ,129,54.0594,44.4,63.7313,51.2035,34015,2,4573.150678,99,36,Nitrogen Oxides,1398.853995,30.59,Electricity Generation via Combustion,1804.309393,Paulsboro Refining Company LLC,1514.84518,2020,,suppressed,2019,23.6,7,Formaldehyde,14.1,23.8333,30.3,Middlesex,30.3,Formaldehyde
New Jersey,Hudson,2020,366,259,107,0,0,0,0,90,59,39,0,51,136,179,0,NJ,129,54.0594,44.4,63.7313,51.2035,34017,2,1359.317138,61,29,Volatile Organic Compounds,704.962773,51.86,Unspecified,685.419624,IMTT-Bayonne LLC,608.76038,2020,,suppressed,2019,27.9,7,Formaldehyde,15.9,23.8333,30.3,Middlesex,30.3,Formaldehyde
New Jersey,Hunterdon,2020,364,265,99,0,0,0,0,87,57,41,0,0,169,195,0,NJ,129,54.0594,44.4,63.7313,51.2035,34019,2,354.259074,70,11,Carbon Monoxide,198.58522,56.06,Airport,191.16583,ExxonMobil Research and Engineering Co.,85.085998,2020,,suppressed,2019,22.4,7,Formaldehyde,13.1,23.8333,30.3,Middlesex,30.3,Formaldehyde
New Jersey,Mercer,2020,366,262,101,3,0,0,0,112,58,42,0,0,182,184,0,NJ,129,54.0594,44.4,63.7313,51.2035,34021,2,877.827206,68,20,Carbon Monoxide,430.612767,49.05,Airport,374.473534,Trenton Mercer,301.975396,2020,,suppressed,2019,24.5,7,Formaldehyde,14.2,23.8333,30.3,Middlesex,30.3,Formaldehyde
New Jersey,Middlesex,2020,366,257,108,1,0,0,0,112,58,41,0,6,155,205,0,NJ,129,54.0594,44.4,63.7313,51.2035,34023,2,5480.333616,100,87,Volatile Organic Compounds,1600.476832,29.2,Electricity Generation via Combustion,1430.453538,CMC New Jersey,900.70234,2020,,suppressed,2019,30.3,7,Formaldehyde,14.4,23.8333,30.3,Middlesex,30.3,Formaldehyde
New Jersey,Monmouth,2020,226,209,17,0,0,0,0,93,48,37,0,0,226,0,0,NJ,129,54.0594,44.4,63.7313,51.2035,34025,2,576.164573,67,17,Carbon Monoxide,200.707851,34.84,Airport,188.237206,Monmouth Executive,188.237206,2020,,suppressed,2019,22.0,7,Formaldehyde,13.0,23.8333,30.3,Middlesex,30.3,Formaldehyde
New Jersey,Morris,2020,366,341,25,0,0,0,0,84,48,35,0,8,334,24,0,NJ,129,54.0594,44.4,63.7313,51.2035,34027,2,595.748471,77,29,Carbon Monoxide,357.359188,59.98,Airport,321.0595,Morristown Muni,224.070673,2020,,suppressed,2019,22.6,7,Formaldehyde,13.5,23.8333,30.3,Middlesex,30.3,Formaldehyde
New Jersey,Ocean,2020,356,290,66,0,0,0,0,84,55,38,0,0,154,202,0,NJ,129,54.0594,44.4,63.7313,51.2035,34029,2,1788.588795,70,19,Carbon Monoxide,813.464449,45.48,Airport,795.285346,LAKEHURST NAES /MAXFIELD FIELD,644.513393,2020,,suppressed,2019,21.0,7,Formaldehyde,12.7,23.8333,30.3,Middlesex,30.3,Formaldehyde
New Jersey,Passaic,2020,262,245,17,0,0,0,0,100,47,37,0,0,243,19,0,NJ,129,54.0594,44.4,63.7313,51.2035,34031,2,256.611327,61,28,Volatile Organic Compounds,113.999814,44.43,Unspecified,142.147413,Stone Industries Inc. - Asphalt Plants,53.005491,2020,,suppressed,2019,25.5,7,Formaldehyde,14.7,23.8333,30.3,Middlesex,30.3,Formaldehyde
New Jersey,Union,2020,366,198,167,1,0,0,0,111,61,48,2,42,0,322,0,NJ,129,54.0594,44.4,63.7313,51.2035,34039,2,6089.85948,94,45,Nitrogen Oxides,2449.309264,40.22,Petroleum Refinery,2487.912204,Phillips 66 Bayway Refinery,2487.912204,2020,,suppressed,2019,28.4,7,Formaldehyde,14.9,23.8333,30.3,Middlesex,30.3,Formaldehyde
New Jersey,Warren,2020,361,287,74,0,0,0,0,100,56,38,0,23,136,202,0,NJ,129,54.0594,44.4,63.7313,51.2035,34041,2,524.143727,71,12,Carbon Monoxide,180.255479,34.39,Food Products Processing Plant,126.17987,"Mars Wrigley Confectionery US, LLC",126.17987,2020,,suppressed,2019,21.3,7,Formaldehyde,12.7,23.8333,30.3,Middlesex,30.3,Formaldehyde
New Mexico,Bernalillo,2020,366,105,252,7,1,1,0,214,78,57,0,0,169,132,65,NM,377,54.6885,38.8792,70.4992,13.6556,35001,6,4412.900064,88,34,Nitrogen Oxides,1528.544454,34.64,Portland Cement Manufacturing,1453.785622,GCC RIO GRANDE,1453.785622,2020,12,reported,2019,21.9,7,Formaldehyde,11.6,14.0212,26.4,Dona Ana,26.4,Formaldehyde
New Mexico,Catron,2020,115,109,6,0,0,0,0,81,41,13,0,0,0,115,0,NM,377,54.6885,38.8792,70.4992,13.6556,35003,6,1.477479,40,8,Carbon Monoxide,1.329493,89.98,Airport,1.477479,Reserve,0.735578,2020,12,reported,2019,9.8,7,Formaldehyde,6.2,14.0212,26.4,Dona Ana,26.4,Formaldehyde
New Mexico,Chaves,2020,119,108,11,0,0,0,0,78,49,23,0,0,0,119,0,NM,377,54.6885,38.8792,70.4992,13.6556,35005,6,2308.188041,74,39,Nitrogen Oxides,953.937957,41.33,Compressor Station,1441.464158,Roswell Compressor Station No9,586.417582,2020,12,reported,2019,18.6,7,Formaldehyde,12.0,14.0212,26.4,Dona Ana,26.4,Formaldehyde
New Mexico,Dona Ana,2020,366,144,201,15,3,1,2,389,88,54,0,5,209,82,70,NM,377,54.6885,38.8792,70.4992,13.6556,,,,,,,,,,,,,2020,12,reported,2019,,,,,14.0212,26.4,Dona Ana,26.4,Formaldehyde
New Mexico,Eddy,2020,364,244,109,11,0,0,0,115,80,46,0,0,352,12,0,NM,377,54.6885,38.8792,70.4992,13.6556,35015,6,41958.83027,86,1162,Volatile Organic Compounds,18770.069014,44.73,Unspecified,34102.792035,HF Sinclair Navajo Refining LLC (Artesia),1910.811096,2020,12,reported,2019,21.8,7,Formaldehyde,12.9,14.0212,26.4,Dona Ana,26.4,Formaldehyde
New Mexico,Lea,2020,366,310,56,0,0,0,0,79,54,40,0,5,282,79,0,NM,377,54.6885,38.8792,70.4992,13.6556,35025,6,48455.173607,83,1020,Volatile Organic Compounds,19413.669857,40.07,Unspecified,33602.180587,Eunice Gas Plant,1866.267775,2020,12,reported,2019,19.7,7,Formaldehyde,12.3,14.0212,26.4,Dona Ana,26.4,Formaldehyde
New Mexico,Lincoln,2020,115,113,2,0,0,0,0,57,37,14,0,0,0,115,0,NM,377,54.6885,38.8792,70.4992,13.6556,35027,6,644.802575,50,7,Nitrogen Oxides,354.623661,55.0,Compressor Station,533.322127,Corona Compressor Station,420.420172,2020,12,reported,2019,10.3,7,Formaldehyde,6.7,14.0212,26.4,Dona Ana,26.4,Formaldehyde
New Mexico,Los Alamos,2020,117,113,4,0,0,0,0,58,25,13,0,0,0,117,0,NM,377,54.6885,38.8792,70.4992,13.6556,35028,6,887.483601,75,5,PM Condensible,768.65934,86.61,Military Base,837.33028,Los Alamos National Laboratory,837.32875,2020,12,reported,2019,11.0,7,Formaldehyde,6.9,14.0212,26.4,Dona Ana,26.4,Formaldehyde
New Mexico,Luna,2020,354,335,18,0,0,0,1,353,40,19,0,0,0,0,354,NM,377,54.6885,38.8792,70.4992,13.6556,35029,6,1165.274817,59,8,Nitrogen Oxides,479.617163,41.16,Electricity Generation via Combustion,449.013489,Luna Energy Center,449.013489,2020,12,reported,2019,15.9,7,Formaldehyde,10.3,14.0212,26.4,Dona Ana,26.4,Formaldehyde
New Mexico,Rio Arriba,2020,362,313,49,0,0,0,0,90,54,44,0,0,361,1,0,NM,377,54.6885,38.8792,70.4992,13.6556,35039,6,6439.839898,61,87,Carbon Monoxide,2235.187042,34.71,Compressor Station,3208.962357,Trunk L Compressor Station,543.241977,2020,12,reported,2019,11.9,7,Formaldehyde,7.5,14.0212,26.4,Dona Ana,26.4,Formaldehyde
New Mexico,San Juan,2020,366,265,96,5,0,0,0,109,64,45,0,0,364,0,2,NM,377,54.6885,38.8792,70.4992,13.6556,35045,6,34730.248751,83,201,Nitrogen Oxides,14304.355816,41.19,Electricity Generation via Combustion,15711.677592,San Juan Generating Station,15594.363441,2020,12,reported,2019,17.0,7,Formaldehyde,10.9,14.0212,26.4,Dona Ana,26.4,Formaldehyde
New Mexico,Sandoval,2020,358,271,82,5,0,0,0,119,61,44,0,0,358,0,0,NM,377,54.6885,38.8792,70.4992,13.6556,35043,6,2214.236932,59,59,Volatile Organic Compounds,1226.074,55.37,Unspecified,2087.805323,Enduring - South Escavada 352H,187.242169,2020,12,reported,2019,18.1,7,Formaldehyde,10.1,14.0212,26.4,Dona Ana,26.4,Formaldehyde
New Mexico,Santa Fe,2020,366,287,78,1,0,0,0,101,58,44,0,0,333,33,0,NM,377,54.6885,38.8792,70.4992,13.6556,35049,6,272.493039,47,5,Carbon Monoxide,166.226713,61.0,Airport,235.711182,Santa Fe Muni,215.797434,2020,12,reported,2019,14.2,7,Formaldehyde,8.3,14.0212,26.4,Dona Ana,26.4,Formaldehyde
New Mexico,Socorro,2020,111,107,4,0,0,0,0,56,37,14,0,0,0,111,0,NM,377,54.6885,38.8792,70.4992,13.6556,35053,6,18.239086,40,2,Carbon Monoxide,15.512974,85.05,Airport,18.239086,Socorro Muni,15.481524,2020,12,reported,2019,12.2,7,Formaldehyde,7.9,14.0212,26.4,Dona Ana,26.4,Formaldehyde
New Mexico,Taos,2020,360,310,50,0,0,0,0,68,53,27,0,0,0,360,0,NM,377,54.6885,38.8792,70.4992,13.6556,35055,6,52.175232,41,4,PM10 Primary (Filt + Cond),23.983772,45.97,Airport,26.490848,Taos Rgnl,25.816633,2020,12,reported,2019,10.9,7,Formaldehyde,6.9,14.0212,26.4,Dona Ana,26.4,Formaldehyde
New Mexico,Valencia,2020,359,283,74,2,0,0,0,105,61,44,0,0,359,0,0,NM,377,54.6885,38.8792,70.4992,13.6556,35061,6,849.238552,57,13,Nitrogen Oxides,361.021474,42.51,Unspecified,338.982009,Black Rock - Bonita Pit,316.80024,2020,12,reported,2019,15.2,7,Formaldehyde,9.5,14.0212,26.4,Dona Ana,26.4,Formaldehyde
New York,Albany,2020,365,235,127,3,0,0,0,143,60,42,0,0,115,250,0,NY,277,47.7978,38.1847,57.4,44.8332,36001,2,5579.112799,119,24,Carbon Monoxide,1759.894386,31.54,Portland Cement Manufacturing,1694.609129,LAFARGE BUILDING MATERIALS INC,1694.609129,2020,13,reported,2019,19.7,7,Formaldehyde,11.5,17.6661,31.0,New York,31.0,Formaldehyde
New York,Bronx,2020,366,229,136,1,0,0,0,108,64,45,0,15,122,229,0,NY,277,47.7978,38.1847,57.4,44.8332,36005,2,741.32016,61,11,Nitrogen Oxides,366.07478,49.38,Unspecified,497.057642,RIVERBAY CORP-CO-OP CITY,306.231246,2020,13,reported,2019,29.4,7,Formaldehyde,16.8,17.6661,31.0,New York,31.0,Formaldehyde
New York,Chautauqua,2020,363,332,31,0,0,0,0,93,49,36,0,0,337,26,0,NY,277,47.7978,38.1847,57.4,44.8332,36013,2,665.854281,78,17,Carbon Monoxide,307.285916,46.15,Landfill,242.547033,CHAUTAUQUA COUNTY LANDFILL,242.547033,2020,13,reported,2019,15.5,7,Formaldehyde,9.1,17.6661,31.0,New York,31.0,Formaldehyde
New York,Dutchess,2020,331,322,9,0,0,0,0,87,45,35,0,0,331,0,0,NY,277,47.7978,38.1847,57.4,44.8332,36027,2,1182.856097,84,9,Carbon Monoxide,406.933625,34.4,Electricity Generation via Combustion,465.840391,Cricket Valley Energy Center,465.840391,2020,13,reported,2019,20.1,7,Formaldehyde,12.3,17.6661,31.0,New York,31.0,Formaldehyde
New York,Erie,2020,366,278,86,0,2,0,0,157,57,41,0,2,160,204,0,NY,277,47.7978,38.1847,57.4,44.8332,36029,2,4176.279796,132,50,Carbon Monoxide,1741.615136,41.7,Airport,875.088845,LUVATA BUFFALO INC,688.873855,2020,13,reported,2019,17.7,7,Formaldehyde,9.9,17.6661,31.0,New York,31.0,Formaldehyde
New York,Essex,2020,365,344,21,0,0,0,0,80,48,39,0,0,349,16,0,NY,277,47.7978,38.1847,57.4,44.8332,36031,2,2219.869123,106,6,Carbon Monoxide,593.867052,26.75,Pulp and Paper Plant,2143.14466,INTERNATIONAL PAPER TICONDEROGA MILL,2143.14466,2020,13,reported,2019,13.5,7,Formaldehyde,7.8,17.6661,31.0,New York,31.0,Formaldehyde
New York,Hamilton,2020,357,354,3,0,0,0,0,54,44,34,0,0,357,0,0,NY,277,47.7978,38.1847,57.4,44.8332,36041,2,17.963658,40,3,Carbon Monoxide,15.26581,84.98,Airport,17.963658,Piseco,11.039432,2020,13,reported,2019,12.2,7,Formaldehyde,6.9,17.6661,31.0,New York,31.0,Formaldehyde
New York,Jefferson,2020,360,345,15,0,0,0,0,90,44,33,0,0,360,0,0,NY,277,47.7978,38.1847,57.4,44.8332,36045,2,1429.757962,94,11,Nitrogen Oxides,527.741478,36.91,Electricity Generation via Combustion,736.761543,BLACK RIVER GENERATION LLC,729.357739,2020,13,reported,2019,14.6,7,Formaldehyde,8.5,17.6661,31.0,New York,31.0,Formaldehyde
New York,Kings,2020,365,300,65,0,0,0,0,80,55,30,0,0,0,365,0,NY,277,47.7978,38.1847,57.4,44.8332,36047,2,1504.876259,83,27,Nitrogen Oxides,694.787859,46.17,Electricity Generation via Combustion,565.419898,STARRETT CITY POWER PLANT,268.49621,2020,13,reported,2019,28.7,7,Formaldehyde,15.7,17.6661,31.0,New York,31.0,Formaldehyde
New York,Monroe,2020,366,275,91,0,0,0,0,81,58,41,0,0,172,194,0,NY,277,47.7978,38.1847,57.4,44.8332,36055,2,2240.547415,111,25,Carbon Monoxide,897.776006,40.07,Landfill,1029.089861,HIGH ACRES LANDFILL & RECYCLING CENTER,671.300141,2020,13,reported,2019,17.5,7,Formaldehyde,9.8,17.6661,31.0,New York,31.0,Formaldehyde
New York,Nassau,2020,361,317,44,0,0,0,0,75,52,27,0,0,0,361,0,NY,277,47.7978,38.1847,57.4,44.8332,36059,2,4451.65996,70,21,Nitrogen Oxides,2457.858135,55.21,Electricity Generation via Combustion,2299.810976,EF BARRETT POWER STATION,1777.456691,2020,13,reported,2019,22.6,7,Formaldehyde,13.2,17.6661,31.0,New York,31.0,Formaldehyde
New York,New York,2020,366,258,107,1,0,0,0,108,61,40,2,0,174,190,0,NY,277,47.7978,38.1847,57.4,44.8332,36061,2,3606.741795,71,16,Nitrogen Oxides,1527.464731,42.35,Electricity Generation via Combustion,2452.525303,CON ED-EAST RIVER GENERATING STATION,1832.577623,2020,13,reported,2019,31.0,7,Formaldehyde,17.4,17.6661,31.0,New York,31.0,Formaldehyde
New York,Niagara,2020,359,340,19,0,0,0,0,87,46,34,0,0,359,0,0,NY,277,47.7978,38.1847,57.4,44.8332,36063,2,3024.234128,107,33,Nitrogen Oxides,1231.004393,40.7,Electricity Generation via Combustion,1414.476377,COVANTA NIAGARA LP,961.249623,2020,13,reported,2019,17.2,7,Formaldehyde,9.7,17.6661,31.0,New York,31.0,Formaldehyde
New York,Oneida,2020,349,324,25,0,0,0,0,81,48,21,0,0,0,349,0,NY,277,47.7978,38.1847,57.4,44.8332,36065,2,399.7425,81,13,Carbon Monoxide,194.569969,48.67,Unspecified,168.246173,WM Oneida Herkimer Renewable Energy Facility,167.327583,2020,13,reported,2019,15.5,7,Formaldehyde,8.9,17.6661,31.0,New York,31.0,Formaldehyde
New York,Onondaga,2020,364,300,64,0,0,0,0,74,54,37,0,0,210,154,0,NY,277,47.7978,38.1847,57.4,44.8332,36067,2,2583.658893,93,22,Nitrogen Oxides,1297.423648,50.22,Unspecified,711.670539,ONONDAGA CO RESOURCE RECOVERY FACILITY,680.706507,2020,13,reported,2019,17.7,7,Formaldehyde,10.1,17.6661,31.0,New York,31.0,Formaldehyde
New York,Orange,2020,366,307,59,0,0,0,0,97,54,38,0,0,208,158,0,NY,277,47.7978,38.1847,57.4,44.8332,36071,2,2204.979615,71,24,Carbon Monoxide,737.441621,33.44,Airport,650.128214,REVERE SMELTING & REFINING CORP,496.501483,2020,13,reported,2019,19.5,7,Formaldehyde,11.9,17.6661,31.0,New York,31.0,Formaldehyde
New York,Oswego,2020,359,349,10,0,0,0,0,58,44,33,0,0,359,0,0,NY,277,47.7978,38.1847,57.4,44.8332,36075,2,1974.877644,86,8,Nitrogen Oxides,641.559495,32.49,Electricity Generation via Combustion,1073.487961,INDEPENDENCE STATION,813.531595,2020,13,reported,2019,15.1,7,Formaldehyde,8.9,17.6661,31.0,New York,31.0,Formaldehyde
New York,Putnam,2020,314,308,6,0,0,0,0,64,44,33,0,0,314,0,0,NY,277,47.7978,38.1847,57.4,44.8332,36079,2,130.614792,53,2,Nitrogen Oxides,37.066728,28.38,Compressor Station,129.765292,ALGONQUIN GAS SOUTHEAST COMPRESSOR STATION,129.765292,2020,13,reported,2019,19.9,7,Formaldehyde,12.3,17.6661,31.0,New York,31.0,Formaldehyde
New York,Queens,2020,366,258,105,3,0,0,0,140,64,43,0,25,170,171,0,NY,277,47.7978,38.1847,57.4,44.8332,36081,2,9379.854514,108,22,Nitrogen Oxides,3401.337812,36.26,Airport,5170.014071,John F Kennedy Intl,3613.133374,2020,13,reported,2019,27.7,7,Formaldehyde,15.7,17.6661,31.0,New York,31.0,Formaldehyde
New York,Richmond,2020,364,280,82,2,0,0,0,108,57,39,0,0,175,189,0,NY,277,47.7978,38.1847,57.4,44.8332,36085,2,1012.548011,98,3,Carbon Monoxide,427.365928,42.21,Electricity Generation via Combustion,952.602375,ARTHUR KILL GENERATING STATION,933.499341,2020,13,reported,2019,25.5,7,Formaldehyde,13.9,17.6661,31.0,New York,31.0,Formaldehyde
New York,Rockland,2020,366,319,47,0,0,0,0,93,53,36,0,0,251,115,0,NY,277,47.7978,38.1847,57.4,44.8332,36087,2,1020.444757,62,8,Nitrogen Oxides,529.140406,51.85,Electricity Generation via Combustion,764.439509,BOWLINE POINT GENERATING STATION,763.328695,2020,13,reported,2019,22.1,7,Formaldehyde,13.2,17.6661,31.0,New York,31.0,Formaldehyde
New York,Saratoga,2020,319,315,4,0,0,0,0,61,44,33,0,0,319,0,0,NY,277,47.7978,38.1847,57.4,44.8332,36091,2,775.416668,92,14,Carbon Monoxide,256.931921,33.13,"Plastic, Resin, Rubber or Syn Fiber Manuf Plant",327.596278,MOMENTIVE PERFORMANCE MATERIALS,327.596278,2020,13,reported,2019,18.5,7,Formaldehyde,10.6,17.6661,31.0,New York,31.0,Formaldehyde
New York,Steuben,2020,365,330,35,0,0,0,0,81,49,36,0,0,249,116,0,NY,277,47.7978,38.1847,57.4,44.8332,36101,2,1226.870526,86,10,Carbon Monoxide,407.784594,33.24,Unspecified,648.76807,CORNING DIESEL MANUFACTURING FACILITY,443.708062,2020,13,reported,2019,14.7,7,Formaldehyde,8.7,17.6661,31.0,New York,31.0,Formaldehyde
New York,Suffolk,2020,366,282,78,6,0,0,0,133,63,40,0,0,248,118,0,NY,277,47.7978,38.1847,57.4,44.8332,36103,2,8032.575477,98,54,Carbon Monoxide,3355.284334,41.77,Electricity Generation via Combustion,4721.903581,NORTHPORT POWER STATION,2840.157158,2020,13,reported,2019,18.8,7,Formaldehyde,11.0,17.6661,31.0,New York,31.0,Formaldehyde
New York,Tompkins,2020,364,359,5,0,0,0,0,64,44,34,0,0,364,0,0,NY,277,47.7978,38.1847,57.4,44.8332,36109,2,307.480927,96,7,Carbon Monoxide,128.448411,41.77,"Institutional (school, hospital, prison, etc.)",128.847994,CORNELL UNIVERSITY MAIN CAMPUS,128.847994,2020,13,reported,2019,16.3,7,Formaldehyde,9.3,17.6661,31.0,New York,31.0,Formaldehyde
New York,Wayne,2020,327,305,22,0,0,0,0,80,46,34,0,0,327,0,0,NY,277,47.7978,38.1847,57.4,44.8332,36117,2,649.99966,79,7,Volatile Organic Compounds,558.966608,85.99,Printing/Publishing Facility,488.27078,PLIANT CORPORATION,488.27078,2020,13,reported,2019,15.3,7,Formaldehyde,8.9,17.6661,31.0,New York,31.0,Formaldehyde
New York,Westchester,2020,363,305,57,1,0,0,0,105,55,38,0,0,253,110,0,NY,277,47.7978,38.1847,57.4,44.8332,36119,2,2052.274459,67,12,Nitrogen Oxides,1197.339481,58.34,Municipal Waste Combustor,1126.640302,WHEELABRATOR WESTCHESTER LP,1126.640302,2020,13,reported,2019,25.9,7,Formaldehyde,15.6,17.6661,31.0,New York,31.0,Formaldehyde
North Carolina,Alexander,2020,300,297,3,0,0,0,0,54,45,33,0,0,243,0,57,NC,376,59.5506,48.691,70.4036,53.3995,37003,4,218.1912,48,4,Volatile Organic Compounds,189.899742,87.03,Unspecified,194.796887,"Shurtape Technologies, LLC - Stony Point Plant",159.738167,2020,17,reported,2019,25.2,7,Formaldehyde,17.3,24.003,31.3,Mecklenburg,31.3,Formaldehyde
North Carolina,Avery,2020,366,350,16,0,0,0,0,80,47,38,0,0,352,14,0,NC,376,59.5506,48.691,70.4036,53.3995,37011,4,40.63714,54,3,Carbon Monoxide,26.206787,64.49,Airport,37.226314,Avery County/Morrison F,24.60998,2020,17,reported,2019,18.3,7,Formaldehyde,12.9,24.003,31.3,Mecklenburg,31.3,Formaldehyde
North Carolina,Buncombe,2020,363,329,34,0,0,0,0,97,50,34,0,0,154,209,0,NC,376,59.5506,48.691,70.4036,53.3995,37021,4,1890.661659,111,19,Nitrogen Oxides,620.662138,32.83,Unspecified,682.446874,"Duke Energy Progress , Inc. - Asheville Steam Electric Plant",548.470392,2020,17,reported,2019,23.2,7,Formaldehyde,16.0,24.003,31.3,Mecklenburg,31.3,Formaldehyde
North Carolina,Caldwell,2020,243,243,0,0,0,0,0,50,44,34,0,0,243,0,0,NC,376,59.5506,48.691,70.4036,53.3995,37027,4,1086.041023,98,13,Volatile Organic Compounds,697.225273,64.2,Unspecified,926.843473,"Automated Solutions, LLC",356.470159,2020,17,reported,2019,25.7,7,Formaldehyde,17.4,24.003,31.3,Mecklenburg,31.3,Formaldehyde
North Carolina,Carteret,2020,362,359,3,0,0,0,0,61,43,34,0,0,362,0,0,NC,376,59.5506,48.691,70.4036,53.3995,37031,4,212.515289,48,6,Carbon Monoxide,131.645704,61.95,Airport,176.204993,Michael J. Smith Field,171.242067,2020,17,reported,2019,17.0,7,Formaldehyde,11.5,24.003,31.3,Mecklenburg,31.3,Formaldehyde
North Carolina,Caswell,2020,354,349,5,0,0,0,0,61,44,31,0,0,241,0,113,NC,376,59.5506,48.691,70.4036,53.3995,37033,4,0.459479,40,1,Carbon Monoxide,0.412751,89.83,Airport,0.459479,CASWELL,0.459479,2020,17,reported,2019,25.6,7,Formaldehyde,17.8,24.003,31.3,Mecklenburg,31.3,Formaldehyde
North Carolina,Catawba,2020,357,247,110,0,0,0,0,95,58,42,0,0,0,357,0,NC,376,59.5506,48.691,70.4036,53.3995,37035,4,14100.495491,124,26,Nitrogen Oxides,6363.188802,45.13,Electricity Generation via Combustion,12009.626632,"Duke Energy Carolinas, LLC - Marshall Steam Station",12009.626632,2020,17,reported,2019,29.0,7,Formaldehyde,19.0,24.003,31.3,Mecklenburg,31.3,Formaldehyde
North Carolina,Cumberland,2020,363,280,83,0,0,0,0,83,56,39,0,0,120,240,3,NC,376,59.5506,48.691,70.4036,53.3995,37051,4,4188.986916,108,16,Carbon Monoxide,1152.156193,27.5,Airport,2077.653123,Pope Air Force Base,1898.654804,2020,17,reported,2019,27.1,7,Formaldehyde,18.8,24.003,31.3,Mecklenburg,31.3,Formaldehyde
North Carolina,Davidson,2020,329,206,123,0,0,0,0,96,60,43,0,0,0,329,0,NC,376,59.5506,48.691,70.4036,53.3995,37057,4,2296.255402,94,13,Nitrogen Oxides,752.873917,32.79,Glass Plant,1133.779276,Owens-Brockway Glass Container Inc.,928.274228,2020,17,reported,2019,28.0,7,Formaldehyde,19.1,24.003,31.3,Mecklenburg,31.3,Formaldehyde
North Carolina,Durham,2020,366,203,163,0,0,0,0,97,60,48,0,0,64,302,0,NC,376,59.5506,48.691,70.4036,53.3995,37063,4,295.160377,81,8,Carbon Monoxide,122.525069,41.51,"Institutional (school, hospital, prison, etc.)",169.648806,Duke University,169.648806,2020,17,reported,2019,29.5,7,Formaldehyde,20.3,24.003,31.3,Mecklenburg,31.3,Formaldehyde
North Carolina,Edgecombe,2020,336,287,49,0,0,0,0,95,53,35,0,0,135,201,0,NC,376,59.5506,48.691,70.4036,53.3995,37065,4,530.634781,62,7,Volatile Organic Compounds,323.652158,60.99,Unspecified,234.204603,Comfort Research - Tarboro,173.113274,2020,17,reported,2019,23.1,7,Formaldehyde,15.6,24.003,31.3,Mecklenburg,31.3,Formaldehyde
North Carolina,Forsyth,2020,366,233,133,0,0,0,0,97,60,45,0,2,113,251,0,NC,376,59.5506,48.691,70.4036,53.3995,37067,4,3157.300411,97,24,Volatile Organic Compounds,1156.168617,36.62,Unspecified,1477.800967,Ingredion Incorporated - Winston-Salem,1094.353395,2020,17,reported,2019,27.6,7,Formaldehyde,18.8,24.003,31.3,Mecklenburg,31.3,Formaldehyde
North Carolina,Graham,2020,238,223,15,0,0,0,0,97,49,40,0,0,238,0,0,NC,376,59.5506,48.691,70.4036,53.3995,,,,,,,,,,,,,2020,17,reported,2019,,,,,24.003,31.3,Mecklenburg,31.3,Formaldehyde
North Carolina,Granville,2020,238,237,1,0,0,0,0,51,46,36,0,0,238,0,0,NC,376,59.5506,48.691,70.4036,53.3995,37077,4,1072.56756,89,4,Volatile Organic Compounds,245.474949,22.89,Hot Mix Asphalt Plant,754.39201,CertainTeed Corporation,754.39201,2020,17,reported,2019,26.8,7,Formaldehyde,18.5,24.003,31.3,Mecklenburg,31.3,Formaldehyde
North Carolina,Guilford,2020,365,288,77,0,0,0,0,88,55,40,0,0,147,214,4,NC,376,59.5506,48.691,70.4036,53.3995,37081,4,2951.153115,110,60,Volatile Organic Compounds,1956.909079,66.31,Unspecified,1572.425531,Colonial Pipeline Company,506.743545,2020,17,reported,2019,28.2,7,Formaldehyde,19.0,24.003,31.3,Mecklenburg,31.3,Formaldehyde
North Carolina,Haywood,2020,272,244,28,0,0,0,0,93,51,41,0,0,242,30,0,NC,376,59.5506,48.691,70.4036,53.3995,37087,4,9308.758267,99,2,Nitrogen Oxides,2927.88,31.45,Pulp and Paper Plant,9295.289229,Blue Ridge Paper Products LLC,9295.289229,2020,17,reported,2019,20.2,7,Formaldehyde,14.0,24.003,31.3,Mecklenburg,31.3,Formaldehyde
North Carolina,Hyde,2020,114,108,6,0,0,0,0,58,37,21,0,0,0,114,0,NC,376,59.5506,48.691,70.4036,53.3995,37095,4,41.914134,52,3,Carbon Monoxide,30.13483,71.9,Airport,39.400779,Ocracoke Island,20.077006,2020,17,reported,2019,16.7,7,Formaldehyde,11.2,24.003,31.3,Mecklenburg,31.3,Formaldehyde
North Carolina,Jackson,2020,111,96,15,0,0,0,0,71,52,32,0,0,0,111,0,NC,376,59.5506,48.691,70.4036,53.3995,37099,4,478.807048,84,3,Carbon Monoxide,146.860817,30.67,Pulp and Paper Plant,443.450459,Jackson Paper Manufacturing Company,443.450459,2020,17,reported,2019,20.2,7,Formaldehyde,14.1,24.003,31.3,Mecklenburg,31.3,Formaldehyde
North Carolina,Johnston,2020,339,266,73,0,0,0,0,75,55,39,0,0,136,203,0,NC,376,59.5506,48.691,70.4036,53.3995,37101,4,916.582437,90,13,Carbon Monoxide,269.621948,29.42,Lumber/Sawmill,399.800093,Lampe & Malphrus Lumber Company,399.800093,2020,17,reported,2019,24.9,7,Formaldehyde,17.1,24.003,31.3,Mecklenburg,31.3,Formaldehyde
North Carolina,Lenoir,2020,296,290,6,0,0,0,0,58,45,32,0,0,238,0,58,NC,376,59.5506,48.691,70.4036,53.3995,37107,4,548.944448,82,6,Volatile Organic Compounds,246.863301,44.97,Unspecified,310.590329,Kinston Rgnl Jetport At,234.85792,2020,17,reported,2019,21.8,7,Formaldehyde,14.8,24.003,31.3,Mecklenburg,31.3,Formaldehyde
North Carolina,Lincoln,2020,243,241,2,0,0,0,0,71,45,35,0,0,243,0,0,NC,376,59.5506,48.691,70.4036,53.3995,37109,4,286.923828,79,9,Carbon Monoxide,124.081484,43.25,Airport,116.9685,Lincolnton-Lincoln Coun,116.9685,2020,17,reported,2019,27.9,7,Formaldehyde,19.2,24.003,31.3,Mecklenburg,31.3,Formaldehyde
North Carolina,Macon,2020,360,358,2,0,0,0,0,64,41,29,0,0,360,0,0,NC,376,59.5506,48.691,70.4036,53.3995,37113,4,45.004098,40,1,Carbon Monoxide,37.886271,84.18,Airport,45.004098,Macon County,45.004098,2020,17,reported,2019,21.8,7,Formaldehyde,15.3,24.003,31.3,Mecklenburg,31.3,Formaldehyde
North Carolina,Martin,2020,240,240,0,0,0,0,0,49,42,33,0,0,240,0,0,NC,376,59.5506,48.691,70.4036,53.3995,37117,4,9174.591447,100,3,Carbon Monoxide,3918.125099,42.71,Pulp and Paper Plant,8667.929904,"Domtar Paper Company, LLC",8667.929904,2020,17,reported,2019,22.1,7,Formaldehyde,15.2,24.003,31.3,Mecklenburg,31.3,Formaldehyde
North Carolina,Mecklenburg,2020,366,213,151,2,0,0,0,112,59,46,0,0,119,247,0,NC,376,59.5506,48.691,70.4036,53.3995,37119,4,5790.983932,70,27,Carbon Monoxide,2652.54625,45.8,Airport,3483.797982,Charlotte/Douglas Intl,3454.999366,2020,17,reported,2019,31.3,7,Formaldehyde,21.4,24.003,31.3,Mecklenburg,31.3,Formaldehyde
North Carolina,Mitchell,2020,356,328,27,1,0,0,0,103,48,26,0,0,0,356,0,NC,376,59.5506,48.691,70.4036,53.3995,37121,4,84.222068,38,4,Volatile Organic Compounds,33.34,39.59,"Foundries, non-ferrous",44.950093,"BRP US, Inc.",44.950093,2020,17,reported,2019,19.5,7,Formaldehyde,13.7,24.003,31.3,Mecklenburg,31.3,Formaldehyde
North Carolina,Montgomery,2020,366,281,85,0,0,0,0,85,55,40,0,0,107,259,0,NC,376,59.5506,48.691,70.4036,53.3995,37123,4,3227.331272,93,9,Volatile Organic Compounds,1454.29161,45.06,Lumber/Sawmill,1375.180407,"Unilin Flooring, N.V.",1319.566112,2020,17,reported,2019,29.0,7,Formaldehyde,20.7,24.003,31.3,Mecklenburg,31.3,Formaldehyde
North Carolina,New Hanover,2020,357,328,29,0,0,0,0,77,48,34,0,0,210,147,0,NC,376,59.5506,48.691,70.4036,53.3995,37129,4,3030.858502,91,16,Nitrogen Oxides,1060.282473,34.98,Electricity Generation via Combustion,1265.496464,"Duke Energy Progress, LLC - L.V. Sutton Electric Plant",1265.496464,2020,17,reported,2019,20.7,7,Formaldehyde,13.9,24.003,31.3,Mecklenburg,31.3,Formaldehyde
North Carolina,Northampton,2020,360,303,57,0,0,0,0,90,53,29,0,41,0,319,0,NC,376,59.5506,48.691,70.4036,53.3995,37131,4,1559.206808,45,5,Volatile Organic Compounds,695.16,44.58,Unspecified,809.921046,"Enviva Pellets, LLC - Northampton Plant",809.921046,2020,17,reported,2019,24.5,7,Formaldehyde,16.6,24.003,31.3,Mecklenburg,31.3,Formaldehyde
North Carolina,Person,2020,240,240,0,0,0,0,0,50,44,34,0,0,240,0,0,NC,376,59.5506,48.691,70.4036,53.3995,37145,4,14444.181815,112,8,Sulfur Dioxide,5522.041077,38.23,Electricity Generation via Combustion,13308.355492,"Duke Energy Progress, LLC - Roxboro Steam Electric Plant",8094.219103,2020,17,reported,2019,25.6,7,Formaldehyde,17.9,24.003,31.3,Mecklenburg,31.3,Formaldehyde
North Carolina,Pitt,2020,361,313,48,0,0,0,0,95,52,36,0,0,152,209,0,NC,376,59.5506,48.691,70.4036,53.3995,37147,4,1074.766095,75,9,Volatile Organic Compounds,553.705631,51.52,Lumber/Sawmill,632.59212,Weyerhaeuser NR Company - Grifton,632.59212,2020,17,reported,2019,22.5,7,Formaldehyde,15.1,24.003,31.3,Mecklenburg,31.3,Formaldehyde
North Carolina,Rockingham,2020,243,238,5,0,0,0,0,54,47,36,0,0,243,0,0,NC,376,59.5506,48.691,70.4036,53.3995,37157,4,3879.170553,97,11,Nitrogen Oxides,1884.966642,48.59,Compressor Station,2057.262739,"Transcontinental Gas Pipe Line Company, LLC - Station 160",2057.262739,2020,17,reported,2019,26.6,7,Formaldehyde,18.6,24.003,31.3,Mecklenburg,31.3,Formaldehyde
North Carolina,Rowan,2020,365,253,112,0,0,0,0,90,57,43,0,0,160,205,0,NC,376,59.5506,48.691,70.4036,53.3995,37159,4,4239.004636,112,19,Nitrogen Oxides,1012.230381,23.88,Unspecified,2371.984979,Carolina Stalite Company,1556.775745,2020,17,reported,2019,28.3,7,Formaldehyde,19.1,24.003,31.3,Mecklenburg,31.3,Formaldehyde
North Carolina,Swain,2020,362,301,60,1,0,0,0,119,53,38,0,0,136,226,0,NC,376,59.5506,48.691,70.4036,53.3995,37173,4,4.59548,40,1,Carbon Monoxide,4.128734,89.84,Airport,4.59548,SOSSAMON FIELD,4.59548,2020,17,reported,2019,20.3,7,Formaldehyde,14.2,24.003,31.3,Mecklenburg,31.3,Formaldehyde
North Carolina,Union,2020,242,242,0,0,0,0,0,50,44,31,0,0,242,0,0,NC,376,59.5506,48.691,70.4036,53.3995,37179,4,986.631841,57,14,Volatile Organic Compounds,413.895448,41.95,Unspecified,540.900882,Darling Ingredients Inc. dba Bakery Feeds,251.289505,2020,17,reported,2019,28.6,7,Formaldehyde,20.0,24.003,31.3,Mecklenburg,31.3,Formaldehyde
North Carolina,Wake,2020,365,222,142,1,0,0,0,101,61,46,1,1,94,269,0,NC,376,59.5506,48.691,70.4036,53.3995,37183,4,2766.955874,98,25,Carbon Monoxide,1023.05647,36.97,Unspecified,1175.332261,Raleigh-Durham Intl,830.748297,2020,17,reported,2019,28.3,7,Formaldehyde,19.3,24.003,31.3,Mecklenburg,31.3,Formaldehyde
North Carolina,Yancey,2020,244,204,39,1,0,0,0,105,58,44,0,0,244,0,0,NC,376,59.5506,48.691,70.4036,53.3995,37199,4,0.665,3,1,Manganese,0.47,70.68,Unspecified,0.665,"Altec Industries, Inc. - Burnsville Facility",0.665,2020,17,reported,2019,19.1,7,Formaldehyde,13.4,24.003,31.3,Mecklenburg,31.3,Formaldehyde
North Dakota,Billings,2020,366,346,20,0,0,0,0,65,46,35,0,0,307,59,0,ND,117,41.1679,29.8119,52.5286,19.7533,38007,8,472.191,3,1,Sulfur Dioxide,434.0,91.91,Gas Plant,472.191,"Petro-Hunt, L.L.C. - Little Knife Gas Plant",472.191,2020,,suppressed,2019,12.6,7,Formaldehyde,6.9,14.0302,26.7,McKenzie,26.7,Formaldehyde
North Dakota,Burke,2020,366,340,26,0,0,0,0,73,47,35,0,0,244,119,3,ND,117,41.1679,29.8119,52.5286,19.7533,38013,8,222.462112,49,3,Sulfur Dioxide,116.934347,52.56,Gas Plant,220.99164,Steel Reef Burke LLC - Lignite Gas Plant,220.99164,2020,,suppressed,2019,16.8,7,Formaldehyde,7.8,14.0302,26.7,McKenzie,26.7,Formaldehyde
North Dakota,Burleigh,2020,366,302,64,0,0,0,0,77,55,37,0,2,146,216,2,ND,117,41.1679,29.8119,52.5286,19.7533,38015,8,139.383184,42,1,Carbon Monoxide,89.9608,64.54,Airport,139.383184,Bismarck Muni,139.383184,2020,,suppressed,2019,15.9,7,Formaldehyde,7.9,14.0302,26.7,McKenzie,26.7,Formaldehyde
North Dakota,Cass,2020,363,303,60,0,0,0,0,80,53,37,0,6,188,169,0,ND,117,41.1679,29.8119,52.5286,19.7533,38017,8,2819.704532,56,17,Carbon Monoxide,438.292024,15.54,Food Products Processing Plant,973.683064,"Cargill, Inc. - Cargill Oilseeds Processing",973.683064,2020,,suppressed,2019,18.7,7,Formaldehyde,9.2,14.0302,26.7,McKenzie,26.7,Formaldehyde
North Dakota,Dunn,2020,366,347,19,0,0,0,0,62,46,34,0,0,311,55,0,ND,117,41.1679,29.8119,52.5286,19.7533,38025,8,217.987379,43,2,Nitrogen Oxides,109.98925,50.46,Compressor Station,211.400593,Northern Border Pipeline Company - Manning Compressor Station,211.400593,2020,,suppressed,2019,18.0,7,Formaldehyde,9.4,14.0302,26.7,McKenzie,26.7,Formaldehyde
North Dakota,McKenzie,2020,363,346,17,0,0,0,0,66,44,34,0,1,306,56,0,ND,117,41.1679,29.8119,52.5286,19.7533,38053,8,2567.859182,66,10,Volatile Organic Compounds,752.229611,29.29,Unspecified,1863.107037,Oasis Midstream - Wild Basin Gas Processing,603.878,2020,,suppressed,2019,26.7,7,Formaldehyde,13.0,14.0302,26.7,McKenzie,26.7,Formaldehyde
North Dakota,Mercer,2020,366,328,38,0,0,0,0,78,51,36,0,4,241,121,0,ND,117,41.1679,29.8119,52.5286,19.7533,38057,8,68608.918598,68,6,Sulfur Dioxide,30680.251312,44.72,Electricity Generation via Combustion,45833.015893,Dakota Gasification Company - Great Plains Synfuels Plant,22765.291591,2020,,suppressed,2019,13.6,7,Formaldehyde,7.5,14.0302,26.7,McKenzie,26.7,Formaldehyde
North Dakota,Oliver,2020,366,330,36,0,0,0,0,74,50,36,0,0,273,93,0,ND,117,41.1679,29.8119,52.5286,19.7533,38065,8,13385.576832,27,1,Nitrogen Oxides,8558.5,63.94,Electricity Generation via Combustion,13385.576832,"Minnkota Power Cooperative, Inc. - Milton R. Young Station",13385.576832,2020,,suppressed,2019,13.4,7,Formaldehyde,7.2,14.0302,26.7,McKenzie,26.7,Formaldehyde
North Dakota,Ward,2020,366,344,22,0,0,0,0,73,44,35,0,1,253,112,0,ND,117,41.1679,29.8119,52.5286,19.7533,38101,8,756.611031,49,7,Carbon Monoxide,323.636131,42.77,Airport,679.957932,Minot AFB,508.578686,2020,,suppressed,2019,16.0,7,Formaldehyde,7.8,14.0302,26.7,McKenzie,26.7,Formaldehyde
Ohio,Adams,2020,287,215,72,0,0,0,0,83,55,39,0,0,0,287,0,OH,232,51.9893,41.8845,62.0922,43.1627,39001,5,508.784496,43,4,Nitrogen Oxides,357.475092,70.26,Unspecified,466.429667,General Electric Aircraft Engines: Peebles Facility (0701000001),466.429667,2020,19,reported,2019,20.3,7,Formaldehyde,13.6,19.3273,27.7,Lawrence,27.7,Formaldehyde
Ohio,Allen,2020,360,289,70,1,0,0,0,105,57,40,0,0,202,158,0,OH,232,51.9893,41.8845,62.0922,43.1627,39003,5,8811.372007,77,31,Nitrogen Oxides,2297.534151,26.07,Fertilizer Plant,3494.632499,"PCS Nitrogen Ohio, L.P. (0302020370)",3494.632499,2020,19,reported,2019,17.7,7,Formaldehyde,10.6,19.3273,27.7,Lawrence,27.7,Formaldehyde
Ohio,Ashtabula,2020,241,224,17,0,0,0,0,93,47,37,0,0,241,0,0,OH,232,51.9893,41.8845,62.0922,43.1627,39007,5,48728.301506,70,30,Carbon Monoxide,43072.605103,88.39,Chemical Plant,48189.223252,"INEOS Pigments USA Inc., Ashtabula Complex Plant 2 (0204010193)",30637.439301,2020,19,reported,2019,16.9,7,Formaldehyde,9.9,19.3273,27.7,Lawrence,27.7,Formaldehyde
Ohio,Athens,2020,86,73,13,0,0,0,0,65,52,32,0,0,0,86,0,OH,232,51.9893,41.8845,62.0922,43.1627,39009,5,2500.010841,58,5,Nitrogen Oxides,1730.07075,69.2,Compressor Station,2225.183387,Kinder Morgan Tennessee Gas Pipeline Station 204 (0605000020),1844.401446,2020,19,reported,2019,22.4,7,Formaldehyde,14.7,19.3273,27.7,Lawrence,27.7,Formaldehyde
Ohio,Belmont,2020,366,347,19,0,0,0,0,69,40,13,0,274,0,87,5,OH,232,51.9893,41.8845,62.0922,43.1627,39013,5,224.695837,60,6,Volatile Organic Compounds,84.904619,37.79,Unspecified,81.185883,"Summit Midstream Utica, LLC-Thatcher Compressor Station (0607115005)",81.185883,2020,19,reported,2019,22.9,7,Formaldehyde,13.5,19.3273,27.7,Lawrence,27.7,Formaldehyde
Ohio,Butler,2020,366,279,84,3,0,0,0,126,61,41,0,0,286,78,2,OH,232,51.9893,41.8845,62.0922,43.1627,39017,5,26382.328143,88,46,Carbon Monoxide,15875.328805,60.17,Steel Mill,22370.633716,Cleveland-Cliffs Steel Corporation (1409010006),22370.633716,2020,19,reported,2019,22.4,7,Formaldehyde,13.9,19.3273,27.7,Lawrence,27.7,Formaldehyde
Ohio,Clark,2020,343,218,124,1,0,0,0,108,61,44,0,0,145,198,0,OH,232,51.9893,41.8845,62.0922,43.1627,39023,5,304.372348,63,14,Volatile Organic Compounds,118.087441,38.8,Unspecified,85.530048,Springfield-Beckley Mun,75.538165,2020,19,reported,2019,19.3,7,Formaldehyde,11.8,19.3273,27.7,Lawrence,27.7,Formaldehyde
Ohio,Clermont,2020,361,296,65,0,0,0,0,100,54,39,0,0,171,190,0,OH,232,51.9893,41.8845,62.0922,43.1627,39025,5,19506.870339,62,13,Sulfur Dioxide,9626.489168,49.35,Electricity Generation via Combustion,19245.288588,Zimmer Power Company LLC (1413090154),19245.288588,2020,19,reported,2019,22.3,7,Formaldehyde,14.2,19.3273,27.7,Lawrence,27.7,Formaldehyde
Ohio,Clinton,2020,229,205,24,0,0,0,0,97,54,39,0,0,229,0,0,OH,232,51.9893,41.8845,62.0922,43.1627,39027,5,373.496622,52,8,Carbon Monoxide,207.206351,55.48,Airport,368.227974,Airborne Airpark,267.207284,2020,19,reported,2019,19.3,7,Formaldehyde,12.3,19.3273,27.7,Lawrence,27.7,Formaldehyde
Ohio,Columbiana,2020,48,48,0,0,0,0,0,31,20,10,0,0,0,0,48,OH,232,51.9893,41.8845,62.0922,43.1627,39029,5,564.400777,148,16,Carbon Monoxide,122.954314,21.78,Unspecified,395.221954,Heritage Thermal Services (0215020233),269.512902,2020,19,reported,2019,19.3,7,Formaldehyde,11.5,19.3273,27.7,Lawrence,27.7,Formaldehyde
Ohio,Cuyahoga,2020,366,148,208,9,1,0,0,152,70,54,0,0,95,267,4,OH,232,51.9893,41.8845,62.0922,43.1627,39035,5,22658.738937,82,116,Carbon Monoxide,16439.465944,72.55,Steel Mill,19413.842511,Cleveland-Cliffs Cleveland Works LLC (1318001613),18113.640194,2020,19,reported,2019,20.6,7,Formaldehyde,12.3,19.3273,27.7,Lawrence,27.7,Formaldehyde
Ohio,Delaware,2020,244,222,21,1,0,0,0,101,50,38,0,0,244,0,0,OH,232,51.9893,41.8845,62.0922,43.1627,39041,5,330.619453,65,10,Carbon Monoxide,140.811221,42.59,Airport,133.001874,Liberty Casting Co (0121010003),128.681901,2020,19,reported,2019,19.9,7,Formaldehyde,11.9,19.3273,27.7,Lawrence,27.7,Formaldehyde
Ohio,Fayette,2020,341,318,23,0,0,0,0,80,49,35,0,0,341,0,0,OH,232,51.9893,41.8845,62.0922,43.1627,39047,5,726.970008,63,12,Carbon Monoxide,226.486224,31.15,Ethanol Biorefineries/Soy Biodiesel,320.152007,"Valero Renewable Fuels Company, LLC (0124000132)",320.152007,2020,19,reported,2019,18.5,7,Formaldehyde,11.6,19.3273,27.7,Lawrence,27.7,Formaldehyde
Ohio,Franklin,2020,366,232,132,2,0,0,0,102,61,45,0,3,131,232,0,OH,232,51.9893,41.8845,62.0922,43.1627,39049,5,4120.07101,90,70,Carbon Monoxide,1336.125581,32.43,Airport,1235.253043,Amsted Rail - Columbus Plant (0125100987),542.742689,2020,19,reported,2019,21.8,7,Formaldehyde,13.0,19.3273,27.7,Lawrence,27.7,Formaldehyde
Ohio,Geauga,2020,245,214,31,0,0,0,0,100,61,41,0,0,245,0,0,OH,232,51.9893,41.8845,62.0922,43.1627,39055,5,144.262291,53,9,Carbon Monoxide,62.589596,43.39,Hot Mix Asphalt Plant,54.030418,Cuyahoga Asphalt Materials Plant 5101 (0228002002),54.030418,2020,19,reported,2019,18.0,7,Formaldehyde,10.8,19.3273,27.7,Lawrence,27.7,Formaldehyde
Ohio,Greene,2020,245,220,25,0,0,0,0,93,51,39,0,0,245,0,0,OH,232,51.9893,41.8845,62.0922,43.1627,39057,5,1955.897082,60,12,Nitrogen Oxides,634.415096,32.44,Portland Cement Manufacturing,1640.793641,Fairborn Cement Company LLC (0829700165),1640.793641,2020,19,reported,2019,20.7,7,Formaldehyde,12.9,19.3273,27.7,Lawrence,27.7,Formaldehyde
Ohio,Hamilton,2020,366,105,254,7,0,0,0,126,71,55,0,4,69,293,0,OH,232,51.9893,41.8845,62.0922,43.1627,39061,5,33375.242305,108,101,Sulfur Dioxide,16875.35335,50.56,Electricity Generation via Combustion,30029.895744,Miami Fort Power Company LLC (1431350093),30029.895744,2020,19,reported,2019,24.5,7,Formaldehyde,15.3,19.3273,27.7,Lawrence,27.7,Formaldehyde
Ohio,Harrison,2020,304,295,9,0,0,0,0,56,30,1,259,0,0,41,4,OH,232,51.9893,41.8845,62.0922,43.1627,39067,5,1299.979201,84,6,Volatile Organic Compounds,351.982633,27.08,Gas Plant,469.887244,MarkWest Hopedale Fractionation Facility (0634005042),469.887244,2020,19,reported,2019,19.7,7,Formaldehyde,12.2,19.3273,27.7,Lawrence,27.7,Formaldehyde
Ohio,Jefferson,2020,359,263,95,1,0,0,0,112,61,42,0,0,159,199,1,OH,232,51.9893,41.8845,62.0922,43.1627,39081,5,24404.500694,62,9,Sulfur Dioxide,11650.569261,47.74,Electricity Generation via Combustion,23047.106151,Cardinal Power Plant (Cardinal Operating Company) (0641050002),17224.054692,2020,19,reported,2019,22.3,7,Formaldehyde,13.1,19.3273,27.7,Lawrence,27.7,Formaldehyde
Ohio,Knox,2020,245,226,19,0,0,0,0,80,49,38,0,0,245,0,0,OH,232,51.9893,41.8845,62.0922,43.1627,39083,5,375.887483,59,12,Carbon Monoxide,157.084711,41.79,Mineral Wool Plant,221.432424,OWENS CORNING (0142010065),221.432424,2020,19,reported,2019,17.9,7,Formaldehyde,11.0,19.3273,27.7,Lawrence,27.7,Formaldehyde
Ohio,Lake,2020,366,296,64,6,0,0,0,140,57,40,0,0,173,191,2,OH,232,51.9893,41.8845,62.0922,43.1627,39085,5,2062.229226,77,38,Carbon Monoxide,968.946465,46.99,Mineral Processing Plant,788.807256,"Carmeuse Lime, Inc - Grand River Operations (0243030257)",788.807256,2020,19,reported,2019,19.0,7,Formaldehyde,11.3,19.3273,27.7,Lawrence,27.7,Formaldehyde
Ohio,Lawrence,2020,354,279,75,0,0,0,0,77,56,40,0,0,149,205,0,OH,232,51.9893,41.8845,62.0922,43.1627,39087,5,1416.487892,59,6,Nitrogen Oxides,321.477903,22.7,Electricity Generation via Combustion,1220.650395,"Hanging Rock Power Company, LLC (0744000150)",1220.650395,2020,19,reported,2019,27.7,7,Formaldehyde,18.4,19.3273,27.7,Lawrence,27.7,Formaldehyde
Ohio,Licking,2020,245,230,15,0,0,0,0,77,48,37,0,0,245,0,0,OH,232,51.9893,41.8845,62.0922,43.1627,39089,5,2326.720396,73,26,Carbon Monoxide,357.545132,15.37,Mineral Wool Plant,1252.281139,"Owens Corning Insulating Systems, LLC (0145020185)",1252.281139,2020,19,reported,2019,20.1,7,Formaldehyde,12.3,19.3273,27.7,Lawrence,27.7,Formaldehyde
Ohio,Lorain,2020,358,289,68,0,1,0,0,155,55,39,0,0,136,222,0,OH,232,51.9893,41.8845,62.0922,43.1627,39093,5,4029.042812,136,37,Carbon Monoxide,1308.728687,32.48,Electricity Generation via Combustion,2814.120162,Avon Lake Power Plant (0247030013),1754.578757,2020,19,reported,2019,18.3,7,Formaldehyde,11.0,19.3273,27.7,Lawrence,27.7,Formaldehyde
Ohio,Lucas,2020,354,250,96,8,0,0,0,136,65,42,0,0,156,198,0,OH,232,51.9893,41.8845,62.0922,43.1627,39095,5,14684.860907,94,59,Nitrogen Oxides,3285.365855,22.37,Petroleum Refinery,5924.789593,"Walleye Power, LLC, Bay Shore Plant (0448020006)",3860.701755,2020,19,reported,2019,18.3,7,Formaldehyde,10.8,19.3273,27.7,Lawrence,27.7,Formaldehyde
Ohio,Madison,2020,245,220,25,0,0,0,0,84,51,39,0,0,245,0,0,OH,232,51.9893,41.8845,62.0922,43.1627,39097,5,252.772543,48,5,Carbon Monoxide,144.617714,57.21,Airport,155.99999,Madison County,155.99999,2020,19,reported,2019,18.1,7,Formaldehyde,11.2,19.3273,27.7,Lawrence,27.7,Formaldehyde
Ohio,Mahoning,2020,365,251,113,1,0,0,0,142,58,43,0,0,92,273,0,OH,232,51.9893,41.8845,62.0922,43.1627,39099,5,4765.418774,101,27,Carbon Monoxide,3076.961594,64.57,Unspecified,2570.791338,"Spectrum Metal Finishing, Inc. (0250110100)",2066.109688,2020,19,reported,2019,19.9,7,Formaldehyde,11.7,19.3273,27.7,Lawrence,27.7,Formaldehyde
Ohio,Medina,2020,360,280,80,0,0,0,0,93,56,38,0,0,145,215,0,OH,232,51.9893,41.8845,62.0922,43.1627,39103,5,1360.912258,77,24,Carbon Monoxide,593.82393,43.63,Airport,594.171535,"Owens Corning Roofing and Asphalt, LLC (1652050040)",364.130884,2020,19,reported,2019,18.3,7,Formaldehyde,10.9,19.3273,27.7,Lawrence,27.7,Formaldehyde
Ohio,Miami,2020,229,217,12,0,0,0,0,93,49,39,0,0,229,0,0,OH,232,51.9893,41.8845,62.0922,43.1627,39109,5,452.008421,61,24,Volatile Organic Compounds,106.460622,23.55,Unspecified,395.180116,Hobart Brothers Company - Trade Square (0855140007),128.567412,2020,19,reported,2019,18.7,7,Formaldehyde,11.4,19.3273,27.7,Lawrence,27.7,Formaldehyde
Ohio,Montgomery,2020,361,177,180,4,0,0,0,112,67,51,0,0,109,252,0,OH,232,51.9893,41.8845,62.0922,43.1627,39113,5,3141.42282,78,55,Nitrogen Oxides,812.103587,25.85,Electricity Generation via Combustion,1194.130847,Tait Electric Generating Station (0857043334),806.691451,2020,19,reported,2019,21.3,7,Formaldehyde,13.1,19.3273,27.7,Lawrence,27.7,Formaldehyde
Ohio,Noble,2020,356,331,25,0,0,0,0,87,47,36,0,0,333,23,0,OH,232,51.9893,41.8845,62.0922,43.1627,39121,5,153.318199,61,4,Nitrogen Oxides,53.763479,35.07,Compressor Station,101.675742,Rockies Express Pipeline - Seneca Compressor Station (0661005020),51.693316,2020,19,reported,2019,21.0,7,Formaldehyde,13.5,19.3273,27.7,Lawrence,27.7,Formaldehyde
Ohio,Portage,2020,262,226,35,1,0,0,0,101,58,40,0,0,233,29,0,OH,232,51.9893,41.8845,62.0922,43.1627,39133,5,1388.121182,77,32,Volatile Organic Compounds,387.953136,27.95,Unspecified,1159.190717,General Aluminum (1667070012),252.303106,2020,19,reported,2019,19.2,7,Formaldehyde,11.5,19.3273,27.7,Lawrence,27.7,Formaldehyde
Ohio,Preble,2020,366,262,103,1,0,0,0,101,58,42,0,0,174,192,0,OH,232,51.9893,41.8845,62.0922,43.1627,39135,5,118.471533,62,7,Volatile Organic Compounds,54.584455,46.07,Landfill,58.214968,PREBLE COUNTY SANITARY LANDFILL (0868030186),58.214968,2020,19,reported,2019,18.3,7,Formaldehyde,11.4,19.3273,27.7,Lawrence,27.7,Formaldehyde
Ohio,Scioto,2020,366,347,19,0,0,0,0,93,39,14,0,0,0,96,270,OH,232,51.9893,41.8845,62.0922,43.1627,39145,5,4263.640734,63,9,Sulfur Dioxide,1531.776256,35.93,Coke Battery,3119.725919,Haverhill Coke Company LLC (0773000182),3119.725919,2020,19,reported,2019,23.6,7,Formaldehyde,15.9,19.3273,27.7,Lawrence,27.7,Formaldehyde
Ohio,Stark,2020,358,202,152,4,0,0,0,119,65,47,0,0,110,248,0,OH,232,51.9893,41.8845,62.0922,43.1627,39151,5,5179.222008,97,53,Carbon Monoxide,1628.702875,31.45,Steel Mill,2471.409389,Republic Steel (1576050694),1099.99332,2020,19,reported,2019,19.8,7,Formaldehyde,11.8,19.3273,27.7,Lawrence,27.7,Formaldehyde
Ohio,Summit,2020,361,193,165,3,0,0,0,114,63,48,0,0,68,293,0,OH,232,51.9893,41.8845,62.0922,43.1627,39153,5,1407.1313,102,51,Carbon Monoxide,621.664087,44.18,Airport,571.933582,Kent State Univ,224.032333,2020,19,reported,2019,19.8,7,Formaldehyde,11.8,19.3273,27.7,Lawrence,27.7,Formaldehyde
Ohio,Trumbull,2020,357,280,74,2,1,0,0,154,57,40,0,0,186,171,0,OH,232,51.9893,41.8845,62.0922,43.1627,39155,5,3608.712723,70,27,Nitrogen Oxides,916.556476,25.4,Coke Battery,1715.098994,Cleveland-Cliffs Warren (0278000648),1715.098994,2020,19,reported,2019,19.8,7,Formaldehyde,11.5,19.3273,27.7,Lawrence,27.7,Formaldehyde
Ohio,Warren,2020,361,248,109,4,0,0,0,115,61,44,0,0,162,199,0,OH,232,51.9893,41.8845,62.0922,43.1627,39165,5,2161.473917,64,28,Nitrogen Oxides,848.58182,39.26,Compressor Station,1111.817677,Eastern Gas Transmission and Storage - Lebanon Station (1483000144),701.707902,2020,19,reported,2019,22.0,7,Formaldehyde,13.7,19.3273,27.7,Lawrence,27.7,Formaldehyde
Ohio,Washington,2020,245,233,11,1,0,0,0,108,48,38,0,0,245,0,0,OH,232,51.9893,41.8845,62.0922,43.1627,39167,5,9468.865841,68,18,Sulfur Dioxide,1981.278054,20.92,Ferroalloy Plant,4658.07337,Globe Metallurgical Inc. (0684000105),3572.36191,2020,19,reported,2019,24.4,7,Formaldehyde,15.4,19.3273,27.7,Lawrence,27.7,Formaldehyde
Ohio,Wood,2020,229,216,13,0,0,0,0,80,46,34,0,0,229,0,0,OH,232,51.9893,41.8845,62.0922,43.1627,39173,5,3863.289907,77,32,Nitrogen Oxides,1383.229811,35.8,Glass Plant,2161.989344,Pilkington North America Inc (0487010012),2161.989344,2020,19,reported,2019,17.2,7,Formaldehyde,10.2,19.3273,27.7,Lawrence,27.7,Formaldehyde
Oklahoma,Adair,2020,363,297,65,0,1,0,0,152,55,36,1,0,168,189,5,OK,267,60.6444,48.4274,72.8653,36.3635,40001,6,19.735556,44,2,Nitrogen Oxides,14.77644,74.87,Rail Yard,19.734926,WATTS,19.734926,2020,14,reported,2019,23.8,7,Formaldehyde,16.6,21.0727,27.3,McCurtain,27.3,Formaldehyde
Oklahoma,Canadian,2020,358,332,26,0,0,0,0,84,49,36,0,0,358,0,0,OK,267,60.6444,48.4274,72.8653,36.3635,40017,6,5873.614118,81,75,Nitrogen Oxides,1836.620144,31.27,Unspecified,3081.517366,MUSTANG ENERGY CENTER,763.466611,2020,14,reported,2019,21.9,7,Formaldehyde,14.4,21.0727,27.3,McCurtain,27.3,Formaldehyde
Oklahoma,Carter,2020,345,201,143,1,0,0,0,147,67,47,0,0,126,219,0,OK,267,60.6444,48.4274,72.8653,36.3635,40019,6,6905.289503,98,62,Volatile Organic Compounds,2594.751281,37.58,Unspecified,2242.225841,VALERO ARDMORE REFINERY,1624.900896,2020,14,reported,2019,25.6,7,Formaldehyde,15.0,21.0727,27.3,McCurtain,27.3,Formaldehyde
Oklahoma,Cleveland,2020,354,175,177,2,0,0,0,121,67,51,0,0,106,248,0,OK,267,60.6444,48.4274,72.8653,36.3635,40027,6,372.797735,55,6,Carbon Monoxide,176.613186,47.38,"Institutional (school, hospital, prison, etc.)",147.481393,UNIVERSITY OF OKLAHOMA,147.481393,2020,14,reported,2019,23.5,7,Formaldehyde,15.0,21.0727,27.3,McCurtain,27.3,Formaldehyde
Oklahoma,Comanche,2020,366,262,103,1,0,0,0,107,60,44,0,0,172,194,0,OK,267,60.6444,48.4274,72.8653,36.3635,40031,6,1377.506958,93,9,Volatile Organic Compounds,386.790989,28.08,Tire Manuf (not retread),543.478641,GOODYEAR LAWTON,543.478641,2020,14,reported,2019,20.4,7,Formaldehyde,13.8,21.0727,27.3,McCurtain,27.3,Formaldehyde
Oklahoma,Creek,2020,363,350,13,0,0,0,0,93,47,35,0,0,363,0,0,OK,267,60.6444,48.4274,72.8653,36.3635,40037,6,1612.257876,71,12,Nitrogen Oxides,671.552355,41.65,Glass Plant,1008.098655,SAPULPA PLANT,1008.098655,2020,14,reported,2019,22.9,7,Formaldehyde,14.9,21.0727,27.3,McCurtain,27.3,Formaldehyde
Oklahoma,Dewey,2020,365,266,99,0,0,0,0,99,61,43,0,0,171,194,0,OK,267,60.6444,48.4274,72.8653,36.3635,40043,6,1691.466247,59,37,Nitrogen Oxides,556.189041,32.88,Unspecified,1070.978684,ALEDO BOOSTER STATION,158.333585,2020,14,reported,2019,16.8,7,Formaldehyde,11.6,21.0727,27.3,McCurtain,27.3,Formaldehyde
Oklahoma,Grant,2020,106,94,12,0,0,0,0,69,52,26,0,0,0,106,0,OK,267,60.6444,48.4274,72.8653,36.3635,40053,6,1157.691808,69,14,Volatile Organic Compounds,385.666724,33.31,Oil or Gas Facility (On-shore),745.254956,MEDFORD FRACTIONATOR,745.254956,2020,14,reported,2019,18.5,7,Formaldehyde,12.6,21.0727,27.3,McCurtain,27.3,Formaldehyde
Oklahoma,Johnston,2020,289,267,22,0,0,0,0,97,49,38,0,0,289,0,0,OK,267,60.6444,48.4274,72.8653,36.3635,40069,6,3.676521,40,1,Carbon Monoxide,3.303231,89.85,Airport,3.676521,Tishomingo Airpark,3.676521,2020,14,reported,2019,21.7,7,Formaldehyde,14.9,21.0727,27.3,McCurtain,27.3,Formaldehyde
Oklahoma,Kay,2020,366,171,193,2,0,0,0,113,62,51,0,0,39,327,0,OK,267,60.6444,48.4274,72.8653,36.3635,40071,6,7801.048408,82,14,Sulfur Dioxide,1869.76965,23.97,Petroleum Refinery,3730.446264,PONCA CITY REFINERY,3730.446264,2020,14,reported,2019,20.6,7,Formaldehyde,13.3,21.0727,27.3,McCurtain,27.3,Formaldehyde
Oklahoma,Mayes,2020,258,255,3,0,0,0,0,51,44,34,0,0,258,0,0,OK,267,60.6444,48.4274,72.8653,36.3635,40097,6,9680.342096,77,14,Nitrogen Oxides,2875.058385,29.7,Portland Cement Manufacturing,3741.538753,PRYOR CEMENT FACILITY,3741.538753,2020,14,reported,2019,23.4,7,Formaldehyde,15.9,21.0727,27.3,McCurtain,27.3,Formaldehyde
Oklahoma,Oklahoma,2020,366,147,215,4,0,0,0,112,70,53,0,3,110,251,2,OK,267,60.6444,48.4274,72.8653,36.3635,40109,6,7436.513571,92,41,Nitrogen Oxides,2844.756673,38.25,Electricity Generation via Combustion,3008.470751,HORSESHOE LAKE GENERATING STATION,1887.198945,2020,14,reported,2019,24.6,7,Formaldehyde,15.6,21.0727,27.3,McCurtain,27.3,Formaldehyde
Oklahoma,Osage,2020,350,322,28,0,0,0,0,90,49,36,0,0,350,0,0,OK,267,60.6444,48.4274,72.8653,36.3635,40113,6,1781.968486,79,33,Volatile Organic Compounds,775.835427,43.54,Chemical Plant,912.581192,BARNSDALL MANUFACTURING FACILITY,912.581192,2020,14,reported,2019,23.3,7,Formaldehyde,14.9,21.0727,27.3,McCurtain,27.3,Formaldehyde
Oklahoma,Ottawa,2020,352,202,148,1,1,0,0,154,65,46,0,0,44,287,21,OK,267,60.6444,48.4274,72.8653,36.3635,40115,6,227.739165,46,2,Volatile Organic Compounds,101.178069,44.43,Fiberglass Products Manuf,190.047218,TRACKER MIAMI PLANT,190.047218,2020,14,reported,2019,21.6,7,Formaldehyde,14.5,21.0727,27.3,McCurtain,27.3,Formaldehyde
Oklahoma,Pittsburg,2020,366,230,135,1,0,0,0,141,60,44,0,0,138,228,0,OK,267,60.6444,48.4274,72.8653,36.3635,40121,6,7826.303326,87,71,Nitrogen Oxides,3310.902986,42.3,Compressor Station,4275.143686,EUFAULA CMPSR STA,1368.113303,2020,14,reported,2019,24.9,7,Formaldehyde,17.5,21.0727,27.3,McCurtain,27.3,Formaldehyde
Oklahoma,Sequoyah,2020,362,304,57,1,0,0,0,141,54,37,0,5,166,191,0,OK,267,60.6444,48.4274,72.8653,36.3635,40135,6,467.496332,59,5,Volatile Organic Compounds,99.958532,21.38,Mineral Processing Plant,283.778164,MARBLE CITY,283.778164,2020,14,reported,2019,25.7,7,Formaldehyde,17.8,21.0727,27.3,McCurtain,27.3,Formaldehyde
Oklahoma,Tulsa,2020,366,200,164,2,0,0,0,129,62,49,0,0,113,249,4,OK,267,60.6444,48.4274,72.8653,36.3635,40143,6,10029.385865,103,50,Nitrogen Oxides,3965.756584,39.54,Petroleum Refinery,3297.149748,TULSA REFINERY WEST,1757.567229,2020,14,reported,2019,27.0,7,Formaldehyde,16.7,21.0727,27.3,McCurtain,27.3,Formaldehyde
Oklahoma,Washington,2020,344,232,111,1,0,0,0,101,60,43,0,0,145,199,0,OK,267,60.6444,48.4274,72.8653,36.3635,40147,6,98.081587,63,3,Nitrogen Oxides,44.050271,44.91,Compressor Station,72.570949,COBB COMPRESSOR STATION,72.570949,2020,14,reported,2019,22.1,7,Formaldehyde,14.6,21.0727,27.3,McCurtain,27.3,Formaldehyde
Oregon,Baker,2020,366,282,77,2,3,2,0,225,57,33,0,0,0,366,0,OR,396,50.8226,39.4404,62.2027,44.5851,41001,10,2440.474457,76,4,Nitrogen Oxides,990.620291,40.59,Portland Cement Manufacturing,2248.644003,JS&H,2248.644003,2020,,suppressed,2019,12.9,7,Formaldehyde,8.0,18.0139,29.7,Multnomah,29.7,Formaldehyde
Oregon,Benton,2020,366,313,42,0,1,7,3,541,56,23,0,0,0,366,0,OR,396,50.8226,39.4404,62.2027,44.5851,41003,10,948.516686,90,7,Carbon Monoxide,463.339726,48.85,Unspecified,513.014883,Pacific Northwest Generating Cooperative,375.093622,2020,,suppressed,2019,21.1,7,Formaldehyde,11.7,18.0139,29.7,Multnomah,29.7,Formaldehyde
Oregon,Clackamas,2020,272,238,25,3,2,0,4,481,53,33,0,0,126,146,0,OR,396,50.8226,39.4404,62.2027,44.5851,41005,10,1245.982364,103,41,Volatile Organic Compounds,312.565575,25.09,Unspecified,641.935438,Oregon City Compressor Station,173.522866,2020,,suppressed,2019,28.6,7,Formaldehyde,15.3,18.0139,29.7,Multnomah,29.7,Formaldehyde
Oregon,Columbia,2020,363,332,22,1,2,6,0,293,49,28,0,0,105,258,0,OR,396,50.8226,39.4404,62.2027,44.5851,41009,10,4788.853624,76,14,Ammonia,2846.57706,59.44,Fertilizer Plant,2946.817701,Dyno Nobel Incorporated,2946.817701,2020,,suppressed,2019,20.3,7,Formaldehyde,11.8,18.0139,29.7,Multnomah,29.7,Formaldehyde
Oregon,Crook,2020,365,261,97,0,1,3,3,1033,65,28,0,0,0,365,0,OR,396,50.8226,39.4404,62.2027,44.5851,41013,10,123.142832,93,8,Carbon Monoxide,35.366934,28.72,"Woodwork, Furniture, Millwork Manufacturing",47.465319,"Endura Products, Inc.",47.465319,2020,,suppressed,2019,14.0,7,Formaldehyde,8.6,18.0139,29.7,Multnomah,29.7,Formaldehyde
Oregon,Deschutes,2020,366,298,54,4,2,1,7,1099,61,23,0,0,0,366,0,OR,396,50.8226,39.4404,62.2027,44.5851,41017,10,1178.780922,103,13,Carbon Monoxide,708.780784,60.13,Airport,729.927776,Bend Muni,443.875178,2020,,suppressed,2019,18.3,7,Formaldehyde,10.7,18.0139,29.7,Multnomah,29.7,Formaldehyde
Oregon,Douglas,2020,366,278,78,1,1,2,6,902,62,29,0,0,0,366,0,OR,396,50.8226,39.4404,62.2027,44.5851,41019,10,8475.60065,122,21,Carbon Monoxide,3111.194726,36.71,Plywood & Engineered Wood Products,7095.835312,Dillard,5447.852003,2020,,suppressed,2019,21.0,7,Formaldehyde,12.8,18.0139,29.7,Multnomah,29.7,Formaldehyde
Oregon,Grant,2020,364,196,161,1,5,0,1,393,70,44,0,0,0,364,0,OR,396,50.8226,39.4404,62.2027,44.5851,41023,10,114.573995,82,4,Carbon Monoxide,37.612254,32.83,Lumber/Sawmill,86.483466,"Malheur Lumber Company and Restoration Fuels, LLC",86.483466,2020,,suppressed,2019,12.2,7,Formaldehyde,7.6,18.0139,29.7,Multnomah,29.7,Formaldehyde
Oregon,Harney,2020,366,211,144,2,7,1,1,357,75,42,0,0,0,366,0,OR,396,50.8226,39.4404,62.2027,44.5851,41025,10,25.88993,43,2,Carbon Monoxide,21.561793,83.28,Airport,25.778292,Burns Muni,25.778292,2020,,suppressed,2019,11.1,7,Formaldehyde,6.6,18.0139,29.7,Multnomah,29.7,Formaldehyde
Oregon,Jackson,2020,366,218,133,2,4,3,6,900,73,44,0,0,116,250,0,OR,396,50.8226,39.4404,62.2027,44.5851,41029,10,4541.226464,110,22,Carbon Monoxide,2232.967284,49.17,Plywood & Engineered Wood Products,2553.670512,Medford,1678.704131,2020,,suppressed,2019,23.8,7,Formaldehyde,15.5,18.0139,29.7,Multnomah,29.7,Formaldehyde
Oregon,Jefferson,2020,361,258,92,3,0,3,5,1135,64,28,0,0,0,361,0,OR,396,50.8226,39.4404,62.2027,44.5851,41031,10,309.609466,54,4,Volatile Organic Compounds,192.090487,62.04,Unspecified,213.541677,Bright Wood Corporation,213.541677,2020,,suppressed,2019,14.9,7,Formaldehyde,9.2,18.0139,29.7,Multnomah,29.7,Formaldehyde
Oregon,Josephine,2020,366,228,112,4,14,1,7,763,76,35,0,0,0,366,0,OR,396,50.8226,39.4404,62.2027,44.5851,41033,10,515.24464,77,4,Volatile Organic Compounds,271.581938,52.71,Unspecified,292.280139,"MasterBrand Cabinets, Inc.",292.280139,2020,,suppressed,2019,22.0,7,Formaldehyde,14.0,18.0139,29.7,Multnomah,29.7,Formaldehyde
Oregon,Klamath,2020,366,172,148,23,20,1,2,763,124,52,0,0,0,364,2,OR,396,50.8226,39.4404,62.2027,44.5851,41035,10,3543.401522,102,18,Carbon Monoxide,1002.546535,28.29,Plywood & Engineered Wood Products,1648.228157,Collins Products LLC,973.38639,2020,,suppressed,2019,15.6,7,Formaldehyde,9.8,18.0139,29.7,Multnomah,29.7,Formaldehyde
Oregon,Lake,2020,365,267,80,14,4,0,0,166,70,29,0,0,0,305,60,OR,396,50.8226,39.4404,62.2027,44.5851,41037,10,255.025146,83,8,Carbon Monoxide,73.384518,28.78,Unspecified,224.32212,Lakeview Sawmill,181.094467,2020,,suppressed,2019,11.4,7,Formaldehyde,7.0,18.0139,29.7,Multnomah,29.7,Formaldehyde
Oregon,Lane,2020,366,203,149,4,0,2,8,1000,78,46,0,0,66,296,4,OR,396,50.8226,39.4404,62.2027,44.5851,41039,10,5805.077623,83,30,Volatile Organic Compounds,1422.986763,24.51,Pulp and Paper Plant,2550.087682,INTERNATIONAL PAPER,2550.087682,2020,,suppressed,2019,24.9,7,Formaldehyde,14.1,18.0139,29.7,Multnomah,29.7,Formaldehyde
Oregon,Linn,2020,366,245,110,0,0,3,8,853,67,36,0,0,0,366,0,OR,396,50.8226,39.4404,62.2027,44.5851,41043,10,7424.849272,128,33,Carbon Monoxide,2947.204965,39.69,Pulp and Paper Plant,2697.765696,Halsey Pulp Mill,2660.50555,2020,,suppressed,2019,23.0,7,Formaldehyde,13.0,18.0139,29.7,Multnomah,29.7,Formaldehyde
Oregon,Marion,2020,365,278,76,1,0,1,9,1272,63,36,0,0,124,241,0,OR,396,50.8226,39.4404,62.2027,44.5851,41047,10,985.968474,126,21,Carbon Monoxide,360.893207,36.6,Unspecified,527.428616,Willow Lake WPCF,204.353466,2020,,suppressed,2019,25.5,7,Formaldehyde,13.3,18.0139,29.7,Multnomah,29.7,Formaldehyde
Oregon,Multnomah,2020,366,275,82,1,0,2,6,779,63,36,0,1,200,165,0,OR,396,50.8226,39.4404,62.2027,44.5851,41051,10,5721.087208,152,94,Carbon Monoxide,1381.208249,24.14,Airport,1632.108453,Portland Intl,1343.859186,2020,,suppressed,2019,29.7,7,Formaldehyde,15.4,18.0139,29.7,Multnomah,29.7,Formaldehyde
Oregon,Umatilla,2020,366,273,85,0,1,2,5,738,60,38,0,0,113,253,0,OR,396,50.8226,39.4404,62.2027,44.5851,41059,10,1946.638079,98,18,Carbon Monoxide,450.864451,23.16,Electricity Generation via Combustion,1374.617679,Hermiston Power,886.92066,2020,,suppressed,2019,16.7,7,Formaldehyde,10.4,18.0139,29.7,Multnomah,29.7,Formaldehyde
Oregon,Union,2020,366,300,57,1,4,3,1,326,56,27,0,0,0,366,0,OR,396,50.8226,39.4404,62.2027,44.5851,41061,10,1140.196514,93,6,Nitrogen Oxides,334.530057,29.34,Plywood & Engineered Wood Products,996.262071,"Woodgrain Millwork, Inc.",614.940891,2020,,suppressed,2019,14.1,7,Formaldehyde,9.0,18.0139,29.7,Multnomah,29.7,Formaldehyde
Oregon,Wallowa,2020,366,288,71,0,6,1,0,222,58,27,0,0,0,366,0,OR,396,50.8226,39.4404,62.2027,44.5851,41063,10,28.633454,40,3,Carbon Monoxide,25.574858,89.32,Airport,28.633454,ENTERPRISE MUNI,14.858786,2020,,suppressed,2019,11.8,7,Formaldehyde,7.3,18.0139,29.7,Multnomah,29.7,Formaldehyde
Oregon,Wasco,2020,355,307,45,0,0,0,3,599,54,24,0,0,0,355,0,OR,396,50.8226,39.4404,62.2027,44.5851,41065,10,178.311483,94,6,Nitrogen Oxides,60.28527,33.81,Landfill,89.916863,"Wasco County Landfill, Inc.",89.916863,2020,,suppressed,2019,17.0,7,Formaldehyde,10.8,18.0139,29.7,Multnomah,29.7,Formaldehyde
Oregon,Washington,2020,366,265,91,2,0,2,6,595,61,34,0,4,122,240,0,OR,396,50.8226,39.4404,62.2027,44.5851,41067,10,4326.795454,133,49,Volatile Organic Compounds,2899.726997,67.02,Unspecified,3311.343667,"SunPower Manufacturing Oregon, LLC",2490.135296,2020,,suppressed,2019,27.6,7,Formaldehyde,14.0,18.0139,29.7,Multnomah,29.7,Formaldehyde
Pennsylvania,Adams,2020,366,280,86,0,0,0,0,88,58,42,0,0,220,146,0,PA,250,50.4645,40.2399,60.6783,47.563,42001,3,1213.795996,65,18,Nitrogen Oxides,244.70884,20.16,Electricity Generation via Combustion,743.541711,KESTREL ACQUISITION LLC/HUNTERSTOWN PLT,726.81216,2020,18,reported,2019,21.3,7,Formaldehyde,13.6,20.8597,32.5,Greene,32.5,Formaldehyde
Pennsylvania,Allegheny,2020,366,138,218,10,0,0,0,128,77,54,0,0,84,280,2,PA,250,50.4645,40.2399,60.6783,47.563,42003,3,20959.035446,131,82,Carbon Monoxide,5928.884569,28.29,Coke Battery,8865.162943,USS/CLAIRTON WORKS,8865.162943,2020,18,reported,2019,26.7,7,Formaldehyde,14.2,20.8597,32.5,Greene,32.5,Formaldehyde
Pennsylvania,Armstrong,2020,366,246,117,3,0,0,0,122,58,43,0,0,156,210,0,PA,250,50.4645,40.2399,60.6783,47.563,42005,3,28089.152833,63,14,Sulfur Dioxide,13015.049518,46.33,Electricity Generation via Combustion,27615.262666,KEYSTONE CONEMAUGH PROJ LLC/KEYSTONE STATION,27021.252171,2020,18,reported,2019,21.4,7,Formaldehyde,12.1,20.8597,32.5,Greene,32.5,Formaldehyde
Pennsylvania,Beaver,2020,366,205,160,1,0,0,0,142,64,48,0,0,138,228,0,PA,250,50.4645,40.2399,60.6783,47.563,42007,3,2523.046992,83,37,Nitrogen Oxides,738.541783,29.27,Unspecified,1286.970861,CONWAY,639.88412,2020,18,reported,2019,22.9,7,Formaldehyde,12.9,20.8597,32.5,Greene,32.5,Formaldehyde
Pennsylvania,Berks,2020,362,227,134,1,0,0,0,102,63,44,0,0,148,214,0,PA,250,50.4645,40.2399,60.6783,47.563,42011,3,8185.170941,94,52,Nitrogen Oxides,1834.442804,22.41,Portland Cement Manufacturing,2424.410781,LEHIGH CEMENT CO LLC/EVANSVILLE CEMENT PLT & QUARRY,2424.410781,2020,18,reported,2019,23.1,7,Formaldehyde,13.9,20.8597,32.5,Greene,32.5,Formaldehyde
Pennsylvania,Blair,2020,360,262,98,0,0,0,0,87,60,43,0,0,162,198,0,PA,250,50.4645,40.2399,60.6783,47.563,42013,3,2497.147431,92,23,Carbon Monoxide,824.216785,33.01,Pulp and Paper Plant,1918.606884,ROARING SPRING PARK LLC/BLAIR COUNTY,1876.322851,2020,18,reported,2019,19.2,7,Formaldehyde,12.0,20.8597,32.5,Greene,32.5,Formaldehyde
Pennsylvania,Bradford,2020,358,301,57,0,0,0,0,84,53,39,0,0,203,155,0,PA,250,50.4645,40.2399,60.6783,47.563,42015,3,6237.793513,93,23,PM10 Primary (Filt + Cond),1337.15842,21.44,Plywood & Engineered Wood Products,5078.61384,OAK HILL VENEER INC/TROY TWP,3575.356834,2020,18,reported,2019,19.4,7,Formaldehyde,9.8,20.8597,32.5,Greene,32.5,Formaldehyde
Pennsylvania,Bucks,2020,351,331,16,4,0,0,0,115,46,33,0,0,351,0,0,PA,250,50.4645,40.2399,60.6783,47.563,42017,3,4042.855543,94,84,Nitrogen Oxides,1063.383011,26.3,Municipal Waste Combustor,1255.945947,WHEELABRATOR FALLS INC/FALLS TWP,1255.945947,2020,18,reported,2019,24.3,7,Formaldehyde,14.2,20.8597,32.5,Greene,32.5,Formaldehyde
Pennsylvania,Cambria,2020,366,228,138,0,0,0,0,90,60,44,1,0,107,258,0,PA,250,50.4645,40.2399,60.6783,47.563,42021,3,6037.691011,81,23,Sulfur Dioxide,2938.454199,48.67,Electricity Generation via Combustion,4842.037746,INTER POWER AHLCON LP/COLVER POWER PROJ,2368.397952,2020,18,reported,2019,18.6,7,Formaldehyde,11.8,20.8597,32.5,Greene,32.5,Formaldehyde
Pennsylvania,Centre,2020,366,287,79,0,0,0,0,91,57,41,0,0,207,159,0,PA,250,50.4645,40.2399,60.6783,47.563,42027,3,2456.95474,69,18,Carbon Monoxide,951.56991,38.73,Mineral Processing Plant,1838.082193,"GRAYMONT PA INC/PLEASANT GAP, CON-LIME & BELLEFONTE PLTS",1838.082193,2020,18,reported,2019,19.6,7,Formaldehyde,11.9,20.8597,32.5,Greene,32.5,Formaldehyde
Pennsylvania,Chester,2020,355,233,121,1,0,0,0,143,59,44,0,0,119,236,0,PA,250,50.4645,40.2399,60.6783,47.563,42029,3,2137.529681,88,60,Carbon Monoxide,767.831879,35.92,Steel Mill,693.528181,CLEVELAND CLIFFS PLATE/COATESVILLE,693.528181,2020,18,reported,2019,23.2,7,Formaldehyde,13.8,20.8597,32.5,Greene,32.5,Formaldehyde
Pennsylvania,Clearfield,2020,343,341,2,0,0,0,0,54,42,31,0,0,343,0,0,PA,250,50.4645,40.2399,60.6783,47.563,42033,3,1473.031528,70,16,Nitrogen Oxides,559.226842,37.96,Electricity Generation via Combustion,874.509146,SHAWVILLE POWER LLC/SHAWVILLE GEN STA,874.509146,2020,18,reported,2019,17.4,7,Formaldehyde,10.6,20.8597,32.5,Greene,32.5,Formaldehyde
Pennsylvania,Cumberland,2020,363,236,125,2,0,0,0,137,61,44,0,0,0,363,0,PA,250,50.4645,40.2399,60.6783,47.563,42041,3,5488.252668,84,24,Nitrogen Oxides,2687.218069,48.96,Glass Plant,3534.119335,VITRO FLAT GLASS LLC/CARLISLE,3534.119335,2020,18,reported,2019,23.0,7,Formaldehyde,14.2,20.8597,32.5,Greene,32.5,Formaldehyde
Pennsylvania,Dauphin,2020,366,219,144,3,0,0,0,116,65,46,0,0,126,240,0,PA,250,50.4645,40.2399,60.6783,47.563,42043,3,2104.509678,67,19,Nitrogen Oxides,891.567468,42.36,Unspecified,387.703702,CLEVELAND CLIFFS STEELTON LLC/STEELTON,387.145399,2020,18,reported,2019,23.7,7,Formaldehyde,14.5,20.8597,32.5,Greene,32.5,Formaldehyde
Pennsylvania,Delaware,2020,366,174,189,3,0,0,0,129,67,52,0,1,84,281,0,PA,250,50.4645,40.2399,60.6783,47.563,42045,3,10262.883425,91,53,Nitrogen Oxides,3182.808326,31.01,Petroleum Refinery,2143.472764,MONROE ENERGY LLC/TRAINER,2143.472764,2020,18,reported,2019,25.5,7,Formaldehyde,14.7,20.8597,32.5,Greene,32.5,Formaldehyde
Pennsylvania,Elk,2020,358,356,2,0,0,0,0,67,44,34,0,0,358,0,0,PA,250,50.4645,40.2399,60.6783,47.563,42047,3,3801.187639,83,16,Carbon Monoxide,2136.356117,56.2,Unspecified,1911.340763,GRAFTECH USA LLC/ST MARYS,1857.014833,2020,18,reported,2019,16.1,7,Formaldehyde,9.6,20.8597,32.5,Greene,32.5,Formaldehyde
Pennsylvania,Erie,2020,363,298,65,0,0,0,0,87,54,36,3,0,201,159,0,PA,250,50.4645,40.2399,60.6783,47.563,42049,3,1232.942714,76,41,Carbon Monoxide,295.15685,23.94,Unspecified,411.856094,WASTE MGMT PA/LAKE VIEW LANDFILL,217.954383,2020,18,reported,2019,21.9,7,Formaldehyde,9.9,20.8597,32.5,Greene,32.5,Formaldehyde
Pennsylvania,Fayette,2020,363,265,98,0,0,0,0,100,55,42,0,0,148,215,0,PA,250,50.4645,40.2399,60.6783,47.563,42051,3,1781.357455,77,20,PM10 Primary (Filt + Cond),327.86797,18.41,Electricity Generation via Combustion,774.991139,FAYETTE ENERGY FACILITY/MASONTOWN,608.11149,2020,18,reported,2019,23.3,7,Formaldehyde,13.6,20.8597,32.5,Greene,32.5,Formaldehyde
Pennsylvania,Franklin,2020,363,363,0,0,0,0,0,50,42,32,0,0,363,0,0,PA,250,50.4645,40.2399,60.6783,47.563,42055,3,2148.450197,71,22,Carbon Monoxide,365.768162,17.02,Military Base,774.772851,US DEPT OF DEFENSE/LETTERKENNY ARMY DEPOT,774.772851,2020,18,reported,2019,22.0,7,Formaldehyde,14.1,20.8597,32.5,Greene,32.5,Formaldehyde
Pennsylvania,Greene,2020,359,294,64,1,0,0,0,101,53,39,0,0,198,161,0,PA,250,50.4645,40.2399,60.6783,47.563,42059,3,581.792034,55,8,Volatile Organic Compounds,115.360029,19.83,Unspecified,481.564864,CONSOL PA COAL CO LLC/BAILEY PREP PLT,360.614974,2020,18,reported,2019,32.5,7,Formaldehyde,14.6,20.8597,32.5,Greene,32.5,Formaldehyde
Pennsylvania,Indiana,2020,351,320,30,1,0,0,0,112,49,37,0,0,315,36,0,PA,250,50.4645,40.2399,60.6783,47.563,42063,3,38165.454472,71,14,Sulfur Dioxide,12658.597783,33.17,Electricity Generation via Combustion,37675.403988,KEYSTONE CONEMAUGH PROJ LLC/CONEMAUGH STATION,17989.275474,2020,18,reported,2019,19.8,7,Formaldehyde,12.2,20.8597,32.5,Greene,32.5,Formaldehyde
Pennsylvania,Lackawanna,2020,366,295,71,0,0,0,0,83,55,40,0,15,197,154,0,PA,250,50.4645,40.2399,60.6783,47.563,42069,3,3569.371755,78,22,PM10 Primary (Filt + Cond),675.029205,18.91,Landfill,2256.677226,KEYSTONE SANI LDFL INC/DUNMORE,2118.802201,2020,18,reported,2019,20.2,7,Formaldehyde,11.5,20.8597,32.5,Greene,32.5,Formaldehyde
Pennsylvania,Lancaster,2020,366,177,184,4,1,0,0,153,66,51,0,0,91,274,1,PA,250,50.4645,40.2399,60.6783,47.563,42071,3,9598.3501,78,69,Volatile Organic Compounds,2287.848252,23.84,Unspecified,4873.916101,ARMSTRONG WORLD IND INC/MARIETTA CEILING PLT,1793.0565,2020,18,reported,2019,22.9,7,Formaldehyde,14.0,20.8597,32.5,Greene,32.5,Formaldehyde
Pennsylvania,Lawrence,2020,363,354,9,0,0,0,0,93,43,31,0,0,363,0,0,PA,250,50.4645,40.2399,60.6783,47.563,42073,3,1944.278403,57,15,Carbon Monoxide,726.615694,37.37,Unspecified,727.096483,INMETCO/ELLWOOD CITY,573.543153,2020,18,reported,2019,20.2,7,Formaldehyde,11.7,20.8597,32.5,Greene,32.5,Formaldehyde
Pennsylvania,Lebanon,2020,170,116,53,1,0,0,0,115,60,41,0,0,1,169,0,PA,250,50.4645,40.2399,60.6783,47.563,42075,3,1243.719676,89,21,Nitrogen Oxides,281.16446,22.61,Electricity Generation via Combustion,645.867222,HELIX IRONWOOD LLC/LEBANON,645.867222,2020,18,reported,2019,22.0,7,Formaldehyde,13.5,20.8597,32.5,Greene,32.5,Formaldehyde
Pennsylvania,Lehigh,2020,359,262,97,0,0,0,0,93,58,41,0,0,169,186,4,PA,250,50.4645,40.2399,60.6783,47.563,42077,3,5100.345255,72,47,Carbon Monoxide,2544.965683,49.9,Portland Cement Manufacturing,3034.449969,HOLCIM (US) INC/WHITEHALL PLT,3034.449969,2020,18,reported,2019,27.1,7,Formaldehyde,13.5,20.8597,32.5,Greene,32.5,Formaldehyde
Pennsylvania,Luzerne,2020,356,354,2,0,0,0,0,54,43,31,0,0,308,0,48,PA,250,50.4645,40.2399,60.6783,47.563,42079,3,2503.661714,83,47,Carbon Monoxide,531.336855,21.22,Electricity Generation via Combustion,804.740272,CAITHNESS MOXIE FREEDOM GENERATION PLANT/SALEM TWP,700.875813,2020,18,reported,2019,19.8,7,Formaldehyde,11.7,20.8597,32.5,Greene,32.5,Formaldehyde
Pennsylvania,Lycoming,2020,366,283,82,1,0,0,0,109,56,41,0,0,188,178,0,PA,250,50.4645,40.2399,60.6783,47.563,42081,3,2078.007271,78,32,Carbon Monoxide,598.233944,28.79,Unspecified,770.313457,"HAMILTON PATRIOT, LLC/HAMILTON PATRIOT GENERATION PLANT",602.355558,2020,18,reported,2019,22.5,7,Formaldehyde,11.6,20.8597,32.5,Greene,32.5,Formaldehyde
Pennsylvania,Mercer,2020,366,272,93,1,0,0,0,105,58,41,0,0,190,176,0,PA,250,50.4645,40.2399,60.6783,47.563,42085,3,2075.870639,65,30,Nitrogen Oxides,749.284168,36.09,Unspecified,846.582064,TENNESSEE GAS PIPELINE CO LLC/MERCER STA 219,652.661028,2020,18,reported,2019,18.7,7,Formaldehyde,10.9,20.8597,32.5,Greene,32.5,Formaldehyde
Pennsylvania,Monroe,2020,357,355,2,0,0,0,0,80,44,33,0,0,357,0,0,PA,250,50.4645,40.2399,60.6783,47.563,42089,3,495.882222,65,18,Carbon Monoxide,209.041984,42.16,Hot Mix Asphalt Plant,129.878179,SANOFI PASTEUR/SWIFTWATER FAC,87.845835,2020,18,reported,2019,19.2,7,Formaldehyde,11.4,20.8597,32.5,Greene,32.5,Formaldehyde
Pennsylvania,Montgomery,2020,366,269,97,0,0,0,0,99,60,43,0,0,181,185,0,PA,250,50.4645,40.2399,60.6783,47.563,42091,3,4639.579968,90,107,Nitrogen Oxides,1110.214811,23.93,Unspecified,1919.278296,COVANTA PLYMOUTH RENEWABLE ENERGY/ PLYMOUTH,800.884948,2020,18,reported,2019,24.9,7,Formaldehyde,14.4,20.8597,32.5,Greene,32.5,Formaldehyde
Pennsylvania,Northampton,2020,365,260,104,1,0,0,0,117,59,41,0,4,155,206,0,PA,250,50.4645,40.2399,60.6783,47.563,42095,3,16993.126004,84,38,Sulfur Dioxide,4545.841488,26.75,Portland Cement Manufacturing,13719.941763,LEHIGH CEMENT COMPANY LLC/NAZARETH,5698.129558,2020,18,reported,2019,24.6,7,Formaldehyde,13.2,20.8597,32.5,Greene,32.5,Formaldehyde
Pennsylvania,Philadelphia,2020,366,212,149,5,0,0,0,119,63,47,0,17,111,238,0,PA,250,50.4645,40.2399,60.6783,47.563,42101,3,4012.302163,83,99,Nitrogen Oxides,957.835035,23.87,Unspecified,1407.994617,ADVANSIX INC,920.990695,2020,18,reported,2019,26.9,7,Formaldehyde,15.3,20.8597,32.5,Greene,32.5,Formaldehyde
Pennsylvania,Somerset,2020,365,357,8,0,0,0,0,71,44,34,0,0,365,0,0,PA,250,50.4645,40.2399,60.6783,47.563,42111,3,804.699472,81,17,Carbon Monoxide,274.320318,34.09,Steel Mill,309.008271,NORTH AMERICAN HOGANAS INC/STONY CREEK PLT,309.008271,2020,18,reported,2019,18.0,7,Formaldehyde,11.4,20.8597,32.5,Greene,32.5,Formaldehyde
Pennsylvania,Susquehanna,2020,365,311,54,0,0,0,0,74,52,31,0,0,0,365,0,PA,250,50.4645,40.2399,60.6783,47.563,42115,3,127.383985,44,5,Nitrogen Oxides,37.651309,29.56,Unspecified,65.51214,TENNESSEE GAS PIPELINE CO LLC/COMP STA 321,60.64611,2020,18,reported,2019,23.7,7,Formaldehyde,9.9,20.8597,32.5,Greene,32.5,Formaldehyde
Pennsylvania,Tioga,2020,352,298,54,0,0,0,0,81,53,39,0,0,232,120,0,PA,250,50.4645,40.2399,60.6783,47.563,42117,3,470.715767,59,20,Carbon Monoxide,135.683437,28.82,Compressor Station,245.012998,EASTERN GAS TRANS & STORAGE INC/SABINSVILLE STA,134.950911,2020,18,reported,2019,16.7,7,Formaldehyde,9.0,20.8597,32.5,Greene,32.5,Formaldehyde
Pennsylvania,Washington,2020,366,221,145,0,0,0,0,100,61,46,0,1,135,230,0,PA,250,50.4645,40.2399,60.6783,47.563,42125,3,1572.754644,80,33,Carbon Monoxide,471.060579,29.95,Unspecified,576.968894,ARDEN LDFL/CHARTIERS TWP,349.107829,2020,18,reported,2019,29.8,7,Formaldehyde,13.8,20.8597,32.5,Greene,32.5,Formaldehyde
Pennsylvania,Westmoreland,2020,362,281,81,0,0,0,0,83,55,39,0,0,164,198,0,PA,250,50.4645,40.2399,60.6783,47.563,42129,3,4216.528475,99,64,Nitrogen Oxides,883.124442,20.94,Unspecified,1425.250769,CLEVELAND CLIFFS MONESSEN COKE LLC/MONESSEN COKE PLT,593.245733,2020,18,reported,2019,23.4,7,Formaldehyde,13.3,20.8597,32.5,Greene,32.5,Formaldehyde
Pennsylvania,Wyoming,2020,361,300,61,0,0,0,0,79,53,33,0,0,0,361,0,PA,250,50.4645,40.2399,60.6783,47.563,42131,3,2338.570549,78,3,Nitrogen Oxides,590.007737,25.23,Pulp and Paper Plant,2210.676874,PROCTER & GAMBLE PAPER PROD CO/MEHOOPANY,2210.676874,2020,18,reported,2019,22.7,7,Formaldehyde,10.8,20.8597,32.5,Greene,32.5,Formaldehyde
Pennsylvania,York,2020,366,221,145,0,0,0,0,97,62,46,0,11,102,253,0,PA,250,50.4645,40.2399,60.6783,47.563,42133,3,13787.037558,123,62,Nitrogen Oxides,4905.206147,35.58,"Brick, Structural Clay, or Clay Ceramics Plant",3732.932661,MAGNESITA REFRACTORIES/YORK,3574.874325,2020,18,reported,2019,23.0,7,Formaldehyde,14.3,20.8597,32.5,Greene,32.5,Formaldehyde
Puerto Rico,Adjuntas,2020,57,52,5,0,0,0,0,63,50,18,0,0,0,57,0,PR,43,77.6462,69.8308,85.4615,71.5679,,,,,,,,,,,,,,,,2019,,,,,18.1372,54.2,A?asco,54.2,Formaldehyde
Puerto Rico,Bayamon,2020,270,259,11,0,0,0,0,69,38,21,125,0,91,54,0,PR,43,77.6462,69.8308,85.4615,71.5679,,,,,,,,,,,,,,,,2019,,,,,18.1372,54.2,A?asco,54.2,Formaldehyde
Puerto Rico,Caguas,2020,318,306,12,0,0,0,0,72,27,10,144,113,0,61,0,PR,43,77.6462,69.8308,85.4615,71.5679,72025,2,12.368883,14,3,Nitrogen Oxides,7.05,57.0,Unspecified,12.368883,"Neolpharma, Inc.",11.689906,,,,2019,18.6,7,Formaldehyde,13.4,18.1372,54.2,A?asco,54.2,Formaldehyde
Puerto Rico,Catano,2020,271,207,52,5,6,0,1,332,64,28,0,0,104,104,63,PR,43,77.6462,69.8308,85.4615,71.5679,,,,,,,,,,,,,,,,2019,,,,,18.1372,54.2,A?asco,54.2,Formaldehyde
Puerto Rico,Fajardo,2020,52,44,8,0,0,0,0,82,57,27,0,0,0,52,0,PR,43,77.6462,69.8308,85.4615,71.5679,72053,2,18.707072,29,2,Nitrogen Oxides,8.837,47.24,Unspecified,18.664842,WARNER CHILCOTT,18.664842,,,,2019,15.6,7,Formaldehyde,10.0,18.1372,54.2,A?asco,54.2,Formaldehyde
Puerto Rico,Guayama,2020,34,26,8,0,0,0,0,82,63,31,0,0,0,34,0,PR,43,77.6462,69.8308,85.4615,71.5679,72057,2,2884.467678,27,4,Nitrogen Oxides,1558.21,54.02,Electricity Generation via Combustion,2857.203753,AES Puerto Rico Cogeneration Plant,2662.191084,,,,2019,14.0,7,Formaldehyde,10.4,18.1372,54.2,A?asco,54.2,Formaldehyde
Puerto Rico,Guaynabo,2020,83,68,15,0,0,0,0,75,59,29,1,19,0,63,0,PR,43,77.6462,69.8308,85.4615,71.5679,72061,2,21.856127,35,5,Nitrogen Oxides,7.714,35.29,Unspecified,21.409562,"RockTenn-Puerto Rico, Inc.",17.420384,,,,2019,20.0,7,Formaldehyde,14.1,18.1372,54.2,A?asco,54.2,Formaldehyde
Puerto Rico,Juncos,2020,348,338,4,5,1,0,0,174,16,9,0,0,348,0,0,PR,43,77.6462,69.8308,85.4615,71.5679,72077,2,61.761151,15,2,Nitrogen Oxides,42.877,69.42,Unspecified,61.736131,Amgen Manufacturing Limited,61.736131,,,,2019,32.1,7,Ethylene oxide,14.6,18.1372,54.2,A?asco,54.2,Formaldehyde
Puerto Rico,Mayagnez,2020,319,266,49,1,1,1,1,396,57,22,0,0,125,194,0,PR,43,77.6462,69.8308,85.4615,71.5679,,,,,,,,,,,,,,,,2019,,,,,18.1372,54.2,A?asco,54.2,Formaldehyde
Puerto Rico,Ponce,2020,360,319,41,0,0,0,0,81,52,23,36,0,0,55,269,PR,43,77.6462,69.8308,85.4615,71.5679,72113,2,178.268838,45,3,Carbon Monoxide,61.69846,34.61,Landfill,84.22,BFI of Ponce,84.22,,,,2019,17.3,7,Formaldehyde,12.2,18.1372,54.2,A?asco,54.2,Formaldehyde
Puerto Rico,San Juan,2020,216,216,0,0,0,0,0,39,32,9,216,0,0,0,0,PR,43,77.6462,69.8308,85.4615,71.5679,72127,2,8448.010696,59,8,Sulfur Dioxide,3262.722175,38.62,Electricity Generation via Combustion,8129.249415,"Puerto Rico Electric Power Authority, San Juan",8129.249415,,,,2019,18.1,7,Formaldehyde,12.8,18.1372,54.2,A?asco,54.2,Formaldehyde
Rhode Island,Kent,2020,358,326,31,1,0,0,0,133,49,34,0,0,175,183,0,RI,22,51.4,42.13,60.67,50.6032,44003,1,539.072385,92,60,Carbon Monoxide,222.976691,41.36,Airport,271.998851,Theodore Francis Green,271.998851,2020,0,reported,2019,21.6,7,Formaldehyde,11.7,19.76,23.4,Bristol,23.4,Formaldehyde
Rhode Island,Providence,2020,366,226,138,2,0,0,0,112,59,45,0,2,104,260,0,RI,22,51.4,42.13,60.67,50.6032,44007,1,3741.402611,130,317,Carbon Monoxide,1030.863323,27.55,Electricity Generation via Combustion,1760.102309,RHODE ISLAND STATE ENERGY CENTER,557.033158,2020,0,reported,2019,20.5,7,Formaldehyde,12.3,19.76,23.4,Bristol,23.4,Formaldehyde
Rhode Island,Washington,2020,366,327,37,1,1,0,0,154,51,35,0,0,202,164,0,RI,22,51.4,42.13,60.67,50.6032,44009,1,1022.079661,91,54,Carbon Monoxide,455.905901,44.61,Airport,470.503396,Quonset State,180.889308,2020,0,reported,2019,16.9,7,Formaldehyde,10.3,19.76,23.4,Bristol,23.4,Formaldehyde
South Carolina,Aiken,2020,259,258,1,0,0,0,0,71,44,32,0,0,259,0,0,SC,219,63.0859,51.8106,74.3647,50.4148,45003,4,3746.46601,128,21,Nitrogen Oxides,954.982127,25.49,Electricity Generation via Combustion,1118.11625,URQUHART STATION,610.792417,2020,13,reported,2019,30.9,7,Formaldehyde,22.4,28.9478,33.1,Spartanburg,33.1,Formaldehyde
South Carolina,Anderson,2020,265,257,8,0,0,0,0,71,46,35,0,0,265,0,0,SC,219,63.0859,51.8106,74.3647,50.4148,45007,4,5701.784706,123,17,Carbon Monoxide,2044.038851,35.85,Electricity Generation via Combustion,3803.316589,SANTEE COOPER RAINEY,2950.820568,2020,13,reported,2019,30.5,7,Formaldehyde,21.0,28.9478,33.1,Spartanburg,33.1,Formaldehyde
South Carolina,Berkeley,2020,220,219,1,0,0,0,0,51,43,31,0,0,220,0,0,SC,219,63.0859,51.8106,74.3647,50.4148,45015,4,47047.028266,116,21,Carbon Monoxide,30002.108779,63.77,Primary Aluminum Plant,27299.106089,CENTURY ALUMINUM OF SOUTH CAROLINA INC,27299.106089,2020,13,reported,2019,29.3,7,Formaldehyde,20.0,28.9478,33.1,Spartanburg,33.1,Formaldehyde
South Carolina,Charleston,2020,366,264,101,1,0,0,0,117,57,43,0,0,58,308,0,SC,219,63.0859,51.8106,74.3647,50.4148,45019,4,7791.535725,126,19,Nitrogen Oxides,2179.036311,27.97,Pulp and Paper Plant,5253.526401,WESTROCK CHARLESTON KRAFT LLC,5253.526401,2020,13,reported,2019,29.0,7,Formaldehyde,17.8,28.9478,33.1,Spartanburg,33.1,Formaldehyde
South Carolina,Chesterfield,2020,346,287,59,0,0,0,0,91,53,39,0,0,147,199,0,SC,219,63.0859,51.8106,74.3647,50.4148,45025,4,212.622124,60,7,Volatile Organic Compounds,142.490014,67.02,Fabricated Metal Products Plant,130.706724,CROWN BEVERAGE PACKAGING,130.706724,2020,13,reported,2019,27.6,7,Formaldehyde,19.8,28.9478,33.1,Spartanburg,33.1,Formaldehyde
South Carolina,Darlington,2020,253,253,0,0,0,0,0,49,42,32,0,0,253,0,0,SC,219,63.0859,51.8106,74.3647,50.4148,45031,4,3685.474152,97,12,Carbon Monoxide,1067.08433,28.95,Steel Mill,1387.779501,NUCOR CORPORATION - DARLINGTON PLANT,1387.779501,2020,13,reported,2019,26.7,7,Formaldehyde,19.0,28.9478,33.1,Spartanburg,33.1,Formaldehyde
South Carolina,Edgefield,2020,366,307,58,1,0,0,0,115,53,37,0,0,156,210,0,SC,219,63.0859,51.8106,74.3647,50.4148,45037,4,63.211895,40,3,Volatile Organic Compounds,38.005685,60.12,Petroleum Storage Facility,47.893418,MAGELLAN TERMINAL HOLDINGS LP N AUGUSTA,47.893418,2020,13,reported,2019,30.7,7,Formaldehyde,22.3,28.9478,33.1,Spartanburg,33.1,Formaldehyde
South Carolina,Florence,2020,352,290,62,0,0,0,0,95,53,37,0,0,0,352,0,SC,219,63.0859,51.8106,74.3647,50.4148,45041,4,7799.777714,113,15,Volatile Organic Compounds,2116.925426,27.14,Pulp and Paper Plant,6349.508036,WESTROCK CP LLC,6349.508036,2020,13,reported,2019,27.4,7,Formaldehyde,19.2,28.9478,33.1,Spartanburg,33.1,Formaldehyde
South Carolina,Greenville,2020,366,234,131,1,0,0,0,116,60,44,0,1,133,232,0,SC,219,63.0859,51.8106,74.3647,50.4148,45045,4,2101.155129,125,34,Volatile Organic Compounds,733.815025,34.92,"Plastic, Resin, Rubber or Syn Fiber Manuf Plant",561.245619,MICHELIN NA US1 GREENVILLE,329.664417,2020,13,reported,2019,30.8,7,Formaldehyde,20.6,28.9478,33.1,Spartanburg,33.1,Formaldehyde
South Carolina,Horry,2020,214,214,0,0,0,0,0,50,44,32,0,0,214,0,0,SC,219,63.0859,51.8106,74.3647,50.4148,45051,4,2288.762401,96,10,Carbon Monoxide,1143.590178,49.97,Lumber/Sawmill,1461.811076,CANFOR SOUTHERN PINE - CONWAY MILL,1461.811076,2020,13,reported,2019,23.0,7,Formaldehyde,16.0,28.9478,33.1,Spartanburg,33.1,Formaldehyde
South Carolina,Lexington,2020,365,263,101,1,0,0,0,111,55,39,0,0,0,352,13,SC,219,63.0859,51.8106,74.3647,50.4148,45063,4,2493.916883,98,14,Nitrogen Oxides,633.194193,25.39,Electricity Generation via Combustion,663.097744,MCMEEKIN STATION,663.097744,2020,13,reported,2019,30.8,7,Formaldehyde,22.4,28.9478,33.1,Spartanburg,33.1,Formaldehyde
South Carolina,Richland,2020,366,289,76,1,0,0,0,117,55,40,0,1,146,219,0,SC,219,63.0859,51.8106,74.3647,50.4148,45079,4,9958.311634,118,25,Carbon Monoxide,2829.386674,28.41,Pulp and Paper Plant,7545.508638,SYLVAMO - EASTOVER MILL,7545.508638,2020,13,reported,2019,31.5,7,Formaldehyde,22.9,28.9478,33.1,Spartanburg,33.1,Formaldehyde
South Carolina,Spartanburg,2020,366,232,132,2,0,0,0,112,58,45,0,0,103,263,0,SC,219,63.0859,51.8106,74.3647,50.4148,45083,4,4133.683169,129,40,Volatile Organic Compounds,1739.680449,42.09,Automobile/Truck or Parts Plant,1257.448663,BMW MANUFACTURING CO LLC,1257.448663,2020,13,reported,2019,33.1,7,Formaldehyde,21.2,28.9478,33.1,Spartanburg,33.1,Formaldehyde
South Carolina,York,2020,366,303,63,0,0,0,0,93,53,39,0,0,156,210,0,SC,219,63.0859,51.8106,74.3647,50.4148,45091,4,9214.267568,106,11,Carbon Monoxide,3468.044081,37.64,Pulp and Paper Plant,8508.316281,NEW-INDY CATAWBA LLC,8508.316281,2020,13,reported,2019,31.0,7,Formaldehyde,21.6,28.9478,33.1,Spartanburg,33.1,Formaldehyde
South Dakota,Brookings,2020,366,305,61,0,0,0,0,87,55,39,0,0,281,52,33,SD,229,45.5386,33.6906,57.3992,23.0275,46011,8,2231.610981,52,9,Volatile Organic Compounds,889.387915,39.85,Food Products Processing Plant,1257.852307,South Dakota Soybean Processors,728.247076,2020,,suppressed,2019,14.5,7,Formaldehyde,7.8,12.9091,18.6,Minnehaha,18.6,Formaldehyde
South Dakota,Brown,2020,364,308,56,0,0,0,0,78,54,28,0,0,0,258,106,SD,229,45.5386,33.6906,57.3992,23.0275,46013,8,1527.405403,54,11,Volatile Organic Compounds,532.996789,34.9,Ethanol Biorefineries/Soy Biodiesel,569.766785,Ag Processing Inc,442.75688,2020,,suppressed,2019,14.1,7,Formaldehyde,7.7,12.9091,18.6,Minnehaha,18.6,Formaldehyde
South Dakota,Codington,2020,366,293,72,1,0,0,0,101,55,38,0,0,156,167,43,SD,229,45.5386,33.6906,57.3992,23.0275,46029,8,760.401061,45,7,Volatile Organic Compounds,326.185345,42.9,Ethanol Biorefineries/Soy Biodiesel,481.253309,Glacial Lakes Energy,481.253309,2020,,suppressed,2019,13.8,7,Formaldehyde,7.6,12.9091,18.6,Minnehaha,18.6,Formaldehyde
South Dakota,Custer,2020,366,323,41,2,0,0,0,119,54,41,0,0,348,17,1,SD,229,45.5386,33.6906,57.3992,23.0275,46033,8,14.195118,40,2,Carbon Monoxide,11.879785,83.69,Airport,14.195118,Custer County,13.092093,2020,,suppressed,2019,11.5,7,Formaldehyde,6.9,12.9091,18.6,Minnehaha,18.6,Formaldehyde
South Dakota,Hughes,2020,355,332,23,0,0,0,0,79,40,19,0,0,0,355,0,SD,229,45.5386,33.6906,57.3992,23.0275,46065,8,139.894662,42,2,Carbon Monoxide,105.606628,75.49,Airport,139.894662,Pierre Regional,122.278999,2020,,suppressed,2019,13.2,7,Formaldehyde,7.3,12.9091,18.6,Minnehaha,18.6,Formaldehyde
South Dakota,Jackson,2020,366,324,42,0,0,0,0,90,52,39,0,0,319,45,2,SD,229,45.5386,33.6906,57.3992,23.0275,46071,8,0.171234,38,1,Carbon Monoxide,0.153574,89.69,Airport,0.171234,Kadoka Muni,0.171234,2020,,suppressed,2019,11.6,7,Formaldehyde,6.9,12.9091,18.6,Minnehaha,18.6,Formaldehyde
South Dakota,Meade,2020,364,342,22,0,0,0,0,84,47,38,0,0,350,0,14,SD,229,45.5386,33.6906,57.3992,23.0275,46093,8,39.219841,40,2,Carbon Monoxide,35.222611,89.81,Airport,39.219841,Sturgis Muni,35.298585,2020,,suppressed,2019,13.9,7,Formaldehyde,7.7,12.9091,18.6,Minnehaha,18.6,Formaldehyde
South Dakota,Minnehaha,2020,366,298,68,0,0,0,0,90,56,38,0,2,205,151,8,SD,229,45.5386,33.6906,57.3992,23.0275,46099,8,1437.544695,77,16,Volatile Organic Compounds,594.3996,41.35,Unspecified,775.507054,Joe Foss Field,341.230005,2020,,suppressed,2019,18.6,7,Formaldehyde,8.7,12.9091,18.6,Minnehaha,18.6,Formaldehyde
South Dakota,Pennington,2020,366,264,102,0,0,0,0,92,64,35,0,27,0,197,142,SD,229,45.5386,33.6906,57.3992,23.0275,46103,8,3569.716111,87,14,Carbon Monoxide,1233.305732,34.55,Portland Cement Manufacturing,1777.046971,GCC Dacotah,1777.046971,2020,,suppressed,2019,16.0,7,Formaldehyde,7.8,12.9091,18.6,Minnehaha,18.6,Formaldehyde
South Dakota,Union,2020,366,304,61,1,0,0,0,141,56,39,0,0,209,139,18,SD,229,45.5386,33.6906,57.3992,23.0275,46127,8,1.430286,44,2,Carbon Monoxide,1.029485,71.98,Airport,1.145836,GRAHAM FIELD,1.145836,2020,,suppressed,2019,15.0,7,Formaldehyde,8.6,12.9091,18.6,Minnehaha,18.6,Formaldehyde
Tennessee,Anderson,2020,245,238,7,0,0,0,0,64,46,35,0,0,245,0,0,TN,312,58.3703,47.2667,69.4703,57.3004,47001,4,1533.845671,108,7,Nitrogen Oxides,532.063177,34.69,Electricity Generation via Combustion,973.53681,TVA BULL RUN FOSSIL PLANT,973.53681,2020,11,reported,2019,28.5,7,Formaldehyde,20.2,25.3863,36.7,Claiborne,36.7,Formaldehyde
Tennessee,Blount,2020,366,273,93,0,0,0,0,93,56,42,0,0,183,183,0,TN,312,58.3703,47.2667,69.4703,57.3004,47009,4,1538.738977,85,6,Carbon Monoxide,442.141916,28.73,Airport,642.835147,Mc Ghee Tyson,642.835147,2020,11,reported,2019,28.4,7,Formaldehyde,19.8,25.3863,36.7,Claiborne,36.7,Formaldehyde
Tennessee,Claiborne,2020,345,343,2,0,0,0,0,51,44,32,0,0,345,0,0,TN,312,58.3703,47.2667,69.4703,57.3004,47025,4,67.797291,46,3,Carbon Monoxide,31.828924,46.95,Airport,35.524232,New Tazewell Municipal,35.524232,2020,11,reported,2019,36.7,7,Formaldehyde,17.5,25.3863,36.7,Claiborne,36.7,Formaldehyde
Tennessee,Davidson,2020,366,190,174,2,0,0,0,116,62,50,0,4,71,291,0,TN,312,58.3703,47.2667,69.4703,57.3004,47037,4,7007.658493,98,216,Nitrogen Oxides,1810.055662,25.83,Unspecified,2176.116997,"Carlex Glass America, LLC",1398.867428,2020,11,reported,2019,29.8,7,Formaldehyde,20.3,25.3863,36.7,Claiborne,36.7,Formaldehyde
Tennessee,DeKalb,2020,341,336,5,0,0,0,0,61,44,33,0,0,341,0,0,TN,312,58.3703,47.2667,69.4703,57.3004,47041,4,84.523767,60,3,Volatile Organic Compounds,49.404122,58.45,Unspecified,65.162299,Federal-Mogul Motorparts,65.142649,2020,11,reported,2019,23.4,7,Formaldehyde,16.4,25.3863,36.7,Claiborne,36.7,Formaldehyde
Tennessee,Dyer,2020,351,293,57,1,0,0,0,117,53,31,0,0,0,351,0,TN,312,58.3703,47.2667,69.4703,57.3004,47045,4,101.83144,59,6,Volatile Organic Compounds,54.629968,53.65,Unspecified,60.777246,Frazier Industrial Company - Dyersburg Facility,38.955385,2020,11,reported,2019,22.4,7,Formaldehyde,15.4,25.3863,36.7,Claiborne,36.7,Formaldehyde
Tennessee,Hamilton,2020,364,219,144,0,1,0,0,151,61,46,0,0,92,272,0,TN,312,58.3703,47.2667,69.4703,57.3004,47065,4,5678.268068,86,172,Nitrogen Oxides,2004.668662,35.3,Portland Cement Manufacturing,2451.845131,Signal Mountain Cement Company d/b/a Buzzi Unicem USA,2451.845131,2020,11,reported,2019,31.2,7,Formaldehyde,22.0,25.3863,36.7,Claiborne,36.7,Formaldehyde
Tennessee,Jefferson,2020,240,232,8,0,0,0,0,74,48,37,0,0,240,0,0,TN,312,58.3703,47.2667,69.4703,57.3004,47089,4,58.067197,19,2,Volatile Organic Compounds,48.4169,83.38,Unspecified,58.067197,BALL METALPACK LLC,44.844886,2020,11,reported,2019,27.9,7,Formaldehyde,19.4,25.3863,36.7,Claiborne,36.7,Formaldehyde
Tennessee,Knox,2020,366,233,133,0,0,0,0,91,60,44,0,0,85,281,0,TN,312,58.3703,47.2667,69.4703,57.3004,47093,4,5434.753116,63,12,Carbon Monoxide,1896.992357,34.9,Portland Cement Manufacturing,2498.772169,"Cemex Construction Materials Atlantic, LLC - Knoxville Plant",2498.772169,2020,11,reported,2019,31.2,7,Formaldehyde,21.3,25.3863,36.7,Claiborne,36.7,Formaldehyde
Tennessee,Lawrence,2020,359,325,34,0,0,0,0,75,49,26,0,0,0,359,0,TN,312,58.3703,47.2667,69.4703,57.3004,47099,4,114.327722,47,4,Volatile Organic Compounds,28.948947,25.32,Unspecified,81.894202,GT Refractory Solutions LLC,46.463175,2020,11,reported,2019,24.6,7,Formaldehyde,17.5,25.3863,36.7,Claiborne,36.7,Formaldehyde
Tennessee,Loudon,2020,366,299,67,0,0,0,0,97,54,38,0,0,136,230,0,TN,312,58.3703,47.2667,69.4703,57.3004,47105,4,4625.864635,43,6,Volatile Organic Compounds,1644.325997,35.55,"Plastic, Resin, Rubber or Syn Fiber Manuf Plant",2126.431903,Viskase Companies Inc,2126.431903,2020,11,reported,2019,30.1,7,Formaldehyde,21.1,25.3863,36.7,Claiborne,36.7,Formaldehyde
Tennessee,Madison,2020,354,304,49,1,0,0,0,108,53,33,0,0,0,354,0,TN,312,58.3703,47.2667,69.4703,57.3004,47113,4,2745.20291,62,14,Volatile Organic Compounds,685.876059,24.98,Food Products Processing Plant,893.120434,Pringles Manufacturing Company,893.120434,2020,11,reported,2019,25.8,7,Formaldehyde,18.0,25.3863,36.7,Claiborne,36.7,Formaldehyde
Tennessee,Maury,2020,351,302,49,0,0,0,0,92,53,29,0,0,0,351,0,TN,312,58.3703,47.2667,69.4703,57.3004,47119,4,2138.649764,75,11,Nitrogen Oxides,903.61732,42.25,Compressor Station,1193.908246,"Columbia Gulf Transmission, LLC - Hampshire Compressor Station",1193.908246,2020,11,reported,2019,25.8,7,Formaldehyde,17.9,25.3863,36.7,Claiborne,36.7,Formaldehyde
Tennessee,McMinn,2020,358,280,78,0,0,0,0,89,55,37,0,0,0,358,0,TN,312,58.3703,47.2667,69.4703,57.3004,47107,4,6446.600971,90,9,Carbon Monoxide,1711.678072,26.55,Pulp and Paper Plant,4207.181687,Resolute Forest Products - Calhoun Operations,4207.181687,2020,11,reported,2019,28.2,7,Formaldehyde,20.0,25.3863,36.7,Claiborne,36.7,Formaldehyde
Tennessee,Montgomery,2020,359,288,69,2,0,0,0,116,54,35,0,0,0,359,0,TN,312,58.3703,47.2667,69.4703,57.3004,47125,4,1901.366464,87,11,Sulfur Dioxide,456.149143,23.99,"Brick, Structural Clay, or Clay Ceramics Plant",933.621227,"Florim USA, Inc.",933.621227,2020,11,reported,2019,26.0,7,Formaldehyde,17.8,25.3863,36.7,Claiborne,36.7,Formaldehyde
Tennessee,Putnam,2020,359,310,48,1,0,0,0,105,52,31,0,0,0,359,0,TN,312,58.3703,47.2667,69.4703,57.3004,47141,4,244.39063,34,4,Carbon Monoxide,131.585604,53.84,Compressor Station,221.501365,"East Tennessee Natural Gas, LLC - Monterey Compressor Station 3107",221.501365,2020,11,reported,2019,24.2,7,Formaldehyde,16.9,25.3863,36.7,Claiborne,36.7,Formaldehyde
Tennessee,Roane,2020,338,272,66,0,0,0,0,92,55,35,0,0,0,338,0,TN,312,58.3703,47.2667,69.4703,57.3004,47145,4,2580.308465,103,9,Sulfur Dioxide,874.413813,33.89,Electricity Generation via Combustion,2262.029945,TVA - Kingston Fossil Plant,2262.029945,2020,11,reported,2019,28.7,7,Formaldehyde,20.6,25.3863,36.7,Claiborne,36.7,Formaldehyde
Tennessee,Sevier,2020,363,336,26,1,0,0,0,105,49,40,0,0,363,0,0,TN,312,58.3703,47.2667,69.4703,57.3004,47155,4,452.029454,51,5,Carbon Monoxide,370.394644,81.94,Airport,346.692767,Gatlinburg-Pigeon Forge,346.692767,2020,11,reported,2019,26.8,7,Formaldehyde,18.7,25.3863,36.7,Claiborne,36.7,Formaldehyde
Tennessee,Shelby,2020,366,158,207,0,1,0,0,153,65,52,0,0,72,294,0,TN,312,58.3703,47.2667,69.4703,57.3004,47157,4,15174.255929,106,60,Carbon Monoxide,4152.59823,27.37,Airport,4753.022272,Memphis Intl,4363.921595,2020,11,reported,2019,31.3,7,Formaldehyde,19.2,25.3863,36.7,Claiborne,36.7,Formaldehyde
Tennessee,Sullivan,2020,366,314,52,0,0,0,0,80,52,36,0,0,161,205,0,TN,312,58.3703,47.2667,69.4703,57.3004,47163,4,17340.20582,119,11,Nitrogen Oxides,4150.142717,23.93,Chemical Plant,15780.178695,Eastman Chemical Company,15780.178695,2020,11,reported,2019,25.4,7,Formaldehyde,17.4,25.3863,36.7,Claiborne,36.7,Formaldehyde
Tennessee,Sumner,2020,360,273,86,1,0,0,0,121,56,41,0,0,137,223,0,TN,312,58.3703,47.2667,69.4703,57.3004,47165,4,5370.366578,104,7,Nitrogen Oxides,1982.95511,36.92,Electricity Generation via Combustion,2966.77662,TVA - Gallatin Fossil Plant,2966.77662,2020,11,reported,2019,26.8,7,Formaldehyde,18.5,25.3863,36.7,Claiborne,36.7,Formaldehyde
Tennessee,Williamson,2020,241,231,10,0,0,0,0,71,47,37,0,0,241,0,0,TN,312,58.3703,47.2667,69.4703,57.3004,47187,4,118.689287,16,1,Volatile Organic Compounds,59.168407,49.85,Unspecified,118.689287,Essex Furukawa Magnet Wire USA LLC,118.689287,2020,11,reported,2019,26.9,7,Formaldehyde,18.7,25.3863,36.7,Claiborne,36.7,Formaldehyde
Tennessee,Wilson,2020,245,240,5,0,0,0,0,64,45,33,0,0,245,0,0,TN,312,58.3703,47.2667,69.4703,57.3004,47189,4,59.11215,47,5,Carbon Monoxide,44.563435,75.39,Airport,54.442947,Lebanon Muni,53.83008,2020,11,reported,2019,27.2,7,Formaldehyde,18.7,25.3863,36.7,Claiborne,36.7,Formaldehyde
Texas,Atascosa,2020,214,149,64,0,1,0,0,158,65,38,0,0,0,214,0,TX,1040,66.4786,54.2462,78.7124,33.2808,48013,6,17429.416116,88,8,Sulfur Dioxide,10616.125919,60.91,Electricity Generation via Combustion,16647.50278,SAN MIGUEL ELECTRIC PLANT,16647.50278,2020,82,reported,2019,19.5,7,Formaldehyde,13.2,21.0504,49.8,Jefferson,49.8,Formaldehyde
Texas,Bell,2020,366,236,129,1,0,0,0,135,63,44,0,0,193,173,0,TX,1040,66.4786,54.2462,78.7124,33.2808,48027,6,4578.912874,87,27,Carbon Monoxide,1395.229389,30.47,Airport,1661.273567,Robert Gray Aaf,1290.087476,2020,82,reported,2019,22.9,7,Formaldehyde,14.6,21.0504,49.8,Jefferson,49.8,Formaldehyde
Texas,Bexar,2020,366,119,237,9,1,0,0,160,80,55,0,0,110,255,1,TX,1040,66.4786,54.2462,78.7124,33.2808,48029,6,17563.89022,89,57,Nitrogen Oxides,8298.24601,47.25,Electricity Generation via Combustion,8067.089688,CALAVERAS PLANT,5901.348745,2020,82,reported,2019,22.4,7,Formaldehyde,14.9,21.0504,49.8,Jefferson,49.8,Formaldehyde
Texas,Bowie,2020,358,193,164,1,0,0,0,127,61,48,0,0,0,358,0,TX,1040,66.4786,54.2462,78.7124,33.2808,48037,6,1391.674943,78,5,Volatile Organic Compounds,578.9107,41.6,Lumber/Sawmill,929.431561,NEW BOSTON LUMBER MILL,929.431561,2020,82,reported,2019,30.4,7,Formaldehyde,21.6,21.0504,49.8,Jefferson,49.8,Formaldehyde
Texas,Brazoria,2020,365,328,34,2,1,0,0,182,51,33,0,11,354,0,0,TX,1040,66.4786,54.2462,78.7124,33.2808,48039,6,22205.253451,130,83,Nitrogen Oxides,7327.062332,33.0,Chemical Plant,14372.885777,DOW TEXAS OPERATIONS FREEPORT,4488.967218,2020,82,reported,2019,26.7,7,Formaldehyde,14.5,21.0504,49.8,Jefferson,49.8,Formaldehyde
Texas,Brazos,2020,303,210,93,0,0,0,0,99,57,40,0,0,0,303,0,TX,1040,66.4786,54.2462,78.7124,33.2808,48041,6,1219.119024,61,11,Carbon Monoxide,515.899834,42.32,Unspecified,510.637151,Easterwood Field,433.379476,2020,82,reported,2019,23.3,7,Formaldehyde,15.4,21.0504,49.8,Jefferson,49.8,Formaldehyde
Texas,Brewster,2020,360,314,46,0,0,0,0,80,52,41,0,0,278,82,0,TX,1040,66.4786,54.2462,78.7124,33.2808,48043,6,36.847887,40,3,Carbon Monoxide,32.196648,87.38,Airport,36.847887,Alpine-Casparis Municip,36.57182,2020,82,reported,2019,13.9,7,Formaldehyde,9.7,21.0504,49.8,Jefferson,49.8,Formaldehyde
Texas,Cameron,2020,366,158,199,6,3,0,0,184,74,52,0,0,64,302,0,TX,1040,66.4786,54.2462,78.7124,33.2808,48061,6,2058.161886,69,23,Carbon Monoxide,597.347081,29.02,Airport,1191.026707,Valley Intl,673.061928,2020,82,reported,2019,18.2,7,Formaldehyde,12.3,21.0504,49.8,Jefferson,49.8,Formaldehyde
Texas,Collin,2020,365,317,45,2,1,0,0,154,54,37,0,0,365,0,0,TX,1040,66.4786,54.2462,78.7124,33.2808,48085,6,1025.985253,80,21,Carbon Monoxide,610.188129,59.47,Airport,430.132268,Mc Kinney Muni,407.63908,2020,82,reported,2019,25.2,7,Formaldehyde,17.0,21.0504,49.8,Jefferson,49.8,Formaldehyde
Texas,Culberson,2020,201,125,69,7,0,0,0,112,80,46,0,0,117,84,0,TX,1040,66.4786,54.2462,78.7124,33.2808,48109,6,1542.206669,50,10,Nitrogen Oxides,575.378278,37.31,Unspecified,990.767142,FALCON GAS PLANT,381.953558,2020,82,reported,2019,14.6,7,Formaldehyde,9.8,21.0504,49.8,Jefferson,49.8,Formaldehyde
Texas,Dallas,2020,366,218,142,6,0,0,0,135,69,46,0,17,161,187,1,TX,1040,66.4786,54.2462,78.7124,33.2808,48113,6,7935.637758,104,100,Carbon Monoxide,3206.82705,40.41,Airport,2403.221976,Dallas Love Field,1308.263098,2020,82,reported,2019,27.0,7,Formaldehyde,17.2,21.0504,49.8,Jefferson,49.8,Formaldehyde
Texas,Denton,2020,366,245,113,8,0,0,0,142,71,44,0,3,223,140,0,TX,1040,66.4786,54.2462,78.7124,33.2808,48121,6,3877.677348,86,42,Carbon Monoxide,1881.174028,48.51,Landfill,1098.603887,DFW RECYCLING AND DISPOSAL FACILITY,759.88871,2020,82,reported,2019,27.8,7,Formaldehyde,17.1,21.0504,49.8,Jefferson,49.8,Formaldehyde
Texas,Ector,2020,346,271,75,0,0,0,0,96,57,36,0,0,0,346,0,TX,1040,66.4786,54.2462,78.7124,33.2808,48135,6,5700.088307,79,18,Nitrogen Oxides,2486.204812,43.62,Electricity Generation via Combustion,2007.471915,GOLDSMITH GAS PLANT,1518.27107,2020,82,reported,2019,21.0,7,Formaldehyde,13.3,21.0504,49.8,Jefferson,49.8,Formaldehyde
Texas,El Paso,2020,366,95,252,17,2,0,0,192,89,59,0,6,151,181,28,TX,1040,66.4786,54.2462,78.7124,33.2808,48141,6,7319.280847,93,30,Nitrogen Oxides,3021.398723,41.28,Electricity Generation via Combustion,2599.017571,NEWMAN STATION,2226.05996,2020,82,reported,2019,43.9,7,Ethylene oxide,24.4,21.0504,49.8,Jefferson,49.8,Formaldehyde
Texas,Ellis,2020,366,239,126,1,0,0,0,125,61,45,0,2,137,227,0,TX,1040,66.4786,54.2462,78.7124,33.2808,48139,6,20722.856922,85,40,Carbon Monoxide,7089.744255,34.21,Portland Cement Manufacturing,12562.964305,MIDLOTHIAN PLANT,12562.964305,2020,82,reported,2019,23.4,7,Formaldehyde,15.0,21.0504,49.8,Jefferson,49.8,Formaldehyde
Texas,Galveston,2020,360,238,119,3,0,0,0,143,66,44,0,1,198,159,2,TX,1040,66.4786,54.2462,78.7124,33.2808,48167,6,14567.067023,117,40,Nitrogen Oxides,3158.040841,21.68,Petroleum Refinery,9357.410697,GALVESTON BAY REFINERY,6538.212309,2020,82,reported,2019,23.6,7,Formaldehyde,13.3,21.0504,49.8,Jefferson,49.8,Formaldehyde
Texas,Gregg,2020,363,357,6,0,0,0,0,74,44,31,0,10,353,0,0,TX,1040,66.4786,54.2462,78.7124,33.2808,48183,6,2694.468183,79,33,Nitrogen Oxides,979.882276,36.37,Unspecified,837.686186,LONGVIEW GAS PLANT,970.762035,2020,82,reported,2019,39.6,7,Formaldehyde,20.3,21.0504,49.8,Jefferson,49.8,Formaldehyde
Texas,Harris,2020,366,109,240,15,2,0,0,190,82,56,0,5,94,266,1,TX,1040,66.4786,54.2462,78.7124,33.2808,48201,6,82040.928168,191,334,Carbon Monoxide,19581.534545,23.87,Chemical Plant,27144.23448,BAYTOWN REFINERY,10953.506555,2020,82,reported,2019,32.2,7,Formaldehyde,17.2,21.0504,49.8,Jefferson,49.8,Formaldehyde
Texas,Harrison,2020,363,264,99,0,0,0,0,100,57,40,0,0,108,255,0,TX,1040,66.4786,54.2462,78.7124,33.2808,48203,6,16065.307538,104,28,Nitrogen Oxides,5289.8228,32.93,Electricity Generation via Combustion,7723.236908,AEP PIRKEY POWER PLANT,6479.666067,2020,82,reported,2019,43.2,7,Formaldehyde,21.1,21.0504,49.8,Jefferson,49.8,Formaldehyde
Texas,Hidalgo,2020,366,222,139,3,2,0,0,157,69,44,0,0,78,288,0,TX,1040,66.4786,54.2462,78.7124,33.2808,48215,6,4126.474075,99,21,Carbon Monoxide,1539.574771,37.31,Electricity Generation via Combustion,2148.861709,W R COWLEY SUGAR HOUSE,911.043314,2020,82,reported,2019,20.8,7,Formaldehyde,14.7,21.0504,49.8,Jefferson,49.8,Formaldehyde
Texas,Hood,2020,357,330,27,0,0,0,0,100,48,33,0,0,357,0,0,TX,1040,66.4786,54.2462,78.7124,33.2808,48221,6,2053.120669,63,13,Nitrogen Oxides,703.02819,34.24,Electricity Generation via Combustion,1156.000207,WOLF HOLLOW II,538.41609,2020,82,reported,2019,21.7,7,Formaldehyde,15.0,21.0504,49.8,Jefferson,49.8,Formaldehyde
Texas,Hunt,2020,366,351,15,0,0,0,0,87,45,32,0,2,364,0,0,TX,1040,66.4786,54.2462,78.7124,33.2808,48231,6,397.307745,56,13,Carbon Monoxide,144.303805,36.32,Airport,153.270918,STEAM POWER PLANT,113.784653,2020,82,reported,2019,23.0,7,Formaldehyde,15.3,21.0504,49.8,Jefferson,49.8,Formaldehyde
Texas,Jefferson,2020,363,219,142,2,0,0,0,122,65,46,0,0,148,215,0,TX,1040,66.4786,54.2462,78.7124,33.2808,48245,6,47476.550379,175,74,Sulfur Dioxide,11763.541784,24.78,Petroleum Refinery,20259.180747,PORT ARTHUR TX CALCINING PLANT,10231.674732,2020,82,reported,2019,49.8,7,Ethylene oxide,24.4,21.0504,49.8,Jefferson,49.8,Formaldehyde
Texas,Johnson,2020,349,320,27,2,0,0,0,105,50,34,0,0,349,0,0,TX,1040,66.4786,54.2462,78.7124,33.2808,48251,6,4372.023337,77,41,Nitrogen Oxides,1139.772827,26.07,Mineral Wool Plant,1398.990628,JOHNS MANVILLE CLEBURNE PLANT,1398.990628,2020,82,reported,2019,23.3,7,Formaldehyde,15.6,21.0504,49.8,Jefferson,49.8,Formaldehyde
Texas,Karnes,2020,363,363,0,0,0,0,0,32,17,6,0,363,0,0,0,TX,1040,66.4786,54.2462,78.7124,33.2808,48255,6,3054.90906,52,21,Volatile Organic Compounds,832.47593,27.25,Unspecified,2806.309035,SOUTH KARNES CENTRAL FACILITY,367.172705,2020,82,reported,2019,21.9,7,Formaldehyde,13.9,21.0504,49.8,Jefferson,49.8,Formaldehyde
Texas,Kaufman,2020,366,260,105,1,0,0,0,134,60,42,0,3,171,192,0,TX,1040,66.4786,54.2462,78.7124,33.2808,48257,6,3007.740391,60,10,Nitrogen Oxides,1271.697587,42.28,Electricity Generation via Combustion,2553.382801,FORNEY POWER PLANT,2553.382801,2020,82,reported,2019,23.2,7,Formaldehyde,15.3,21.0504,49.8,Jefferson,49.8,Formaldehyde
Texas,Kleberg,2020,330,181,143,4,2,0,0,174,70,46,0,0,0,330,0,TX,1040,66.4786,54.2462,78.7124,33.2808,48273,6,1394.596453,57,3,Nitrogen Oxides,762.844643,54.7,Gas Plant,1309.426714,KING RANCH PLANT,1309.426714,2020,82,reported,2019,17.6,7,Formaldehyde,11.8,21.0504,49.8,Jefferson,49.8,Formaldehyde
Texas,Lubbock,2020,352,311,41,0,0,0,0,83,52,26,0,0,0,352,0,TX,1040,66.4786,54.2462,78.7124,33.2808,48303,6,5581.660029,61,19,Nitrogen Oxides,1815.745611,32.53,Electricity Generation via Combustion,2329.971875,JONES STATION POWER PLANT,2242.108466,2020,82,reported,2019,17.6,7,Formaldehyde,11.6,21.0504,49.8,Jefferson,49.8,Formaldehyde
Texas,Maverick,2020,347,254,92,0,1,0,0,164,61,36,0,0,0,347,0,TX,1040,66.4786,54.2462,78.7124,33.2808,48323,6,22.453113,51,7,Nitrogen Oxides,14.206059,63.27,Rail Yard,19.044037,EAGLE PASS,17.662266,2020,82,reported,2019,24.1,7,Formaldehyde,16.9,21.0504,49.8,Jefferson,49.8,Formaldehyde
Texas,McLennan,2020,366,294,72,0,0,0,0,97,54,39,0,0,231,135,0,TX,1040,66.4786,54.2462,78.7124,33.2808,48309,6,8338.537126,76,26,Carbon Monoxide,2558.411622,30.68,Electricity Generation via Combustion,4671.546485,SANDY CREEK ENERGY STATION,4671.546485,2020,82,reported,2019,23.4,7,Formaldehyde,14.8,21.0504,49.8,Jefferson,49.8,Formaldehyde
Texas,Montgomery,2020,366,219,139,8,0,0,0,129,64,44,0,1,142,223,0,TX,1040,66.4786,54.2462,78.7124,33.2808,48339,6,2704.001721,80,22,Carbon Monoxide,1197.850611,44.3,Electricity Generation via Combustion,1457.022305,LEWIS CREEK PLANT,1457.022305,2020,82,reported,2019,32.7,7,Formaldehyde,18.1,21.0504,49.8,Jefferson,49.8,Formaldehyde
Texas,Navarro,2020,366,257,107,2,0,0,0,113,58,42,0,2,139,225,0,TX,1040,66.4786,54.2462,78.7124,33.2808,48349,6,6747.238123,57,10,Sulfur Dioxide,3607.602582,53.47,Unspecified,4951.571246,STREETMAN PLANT,4591.960191,2020,82,reported,2019,23.3,7,Formaldehyde,15.2,21.0504,49.8,Jefferson,49.8,Formaldehyde
Texas,Nueces,2020,366,227,137,0,2,0,0,162,67,46,0,0,135,231,0,TX,1040,66.4786,54.2462,78.7124,33.2808,48355,6,22322.531735,117,59,Nitrogen Oxides,6454.173713,28.91,Petroleum Refinery,12443.0187,CORPUS CHRISTI WEST PLANT,5105.825713,2020,82,reported,2019,17.1,7,Formaldehyde,10.8,21.0504,49.8,Jefferson,49.8,Formaldehyde
Texas,Orange,2020,362,223,137,2,0,0,0,103,62,44,0,0,124,238,0,TX,1040,66.4786,54.2462,78.7124,33.2808,48361,6,23540.572449,115,38,Nitrogen Oxides,7234.420888,30.73,Pulp and Paper Plant,6669.371311,ORANGE MILL,6669.371311,2020,82,reported,2019,34.8,7,Formaldehyde,17.8,21.0504,49.8,Jefferson,49.8,Formaldehyde
Texas,Parker,2020,362,331,30,1,0,0,0,115,50,35,0,0,362,0,0,TX,1040,66.4786,54.2462,78.7124,33.2808,48367,6,2123.182089,76,29,Carbon Monoxide,672.164012,31.66,"Brick, Structural Clay, or Clay Ceramics Plant",779.603299,ACME BRICK BENNETT PLANT,544.725472,2020,82,reported,2019,22.0,7,Formaldehyde,15.1,21.0504,49.8,Jefferson,49.8,Formaldehyde
Texas,Polk,2020,360,351,9,0,0,0,0,71,43,31,0,0,360,0,0,TX,1040,66.4786,54.2462,78.7124,33.2808,48373,6,4124.082189,90,7,Carbon Monoxide,1736.03175,42.09,Plywood & Engineered Wood Products,3624.128368,CAMDEN PLYWOOD & LUMBER COMPLEX,1782.956038,2020,82,reported,2019,26.6,7,Formaldehyde,18.2,21.0504,49.8,Jefferson,49.8,Formaldehyde
Texas,Potter,2020,341,307,34,0,0,0,0,85,50,26,0,0,0,341,0,TX,1040,66.4786,54.2462,78.7124,33.2808,48375,6,17326.963776,86,13,Sulfur Dioxide,8227.984569,47.49,Electricity Generation via Combustion,15171.074755,HARRINGTON STATION POWER PLANT,13714.659197,2020,82,reported,2019,15.7,7,Formaldehyde,10.4,21.0504,49.8,Jefferson,49.8,Formaldehyde
Texas,Randall,2020,357,277,80,0,0,0,0,90,64,42,0,0,357,0,0,TX,1040,66.4786,54.2462,78.7124,33.2808,48381,6,853.073059,76,12,Carbon Monoxide,189.175583,22.18,Glass Plant,518.452294,AMARILLO FACILITY,518.452294,2020,82,reported,2019,15.3,7,Formaldehyde,10.1,21.0504,49.8,Jefferson,49.8,Formaldehyde
Texas,Rockwall,2020,363,345,17,1,0,0,0,133,45,32,0,0,363,0,0,TX,1040,66.4786,54.2462,78.7124,33.2808,48397,6,201.286585,52,5,Carbon Monoxide,127.543345,63.36,Airport,132.076099,Rockwall Muni,116.757833,2020,82,reported,2019,23.6,7,Formaldehyde,15.7,21.0504,49.8,Jefferson,49.8,Formaldehyde
Texas,Smith,2020,366,352,14,0,0,0,0,84,46,33,0,3,363,0,0,TX,1040,66.4786,54.2462,78.7124,33.2808,48423,6,2668.952972,74,14,Nitrogen Oxides,652.570682,24.45,Petroleum Refinery,1537.887252,DELEK TYLER REFINERY,1537.887252,2020,82,reported,2019,27.2,7,Formaldehyde,18.0,21.0504,49.8,Jefferson,49.8,Formaldehyde
Texas,Tarrant,2020,366,163,187,13,3,0,0,159,77,52,0,7,131,228,0,TX,1040,66.4786,54.2462,78.7124,33.2808,48439,6,13139.869976,116,103,Carbon Monoxide,5450.338505,41.48,Airport,8432.66471,Dallas/Fort Worth Inter,6048.332591,2020,82,reported,2019,30.0,7,Formaldehyde,17.0,21.0504,49.8,Jefferson,49.8,Formaldehyde
Texas,Travis,2020,366,182,182,1,1,0,0,154,66,51,0,3,95,267,1,TX,1040,66.4786,54.2462,78.7124,33.2808,48453,6,5209.988725,94,25,Nitrogen Oxides,1997.433133,38.34,Electricity Generation via Combustion,1567.681308,Austin-Bergstrom Intl,1054.548215,2020,82,reported,2019,22.4,7,Formaldehyde,15.0,21.0504,49.8,Jefferson,49.8,Formaldehyde
Texas,Victoria,2020,329,308,21,0,0,0,0,100,47,31,0,0,329,0,0,TX,1040,66.4786,54.2462,78.7124,33.2808,48469,6,5436.488596,86,17,Nitrogen Oxides,2692.130379,49.52,Chemical Plant,3854.560729,VICTORIA SITE,3843.5007,2020,82,reported,2019,26.7,7,Formaldehyde,13.9,21.0504,49.8,Jefferson,49.8,Formaldehyde
Texas,Webb,2020,366,217,146,2,1,0,0,163,68,47,0,0,97,269,0,TX,1040,66.4786,54.2462,78.7124,33.2808,48479,6,2820.317366,76,28,Carbon Monoxide,795.228231,28.2,Unspecified,928.073911,Laredo Intl,732.907256,2020,82,reported,2019,34.0,7,Formaldehyde,16.6,21.0504,49.8,Jefferson,49.8,Formaldehyde
Texas,Wilson,2020,365,365,0,0,0,0,0,34,18,7,0,365,0,0,0,TX,1040,66.4786,54.2462,78.7124,33.2808,48493,6,458.957789,51,6,Sulfur Dioxide,219.1129,47.74,Unspecified,430.51928,ALTON CENTRAL FACILITY NO 1,304.8039,2020,82,reported,2019,19.5,7,Formaldehyde,13.0,21.0504,49.8,Jefferson,49.8,Formaldehyde
Utah,Box Elder,2020,355,316,36,3,0,0,0,147,51,40,0,27,328,0,0,UT,306,49.5779,35.811,63.3456,20.9945,49003,8,3040.655519,86,7,Carbon Monoxide,1473.416276,48.46,Steel Mill,1871.431811,Nucor Steel,1871.431811,2020,,suppressed,2019,12.0,7,Formaldehyde,7.3,11.7862,20.2,Salt Lake,20.2,Formaldehyde
Utah,Cache,2020,366,205,152,5,4,0,0,162,72,48,0,0,170,179,17,UT,306,49.5779,35.811,63.3456,20.9945,49005,8,163.845762,71,5,Carbon Monoxide,126.978206,77.5,Airport,139.387118,Logan-Cache,139.387118,2020,,suppressed,2019,12.4,7,Formaldehyde,7.5,11.7862,20.2,Salt Lake,20.2,Formaldehyde
Utah,Carbon,2020,350,308,42,0,0,0,0,93,51,43,0,2,348,0,0,UT,306,49.5779,35.811,63.3456,20.9945,49007,8,1176.948621,89,7,Sulfur Dioxide,374.683618,31.84,Electricity Generation via Combustion,948.373494,Sunnyside Cogeneration Associates- Sunnyside Cogeneration Facility,948.373494,2020,,suppressed,2019,11.8,7,Formaldehyde,7.0,11.7862,20.2,Salt Lake,20.2,Formaldehyde
Utah,Davis,2020,366,217,135,13,1,0,0,157,78,46,0,33,187,146,0,UT,306,49.5779,35.811,63.3456,20.9945,49011,8,3335.119904,99,21,Carbon Monoxide,942.357118,28.26,Petroleum Refinery,2629.265539,Chevron Products Co - Salt Lake Refinery,1111.798607,2020,,suppressed,2019,14.9,7,Formaldehyde,8.5,11.7862,20.2,Salt Lake,20.2,Formaldehyde
Utah,Duchesne,2020,366,239,122,5,0,0,0,125,68,46,0,0,259,107,0,UT,306,49.5779,35.811,63.3456,20.9945,49013,8,1791.75586,67,9,Nitrogen Oxides,1131.472896,63.15,Compressor Station,1394.870022,Kinder Morgan Altamont LLC: Altamont South Compressor Station,546.613756,2020,,suppressed,2019,15.5,7,Formaldehyde,7.2,11.7862,20.2,Salt Lake,20.2,Formaldehyde
Utah,Garfield,2020,365,331,34,0,0,0,0,74,50,42,0,0,361,4,0,UT,306,49.5779,35.811,63.3456,20.9945,49017,8,21.45572,40,4,Carbon Monoxide,19.149897,89.25,Airport,21.45572,BULLFROG BASIN,7.665542,2020,,suppressed,2019,9.8,7,Formaldehyde,6.1,11.7862,20.2,Salt Lake,20.2,Formaldehyde
Utah,Iron,2020,366,312,54,0,0,0,0,88,53,41,0,20,273,73,0,UT,306,49.5779,35.811,63.3456,20.9945,49021,8,376.130803,54,5,Carbon Monoxide,260.341678,69.22,Airport,297.137573,Cedar City Regional,234.360508,2020,,suppressed,2019,10.2,7,Formaldehyde,6.4,11.7862,20.2,Salt Lake,20.2,Formaldehyde
Utah,Salt Lake,2020,366,143,200,21,1,1,0,214,93,54,0,21,164,177,4,UT,306,49.5779,35.811,63.3456,20.9945,49035,8,10290.973978,108,48,Carbon Monoxide,2449.477008,23.8,Airport,2455.438101,Salt Lake City Intl,2117.690166,2020,,suppressed,2019,20.2,7,Formaldehyde,9.3,11.7862,20.2,Salt Lake,20.2,Formaldehyde
Utah,San Juan,2020,363,294,67,2,0,0,0,119,58,43,0,0,360,3,0,UT,306,49.5779,35.811,63.3456,20.9945,49037,8,875.714946,66,8,Carbon Monoxide,317.572708,36.26,Gas Plant,769.130801,"Paradox Midstream, LLC- Lisbon Natural Gas Processing Plant",769.130801,2020,,suppressed,2019,10.9,7,Formaldehyde,7.1,11.7862,20.2,Salt Lake,20.2,Formaldehyde
Utah,Tooele,2020,366,253,108,4,1,0,0,162,70,43,0,1,235,130,0,UT,306,49.5779,35.811,63.3456,20.9945,49045,8,6498.86856,177,11,Chlorine,1527.427535,23.5,"Primary Non-ferrous Metal Smelting/Refining Plant (not Lead, Gold, Aluminum, or Copper)",5041.438586,US Magnesium LLC- Rowley Plant,5041.438586,2020,,suppressed,2019,10.9,7,Formaldehyde,6.7,11.7862,20.2,Salt Lake,20.2,Formaldehyde
Utah,Uintah,2020,366,201,160,5,0,0,0,133,72,50,0,0,308,58,0,UT,306,49.5779,35.811,63.3456,20.9945,49047,8,40.194204,45,4,Carbon Monoxide,22.289962,55.46,Airport,26.788875,Vernal,26.788875,2020,,suppressed,2019,12.3,7,Formaldehyde,7.2,11.7862,20.2,Salt Lake,20.2,Formaldehyde
Utah,Utah,2020,366,199,162,5,0,0,0,150,80,48,0,1,201,163,1,UT,306,49.5779,35.811,63.3456,20.9945,49049,8,2254.829389,90,21,Carbon Monoxide,795.481616,35.28,Electricity Generation via Combustion,1210.211089,PacifiCorp Energy: Lake Side Power Plant,1086.960492,2020,,suppressed,2019,13.9,7,Formaldehyde,7.9,11.7862,20.2,Salt Lake,20.2,Formaldehyde
Utah,Washington,2020,366,276,87,3,0,0,0,112,63,44,0,0,318,48,0,UT,306,49.5779,35.811,63.3456,20.9945,49053,8,370.852247,58,5,Carbon Monoxide,176.150415,47.5,Airport,201.698358,St George Muni,175.499256,2020,,suppressed,2019,15.0,7,Formaldehyde,9.7,11.7862,20.2,Salt Lake,20.2,Formaldehyde
Utah,Wayne,2020,116,111,5,0,0,0,0,70,37,10,0,0,0,116,0,UT,306,49.5779,35.811,63.3456,20.9945,49055,8,10.905774,40,2,Carbon Monoxide,9.751606,89.42,Airport,10.905774,Wayne Wonderland,8.009953,2020,,suppressed,2019,9.2,7,Formaldehyde,5.6,11.7862,20.2,Salt Lake,20.2,Formaldehyde
Utah,Weber,2020,366,228,132,6,0,0,0,140,74,45,0,37,221,101,7,UT,306,49.5779,35.811,63.3456,20.9945,49057,8,1597.494549,71,12,Carbon Monoxide,859.0422,53.77,Fabricated Metal Products Plant,527.385045,Westinghouse Electric Company LLC- Zirconium Hafnium Production Plant,527.385045,2020,,suppressed,2019,14.8,7,Formaldehyde,8.6,11.7862,20.2,Salt Lake,20.2,Formaldehyde
Vermont,Bennington,2020,366,330,36,0,0,0,0,73,50,37,0,0,251,115,0,VT,54,43.8061,33.3455,54.2667,46.4767,50003,1,47.648074,43,4,Carbon Monoxide,40.033184,84.02,Airport,45.765029,William H. Morse State,45.765029,2020,,suppressed,2019,14.7,7,Formaldehyde,8.8,15.8857,18.9,Chittenden,18.9,Formaldehyde
Vermont,Chittenden,2020,366,302,64,0,0,0,0,98,53,39,0,0,206,160,0,VT,54,43.8061,33.3455,54.2667,46.4767,50007,1,1170.700391,89,9,Carbon Monoxide,827.297875,70.67,Electricity Generation via Combustion,864.393254,Burlington Electric Dept (McNeil Station),864.393254,2020,,suppressed,2019,18.9,7,Formaldehyde,10.5,15.8857,18.9,Chittenden,18.9,Formaldehyde
Vermont,Rutland,2020,366,283,83,0,0,0,0,97,56,39,0,0,157,209,0,VT,54,43.8061,33.3455,54.2667,46.4767,50021,1,145.08038,58,7,Carbon Monoxide,68.787722,47.41,Unspecified,81.403938,OMYA Verpol,79.089826,2020,,suppressed,2019,15.9,7,Formaldehyde,9.2,15.8857,18.9,Chittenden,18.9,Formaldehyde
Vermont,Windham,2020,113,113,0,0,0,0,0,42,25,12,0,0,0,113,0,VT,54,43.8061,33.3455,54.2667,46.4767,50025,1,11.286731,59,5,Carbon Monoxide,8.532229,75.6,Airport,9.497051,MOUNT SNOW,9.497051,2020,,suppressed,2019,16.6,7,Formaldehyde,9.7,15.8857,18.9,Chittenden,18.9,Formaldehyde
Virgin Islands,St Croix,2020,59,50,9,0,0,0,0,84,58,25,0,0,0,59,0,VI,8,81.45,75.75,87.1,47.7388,,,,,,,,,,,,,,,,,,,,,,,,,
Virgin Islands,St John,2020,111,95,16,0,0,0,0,84,55,21,0,0,0,111,0,VI,8,81.45,75.75,87.1,47.7388,,,,,,,,,,,,,,,,,,,,,,,,,
Virgin Islands,St Thomas,2020,75,58,17,0,0,0,0,75,61,31,0,0,0,75,0,VI,8,81.45,75.75,87.1,47.7388,,,,,,,,,,,,,,,,,,,,,,,,,
Virginia,Albemarle,2020,363,287,76,0,0,0,0,70,53,41,0,0,115,248,0,VA,207,56.415,45.6131,67.2103,48.047,51003,3,471.396119,42,2,Carbon Monoxide,304.855281,64.67,Airport,471.395769,Charlottesville-Albemar,471.395769,2020,11,reported,2019,25.9,7,Formaldehyde,17.5,25.3323,44.8,Richmond City,44.8,Formaldehyde
Virginia,Arlington,2020,366,332,34,0,0,0,0,90,49,34,1,37,267,61,0,VA,207,56.415,45.6131,67.2103,48.047,51013,3,1182.726217,44,3,Carbon Monoxide,586.54618,49.59,Airport,1126.329882,Ronald Reagan Washingto,1126.329882,2020,11,reported,2019,33.0,7,Formaldehyde,19.9,25.3323,44.8,Richmond City,44.8,Formaldehyde
Virginia,Bristol City,2020,116,99,17,0,0,0,0,60,53,32,0,0,0,116,0,VA,207,56.415,45.6131,67.2103,48.047,51520,3,109.514415,47,3,Volatile Organic Compounds,37.036065,33.82,Unspecified,100.401868,Strongwell Corporation/Bristol Division,56.758654,2020,11,reported,2019,23.5,7,Formaldehyde,15.9,25.3323,44.8,Richmond City,44.8,Formaldehyde
Virginia,Caroline,2020,235,232,3,0,0,0,0,64,45,34,0,0,235,0,0,VA,207,56.415,45.6131,67.2103,48.047,51033,3,456.908429,43,4,Nitrogen Oxides,203.721774,44.59,Electricity Generation via Combustion,411.689568,Dominion - Ladysmith CT Station,411.689568,2020,11,reported,2019,28.5,7,Formaldehyde,18.9,25.3323,44.8,Richmond City,44.8,Formaldehyde
Virginia,Carroll,2020,56,56,0,0,0,0,0,15,12,7,0,0,0,0,56,VA,207,56.415,45.6131,67.2103,48.047,51035,3,38.410914,63,2,Carbon Monoxide,31.764429,82.7,Airport,35.215365,Twin County,35.215365,2020,11,reported,2019,20.1,7,Formaldehyde,14.0,25.3323,44.8,Richmond City,44.8,Formaldehyde
Virginia,Charles,2020,364,347,17,0,0,0,0,67,45,31,0,88,203,73,0,VA,207,56.415,45.6131,67.2103,48.047,,,,,,,,,,,,,2020,11,reported,2019,,,,,25.3323,44.8,Richmond City,44.8,Formaldehyde
Virginia,Chesterfield,2020,279,265,14,0,0,0,0,61,46,34,0,0,204,75,0,VA,207,56.415,45.6131,67.2103,48.047,51041,3,5742.996885,74,16,Nitrogen Oxides,1604.758926,27.94,Electricity Generation via Combustion,3718.973283,Dominion Virginia Power- Chesterfield,3086.153268,2020,11,reported,2019,35.3,7,Formaldehyde,19.9,25.3323,44.8,Richmond City,44.8,Formaldehyde
Virginia,Fairfax,2020,366,236,130,0,0,0,0,100,58,44,0,9,112,245,0,VA,207,56.415,45.6131,67.2103,48.047,51059,3,2597.376957,59,7,Nitrogen Oxides,1634.099186,62.91,Municipal Waste Combustor,2022.582037,Covanta Fairfax Inc,2022.582037,2020,11,reported,2019,29.7,7,Formaldehyde,18.8,25.3323,44.8,Richmond City,44.8,Formaldehyde
Virginia,Fauquier,2020,242,241,1,0,0,0,0,61,42,31,0,0,242,0,0,VA,207,56.415,45.6131,67.2103,48.047,51061,3,765.689137,45,7,Nitrogen Oxides,241.864871,31.59,Electricity Generation via Combustion,551.098727,Old Dominion Electric Cooperative - Marsh Run,342.569214,2020,11,reported,2019,24.3,7,Formaldehyde,16.1,25.3323,44.8,Richmond City,44.8,Formaldehyde
Virginia,Frederick,2020,304,249,55,0,0,0,0,81,53,39,0,0,122,182,0,VA,207,56.415,45.6131,67.2103,48.047,51069,3,1527.977877,58,10,Volatile Organic Compounds,415.541482,27.2,Mineral Processing Plant,623.920522,Carmeuse Lime and Stone - Winchester,623.920522,2020,11,reported,2019,23.9,7,Formaldehyde,15.4,25.3323,44.8,Richmond City,44.8,Formaldehyde
Virginia,Giles,2020,342,337,5,0,0,0,0,67,45,36,0,0,342,0,0,VA,207,56.415,45.6131,67.2103,48.047,51071,3,4437.01277,37,2,Carbon Monoxide,1690.930012,38.11,Mineral Processing Plant,3422.181902,Lhoist North America - Kimballton Plant,3422.181902,2020,11,reported,2019,20.5,7,Formaldehyde,14.1,25.3323,44.8,Richmond City,44.8,Formaldehyde
Virginia,Hampton City,2020,366,316,50,0,0,0,0,68,52,37,4,3,149,210,0,VA,207,56.415,45.6131,67.2103,48.047,51650,3,1996.108083,50,5,Carbon Monoxide,945.034354,47.34,Airport,1219.511587,Langley AFB Airport,1219.511587,2020,11,reported,2019,23.8,7,Formaldehyde,15.6,25.3323,44.8,Richmond City,44.8,Formaldehyde
Virginia,Hanover,2020,245,243,2,0,0,0,0,64,45,34,0,0,245,0,0,VA,207,56.415,45.6131,67.2103,48.047,51085,3,3713.425096,53,3,Nitrogen Oxides,865.297367,23.3,Electricity Generation via Combustion,3588.765644,Doswell Limited Partnership Doswell Energy Center,3588.765644,2020,11,reported,2019,39.0,7,Formaldehyde,19.2,25.3323,44.8,Richmond City,44.8,Formaldehyde
Virginia,Henrico,2020,366,287,79,0,0,0,0,71,55,41,1,2,140,223,0,VA,207,56.415,45.6131,67.2103,48.047,51087,3,1101.60488,56,10,Carbon Monoxide,444.562216,40.36,Airport,501.939363,Richmond International,501.939363,2020,11,reported,2019,44.0,7,Formaldehyde,19.8,25.3323,44.8,Richmond City,44.8,Formaldehyde
Virginia,Hopewell City,2020,48,48,0,0,0,0,0,15,13,6,0,0,0,0,48,VA,207,56.415,45.6131,67.2103,48.047,51670,3,8865.776219,112,7,Nitrogen Oxides,3585.91844,40.45,Chemical Plant,4305.247588,AdvanSix Resins and Chemicals LLC-Hopewell Plant,3594.667699,2020,11,reported,2019,42.8,7,Formaldehyde,19.6,25.3323,44.8,Richmond City,44.8,Formaldehyde
Virginia,Loudoun,2020,366,339,26,1,0,0,0,108,48,34,0,24,285,57,0,VA,207,56.415,45.6131,67.2103,48.047,51107,3,2273.231895,80,10,Carbon Monoxide,1172.563923,51.58,Airport,1892.306248,Washington Dulles Inter,1540.11163,2020,11,reported,2019,26.4,7,Formaldehyde,16.7,25.3323,44.8,Richmond City,44.8,Formaldehyde
Virginia,Lynchburg City,2020,110,99,11,0,0,0,0,59,51,28,0,0,0,110,0,VA,207,56.415,45.6131,67.2103,48.047,51680,3,1251.321582,59,8,Volatile Organic Compounds,453.797081,36.27,"Foundries, Iron and Steel",985.945955,Griffin Pipe Products Company LLC,985.945955,2020,11,reported,2019,27.0,7,Formaldehyde,18.0,25.3323,44.8,Richmond City,44.8,Formaldehyde
Virginia,Madison,2020,363,351,12,0,0,0,0,55,46,37,0,0,328,35,0,VA,207,56.415,45.6131,67.2103,48.047,,,,,,,,,,,,,2020,11,reported,2019,,,,,25.3323,44.8,Richmond City,44.8,Formaldehyde
Virginia,Norfolk City,2020,365,349,16,0,0,0,0,64,36,18,11,256,0,97,1,VA,207,56.415,45.6131,67.2103,48.047,51710,3,2495.364869,86,12,Carbon Monoxide,1032.198086,41.36,Airport,1548.234117,Norfolk Ns,1223.977131,2020,11,reported,2019,25.2,7,Formaldehyde,16.3,25.3323,44.8,Richmond City,44.8,Formaldehyde
Virginia,Prince Edward,2020,361,361,0,0,0,0,0,49,42,30,0,0,361,0,0,VA,207,56.415,45.6131,67.2103,48.047,51147,3,165.205795,25,1,Carbon Monoxide,60.333665,36.52,"Institutional (school, hospital, prison, etc.)",165.205795,Longwood University,165.205795,2020,11,reported,2019,25.7,7,Formaldehyde,17.7,25.3323,44.8,Richmond City,44.8,Formaldehyde
Virginia,Prince William,2020,364,357,7,0,0,0,0,74,44,32,0,1,363,0,0,VA,207,56.415,45.6131,67.2103,48.047,51153,3,1527.362841,69,6,Carbon Monoxide,413.785124,27.09,Electricity Generation via Combustion,761.850875,Dominion - Possum Point Power Station,761.850875,2020,11,reported,2019,28.6,7,Formaldehyde,18.7,25.3323,44.8,Richmond City,44.8,Formaldehyde
Virginia,Richmond City,2020,364,294,70,0,0,0,0,80,54,37,1,61,0,302,0,VA,207,56.415,45.6131,67.2103,48.047,51760,3,793.209685,43,8,Volatile Organic Compounds,257.365518,32.45,Unspecified,458.576193,Philip Morris USA Inc. - Manufacturing Center,321.001581,2020,11,reported,2019,44.8,7,Formaldehyde,19.9,25.3323,44.8,Richmond City,44.8,Formaldehyde
Virginia,Roanoke,2020,366,277,89,0,0,0,0,72,55,40,0,3,103,260,0,VA,207,56.415,45.6131,67.2103,48.047,51161,3,62.906909,43,6,Volatile Organic Compounds,55.652012,88.47,Unspecified,61.027152,New Mellennium Building Systems,61.025632,2020,11,reported,2019,23.5,7,Formaldehyde,16.0,25.3323,44.8,Richmond City,44.8,Formaldehyde
Virginia,Rockbridge,2020,284,282,2,0,0,0,0,54,43,31,0,0,221,63,0,VA,207,56.415,45.6131,67.2103,48.047,51163,3,49.463333,21,2,Nitrogen Oxides,15.343312,31.02,"Textile, Yarn, or Carpet Plant",49.451283,Mohawk Industries Inc - Lees Carpets Division,49.451283,2020,11,reported,2019,21.5,7,Formaldehyde,14.8,25.3323,44.8,Richmond City,44.8,Formaldehyde
Virginia,Rockingham,2020,363,344,19,0,0,0,0,77,46,33,0,93,212,58,0,VA,207,56.415,45.6131,67.2103,48.047,51165,3,4282.790906,82,7,PM10 Primary (Filt + Cond),995.325882,23.24,Breweries/Distilleries/Wineries,4016.949512,Miller Coors LLC,4016.949512,2020,11,reported,2019,21.2,7,Formaldehyde,14.1,25.3323,44.8,Richmond City,44.8,Formaldehyde
Virginia,Salem City,2020,110,94,16,0,0,0,0,69,53,31,0,0,0,110,0,VA,207,56.415,45.6131,67.2103,48.047,51775,3,176.842796,24,1,Volatile Organic Compounds,83.259601,47.08,Tire Manuf (not retread),176.842796,Yokohama Tire Manufacturing Virginia LLC,176.842796,2020,11,reported,2019,23.1,7,Formaldehyde,15.7,25.3323,44.8,Richmond City,44.8,Formaldehyde
Virginia,Stafford,2020,362,357,5,0,0,0,0,84,44,32,0,0,360,0,2,VA,207,56.415,45.6131,67.2103,48.047,51179,3,359.451438,40,2,Carbon Monoxide,182.296525,50.72,Airport,359.451438,QUANTICO MCAF /TURNER FIELD,239.838989,2020,11,reported,2019,28.2,7,Formaldehyde,18.9,25.3323,44.8,Richmond City,44.8,Formaldehyde
Virginia,Suffolk City,2020,245,242,3,0,0,0,0,67,44,36,0,0,245,0,0,VA,207,56.415,45.6131,67.2103,48.047,51800,3,161.247599,54,4,Carbon Monoxide,128.652723,79.79,Airport,135.216404,Suffolk Muni,133.07171,2020,11,reported,2019,24.1,7,Formaldehyde,16.0,25.3323,44.8,Richmond City,44.8,Formaldehyde
Virginia,Virginia Beach City,2020,109,95,14,0,0,0,0,74,54,30,0,0,0,109,0,VA,207,56.415,45.6131,67.2103,48.047,51810,3,994.285696,70,8,Carbon Monoxide,382.033301,38.42,Airport,484.869384,OCEANA NAS /APOLLO SOUCEK FIELD/,484.869384,2020,11,reported,2019,24.9,7,Formaldehyde,16.1,25.3323,44.8,Richmond City,44.8,Formaldehyde
Virginia,Winchester City,2020,58,58,0,0,0,0,0,18,12,6,0,0,0,0,58,VA,207,56.415,45.6131,67.2103,48.047,51840,3,117.958608,36,1,Volatile Organic Compounds,35.525665,30.12,"Plastic, Resin, Rubber or Syn Fiber Manuf Plant",117.958608,OSullivan Films Inc,117.958608,2020,11,reported,2019,25.7,7,Formaldehyde,16.1,25.3323,44.8,Richmond City,44.8,Formaldehyde
Virginia,Wythe,2020,235,233,2,0,0,0,0,61,45,34,0,0,235,0,0,VA,207,56.415,45.6131,67.2103,48.047,,,,,,,,,,,,,2020,11,reported,2019,,,,,25.3323,44.8,Richmond City,44.8,Formaldehyde
Washington,Adams,2020,364,345,11,0,5,3,0,266,43,17,0,0,0,364,0,WA,328,49.7221,39.7046,59.7344,49.1226,53001,10,149.947068,40,3,Carbon Monoxide,134.717177,89.84,Airport,149.947068,Othello Muni,105.665354,2020,,suppressed,2019,15.2,7,Formaldehyde,9.5,19.2564,31.2,King,31.2,Formaldehyde
Washington,Asotin,2020,350,229,112,2,1,5,1,328,66,38,0,0,0,350,0,WA,328,49.7221,39.7046,59.7344,49.1226,53003,10,0.336316,38,2,Carbon Monoxide,0.30236,89.9,Airport,0.336316,ROGERSBURG,0.306068,2020,,suppressed,2019,17.9,7,Formaldehyde,10.8,19.2564,31.2,King,31.2,Formaldehyde
Washington,Benton,2020,365,284,69,3,3,1,5,954,58,35,0,0,107,207,51,WA,328,49.7221,39.7046,59.7344,49.1226,53005,10,358.370997,61,8,Nitrogen Oxides,145.460386,40.59,Airport,129.2863,Williams Pipeline,100.723833,2020,,suppressed,2019,18.2,7,Formaldehyde,11.1,19.2564,31.2,King,31.2,Formaldehyde
Washington,Chelan,2020,366,274,80,1,6,1,4,817,59,28,0,0,0,366,0,WA,328,49.7221,39.7046,59.7344,49.1226,53007,10,61.911749,40,5,Carbon Monoxide,55.578627,89.77,Airport,61.911749,Chelan Muni,49.918868,2020,,suppressed,2019,16.4,7,Formaldehyde,9.7,19.2564,31.2,King,31.2,Formaldehyde
Washington,Clallam,2020,366,304,55,1,1,2,3,368,54,37,0,0,166,200,0,WA,328,49.7221,39.7046,59.7344,49.1226,53009,10,450.333007,87,8,Carbon Monoxide,189.956693,42.18,Airport,187.604602,Interfor Pacific Port Angeles,182.72096,2020,,suppressed,2019,17.4,7,Formaldehyde,10.4,19.2564,31.2,King,31.2,Formaldehyde
Washington,Clark,2020,366,272,85,1,0,3,5,874,62,32,0,0,51,315,0,WA,328,49.7221,39.7046,59.7344,49.1226,53011,10,890.582832,79,18,Carbon Monoxide,394.863581,44.34,Pulp and Paper Plant,339.405489,Georgia-Pacific - Consumer Operations,339.405489,2020,,suppressed,2019,25.1,7,Formaldehyde,13.8,19.2564,31.2,King,31.2,Formaldehyde
Washington,Columbia,2020,365,323,34,0,5,3,0,258,52,23,0,0,18,347,0,WA,328,49.7221,39.7046,59.7344,49.1226,53013,10,0.918959,40,1,Carbon Monoxide,0.825503,89.83,Airport,0.918959,LITTLE GOOSE LOCK AND DAM,0.918959,2020,,suppressed,2019,14.2,7,Formaldehyde,9.1,19.2564,31.2,King,31.2,Formaldehyde
Washington,Cowlitz,2020,366,331,26,1,3,5,0,282,50,21,0,0,0,366,0,WA,328,49.7221,39.7046,59.7344,49.1226,53015,10,9844.64996,102,13,Nitrogen Oxides,3451.11746,35.06,Pulp and Paper Plant,9214.444463,Nippon Dynawave Packaging Co.,5196.101789,2020,,suppressed,2019,22.9,7,Formaldehyde,13.2,19.2564,31.2,King,31.2,Formaldehyde
Washington,Franklin,2020,336,313,15,0,5,3,0,284,46,18,0,0,0,336,0,WA,328,49.7221,39.7046,59.7344,49.1226,53021,10,363.290068,45,7,Carbon Monoxide,222.262598,61.18,Airport,346.360999,Tri-Cities,282.024277,2020,,suppressed,2019,19.7,7,Formaldehyde,11.8,19.2564,31.2,King,31.2,Formaldehyde
Washington,Garfield,2020,335,305,21,2,5,2,0,252,48,19,0,0,0,335,0,WA,328,49.7221,39.7046,59.7344,49.1226,,,,,,,,,,,,,2020,,suppressed,2019,,,,,19.2564,31.2,King,31.2,Formaldehyde
Washington,Grant,2020,366,325,31,2,4,3,1,316,52,21,0,0,0,366,0,WA,328,49.7221,39.7046,59.7344,49.1226,53025,10,957.926818,53,14,Carbon Monoxide,506.474707,52.87,Airport,602.615235,Grant County Intl,393.945622,2020,,suppressed,2019,15.7,7,Formaldehyde,9.5,19.2564,31.2,King,31.2,Formaldehyde
Washington,Grays Harbor,2020,366,330,28,1,2,5,0,242,50,27,0,0,0,366,0,WA,328,49.7221,39.7046,59.7344,49.1226,53027,10,2143.600333,87,12,Carbon Monoxide,570.022409,26.59,Pulp and Paper Plant,912.12822,"COSMO Specialty Fibers, Inc.",912.12822,2020,,suppressed,2019,17.6,7,Formaldehyde,10.1,19.2564,31.2,King,31.2,Formaldehyde
Washington,Jefferson,2020,340,321,11,2,2,4,0,232,43,23,0,0,0,340,0,WA,328,49.7221,39.7046,59.7344,49.1226,53031,10,2747.846246,78,2,Carbon Monoxide,836.297277,30.43,Pulp and Paper Plant,2563.647245,Pt Townsend Paper,2563.647245,2020,,suppressed,2019,19.8,7,Formaldehyde,12.0,19.2564,31.2,King,31.2,Formaldehyde
Washington,King,2020,366,248,106,3,4,5,0,299,66,43,0,14,65,287,0,WA,328,49.7221,39.7046,59.7344,49.1226,53033,10,10569.072782,61,52,Carbon Monoxide,5068.405523,47.96,Airport,5664.039077,Seattle-Tacoma Intl,2987.332863,2020,,suppressed,2019,31.2,7,Formaldehyde,17.1,19.2564,31.2,King,31.2,Formaldehyde
Washington,Kitsap,2020,361,322,30,3,1,5,0,245,51,23,0,0,0,361,0,WA,328,49.7221,39.7046,59.7344,49.1226,53035,10,467.631851,74,6,Carbon Monoxide,285.803787,61.12,Airport,326.915763,Bremerton National,221.061991,2020,,suppressed,2019,24.6,7,Formaldehyde,14.5,19.2564,31.2,King,31.2,Formaldehyde
Washington,Kittitas,2020,365,297,57,2,3,2,4,724,59,24,0,0,0,365,0,WA,328,49.7221,39.7046,59.7344,49.1226,53037,10,216.523112,40,4,Carbon Monoxide,193.597801,89.41,Airport,216.523112,Bowers Field,194.097225,2020,,suppressed,2019,15.0,7,Formaldehyde,9.1,19.2564,31.2,King,31.2,Formaldehyde
Washington,Klickitat,2020,318,284,25,0,2,0,7,1358,51,22,0,0,0,318,0,WA,328,49.7221,39.7046,59.7344,49.1226,53039,10,966.476627,89,7,Carbon Monoxide,221.314735,22.9,Lumber/Sawmill,486.650995,SDS Lumber Company,486.650995,2020,,suppressed,2019,17.0,7,Formaldehyde,10.9,19.2564,31.2,King,31.2,Formaldehyde
Washington,Lewis,2020,335,314,20,0,0,1,0,258,46,25,0,0,0,335,0,WA,328,49.7221,39.7046,59.7344,49.1226,53041,10,14421.559023,101,12,Nitrogen Oxides,6306.355964,43.73,Electricity Generation via Combustion,12018.74596,"TransAlta Centralia Generation, LLC",11613.073836,2020,,suppressed,2019,21.5,7,Formaldehyde,12.5,19.2564,31.2,King,31.2,Formaldehyde
Washington,Mason,2020,357,312,36,2,2,1,4,397,52,23,0,0,0,357,0,WA,328,49.7221,39.7046,59.7344,49.1226,53045,10,681.714723,75,2,Carbon Monoxide,222.336433,32.61,Lumber/Sawmill,400.943279,Sierra Pacific Industries - Shelton,400.943279,2020,,suppressed,2019,22.5,7,Formaldehyde,13.7,19.2564,31.2,King,31.2,Formaldehyde
Washington,Okanogan,2020,366,196,157,1,6,2,4,618,74,47,0,0,0,366,0,WA,328,49.7221,39.7046,59.7344,49.1226,53047,10,320.038935,40,8,Carbon Monoxide,239.738039,74.91,Airport,320.038935,TONASKET MUNI,76.27881,2020,,suppressed,2019,14.3,7,Formaldehyde,8.8,19.2564,31.2,King,31.2,Formaldehyde
Washington,Pend Oreille,2020,20,11,9,0,0,0,0,63,58,47,0,0,0,20,0,WA,328,49.7221,39.7046,59.7344,49.1226,53051,10,134.040049,66,4,Volatile Organic Compounds,66.485742,49.6,Pulp and Paper Plant,124.310756,"Ponderay Industries, LLC",124.310756,2020,,suppressed,2019,20.6,7,Formaldehyde,13.2,19.2564,31.2,King,31.2,Formaldehyde
Washington,Pierce,2020,366,256,99,4,3,4,0,256,66,42,0,6,197,163,0,WA,328,49.7221,39.7046,59.7344,49.1226,53053,10,6518.46456,96,34,Carbon Monoxide,2360.342044,36.21,Pulp and Paper Plant,3900.259604,WestRock Tacoma Mill,3900.259604,2020,,suppressed,2019,27.6,7,Formaldehyde,15.4,19.2564,31.2,King,31.2,Formaldehyde
Washington,Skagit,2020,272,266,6,0,0,0,0,57,39,21,0,0,17,255,0,WA,328,49.7221,39.7046,59.7344,49.1226,53057,10,7981.442541,94,15,Nitrogen Oxides,3493.155957,43.77,Petroleum Refinery,6430.100934,Marathon Anacortes Refinery,3218.374631,2020,,suppressed,2019,20.2,7,Formaldehyde,12.0,19.2564,31.2,King,31.2,Formaldehyde
Washington,Snohomish,2020,366,234,122,3,3,4,0,250,68,40,0,0,0,366,0,WA,328,49.7221,39.7046,59.7344,49.1226,53061,10,1947.55581,89,14,Carbon Monoxide,1159.326928,59.53,Airport,1206.012673,Boeing Commercial Airplane Group - Everett,451.015353,2020,,suppressed,2019,27.5,7,Formaldehyde,15.3,19.2564,31.2,King,31.2,Formaldehyde
Washington,Spokane,2020,366,286,73,0,1,2,4,785,58,36,0,0,102,248,16,WA,328,49.7221,39.7046,59.7344,49.1226,53063,10,2239.432554,78,19,Nitrogen Oxides,687.340705,30.69,Airport,702.423744,Kaiser Trentwood,488.321012,2020,,suppressed,2019,22.9,7,Formaldehyde,13.2,19.2564,31.2,King,31.2,Formaldehyde
Washington,Stevens,2020,366,219,138,1,2,2,4,957,66,42,0,0,0,354,12,WA,328,49.7221,39.7046,59.7344,49.1226,53065,10,2116.511622,81,8,Carbon Monoxide,671.837954,31.74,Electricity Generation via Combustion,1032.584251,Avista,1032.584251,2020,,suppressed,2019,19.4,7,Formaldehyde,12.4,19.2564,31.2,King,31.2,Formaldehyde
Washington,Thurston,2020,366,316,43,0,3,4,0,242,53,28,0,0,118,248,0,WA,328,49.7221,39.7046,59.7344,49.1226,53067,10,487.880701,55,6,Volatile Organic Compounds,239.564714,49.1,Unspecified,237.83669,Crown Cork & Seal Co Inc,237.83669,2020,,suppressed,2019,24.2,7,Formaldehyde,13.5,19.2564,31.2,King,31.2,Formaldehyde
Washington,Walla Walla,2020,366,297,60,0,1,2,6,855,55,26,0,0,0,201,165,WA,328,49.7221,39.7046,59.7344,49.1226,53071,10,4186.854793,79,8,Sulfur Dioxide,1099.559414,26.26,Pulp and Paper Plant,3626.863154,Packaging Corporation of America,3626.863154,2020,,suppressed,2019,16.9,7,Formaldehyde,10.4,19.2564,31.2,King,31.2,Formaldehyde
Washington,Whatcom,2020,366,341,16,2,4,3,0,237,44,24,0,0,120,246,0,WA,328,49.7221,39.7046,59.7344,49.1226,53073,10,23674.817609,81,19,Carbon Monoxide,13953.602214,58.94,Primary Aluminum Plant,17078.428535,Alcoa Primary Metals Intalco Works,17078.428535,2020,,suppressed,2019,22.1,7,Formaldehyde,12.6,19.2564,31.2,King,31.2,Formaldehyde
Washington,Whitman,2020,366,335,23,1,5,2,0,237,47,19,0,0,0,366,0,WA,328,49.7221,39.7046,59.7344,49.1226,53075,10,356.281905,46,7,Carbon Monoxide,230.288431,64.64,Airport,204.109908,Guy Bennett Lumber,152.171996,2020,,suppressed,2019,15.1,7,Formaldehyde,9.5,19.2564,31.2,King,31.2,Formaldehyde
Washington,Yakima,2020,366,198,153,6,2,3,4,743,79,46,0,0,0,366,0,WA,328,49.7221,39.7046,59.7344,49.1226,53077,10,922.075365,77,9,Volatile Organic Compounds,587.798222,63.75,Unspecified,565.232623,"Novolex Shields, LLC",517.7925,2020,,suppressed,2019,18.8,7,Formaldehyde,11.0,19.2564,31.2,King,31.2,Formaldehyde
West Virginia,Berkeley,2020,278,244,34,0,0,0,0,95,52,38,0,0,205,73,0,WV,100,52.6605,41.6934,63.6276,48.1701,54003,3,4328.118394,78,7,Nitrogen Oxides,1180.612998,27.28,Portland Cement Manufacturing,2875.641201,ARGOS USA - MARTINSBURG,2875.641201,2020,,suppressed,2019,25.4,7,Formaldehyde,16.0,23.6618,36.9,Kanawha,36.9,Formaldehyde
West Virginia,Brooke,2020,366,318,48,0,0,0,0,78,52,18,0,0,0,121,245,WV,100,52.6605,41.6934,63.6276,48.1701,54009,3,3169.871661,95,9,Carbon Monoxide,886.530799,27.97,Coke Battery,2667.686791,"MOUNTAIN STATE CARBON, LLC",2667.686791,2020,,suppressed,2019,25.6,7,Formaldehyde,13.7,23.6618,36.9,Kanawha,36.9,Formaldehyde
West Virginia,Cabell,2020,284,252,32,0,0,0,0,100,51,37,0,0,208,76,0,WV,100,52.6605,41.6934,63.6276,48.1701,54011,3,1083.793162,67,10,Carbon Monoxide,309.04096,28.51,Steel Mill,616.035557,"Steel Dynamics, Inc. - SWVA, INC.",616.035557,2020,,suppressed,2019,29.8,7,Formaldehyde,19.6,23.6618,36.9,Kanawha,36.9,Formaldehyde
West Virginia,Gilmer,2020,363,363,0,0,0,0,0,49,41,29,0,0,363,0,0,WV,100,52.6605,41.6934,63.6276,48.1701,54021,3,572.810841,64,3,Nitrogen Oxides,387.459179,67.64,Compressor Station,572.810841,Columbia Gas - GLENVILLE 4C1170,350.001573,2020,,suppressed,2019,24.3,7,Formaldehyde,16.4,23.6618,36.9,Kanawha,36.9,Formaldehyde
West Virginia,Greenbrier,2020,234,232,2,0,0,0,0,54,44,34,0,0,234,0,0,WV,100,52.6605,41.6934,63.6276,48.1701,54025,3,57.656318,42,2,Carbon Monoxide,36.252966,62.88,Airport,57.656318,Greenbrier Valley,57.429458,2020,,suppressed,2019,19.5,7,Formaldehyde,13.1,23.6618,36.9,Kanawha,36.9,Formaldehyde
West Virginia,Hancock,2020,307,262,44,1,0,0,0,133,54,37,0,0,195,67,45,WV,100,52.6605,41.6934,63.6276,48.1701,54029,3,674.364692,60,3,Carbon Monoxide,244.226021,36.22,Petroleum Refinery,391.400566,"ERGON - WEST VIRGINIA, INC.",391.400566,2020,,suppressed,2019,22.8,7,Formaldehyde,13.1,23.6618,36.9,Kanawha,36.9,Formaldehyde
West Virginia,Harrison,2020,118,99,19,0,0,0,0,80,53,35,0,0,0,118,0,WV,100,52.6605,41.6934,63.6276,48.1701,54033,3,21523.123035,88,12,Sulfur Dioxide,9302.353866,43.22,Electricity Generation via Combustion,19819.370054,MONONGAHELA POWER CO. - HARRISON,19819.370054,2020,,suppressed,2019,26.6,7,Formaldehyde,16.3,23.6618,36.9,Kanawha,36.9,Formaldehyde
West Virginia,Kanawha,2020,366,287,79,0,0,0,0,85,55,41,0,0,162,204,0,WV,100,52.6605,41.6934,63.6276,48.1701,54039,3,3061.330168,104,23,Nitrogen Oxides,1277.187821,41.72,Chemical Plant,1497.813679,Chemours - Belle,1129.357218,2020,,suppressed,2019,36.9,7,Formaldehyde,19.3,23.6618,36.9,Kanawha,36.9,Formaldehyde
West Virginia,Marion,2020,74,57,17,0,0,0,0,70,55,35,0,0,0,74,0,WV,100,52.6605,41.6934,63.6276,48.1701,54049,3,4333.235685,58,6,Sulfur Dioxide,1694.723436,39.11,Electricity Generation via Combustion,3554.26928,AMERICAN BITUMINOUS POWER-GRANT TOWN PLT,3554.26928,2020,,suppressed,2019,24.6,7,Formaldehyde,15.4,23.6618,36.9,Kanawha,36.9,Formaldehyde
West Virginia,Marshall,2020,118,87,31,0,0,0,0,72,57,41,0,0,0,118,0,WV,100,52.6605,41.6934,63.6276,48.1701,54051,3,6168.043765,106,12,Nitrogen Oxides,2745.580516,44.51,Electricity Generation via Combustion,3102.826506,KENTUCKY POWER COMPANY - MITCHELL PLANT,3102.826506,2020,,suppressed,2019,27.6,7,Formaldehyde,14.8,23.6618,36.9,Kanawha,36.9,Formaldehyde
West Virginia,Monongalia,2020,274,248,26,0,0,0,0,90,50,39,0,0,213,61,0,WV,100,52.6605,41.6934,63.6276,48.1701,54061,3,18691.512807,99,9,Nitrogen Oxides,8407.800883,44.98,Electricity Generation via Combustion,18186.951353,MONONGAHELA POWER CO.- FORT MARTIN POWER,12981.970924,2020,,suppressed,2019,24.4,7,Formaldehyde,15.3,23.6618,36.9,Kanawha,36.9,Formaldehyde
West Virginia,Ohio,2020,274,232,41,1,0,0,0,101,54,40,0,0,201,73,0,WV,100,52.6605,41.6934,63.6276,48.1701,54069,3,557.598278,68,4,Volatile Organic Compounds,164.573706,29.51,Unspecified,276.791462,Appalachia Midstream Services - Battle Run Compressor Station,276.789462,2020,,suppressed,2019,27.3,7,Formaldehyde,14.7,23.6618,36.9,Kanawha,36.9,Formaldehyde
West Virginia,Tucker,2020,359,357,2,0,0,0,0,51,44,34,0,0,349,10,0,WV,100,52.6605,41.6934,63.6276,48.1701,54093,3,663.079772,36,1,PM10 Primary (Filt + Cond),136.248946,20.55,Unspecified,663.079772,KINGSFORD MANUFACTURING COMPANY - Parsons,663.079772,2020,,suppressed,2019,17.3,7,Formaldehyde,11.6,23.6618,36.9,Kanawha,36.9,Formaldehyde
West Virginia,Wood,2020,283,250,33,0,0,0,0,80,52,37,0,0,203,80,0,WV,100,52.6605,41.6934,63.6276,48.1701,54107,3,3442.309858,102,7,Sulfur Dioxide,1355.655494,39.38,"Plastic, Resin, Rubber or Syn Fiber Manuf Plant",3078.249089,Chemours Washington Works,2715.473769,2020,,suppressed,2019,26.5,7,Formaldehyde,16.7,23.6618,36.9,Kanawha,36.9,Formaldehyde
Wisconsin,Ashland,2020,366,336,30,0,0,0,0,72,48,34,0,0,244,122,0,WI,257,44.8624,35.1176,54.6088,36.5717,55003,5,1400.397782,82,8,Nitrogen Oxides,341.346201,24.37,Electricity Generation via Combustion,979.138939,XCEL ENERGY BAY FRONT GENERATING STATION,979.138939,2020,,suppressed,2019,13.3,7,Formaldehyde,7.4,15.0986,19.3,Milwaukee,19.3,Formaldehyde
Wisconsin,Brown,2020,366,261,104,1,0,0,0,119,59,39,0,0,127,239,0,WI,257,44.8624,35.1176,54.6088,36.5717,55009,5,6371.769806,91,75,Volatile Organic Compounds,1697.077735,26.63,Pulp and Paper Plant,3648.408444,Georgia Pacific Broadway LLC,1687.47651,2020,,suppressed,2019,16.3,7,Formaldehyde,8.8,15.0986,19.3,Milwaukee,19.3,Formaldehyde
Wisconsin,Columbia,2020,203,187,12,4,0,0,0,115,48,38,0,0,203,0,0,WI,257,44.8624,35.1176,54.6088,36.5717,55021,5,8965.367853,87,20,Nitrogen Oxides,3131.078752,34.92,Electricity Generation via Combustion,7138.430345,Alliant Energy - WPL - Columbia Energy Center,7138.430345,2020,,suppressed,2019,15.8,7,Formaldehyde,9.1,15.0986,19.3,Milwaukee,19.3,Formaldehyde
Wisconsin,Dane,2020,366,222,142,2,0,0,0,112,63,44,0,0,104,262,0,WI,257,44.8624,35.1176,54.6088,36.5717,55025,5,2477.686583,97,78,Volatile Organic Compounds,699.409753,28.23,Unspecified,978.260377,Dane County Regional-Tr,355.358744,2020,,suppressed,2019,17.3,7,Formaldehyde,9.6,15.0986,19.3,Milwaukee,19.3,Formaldehyde
Wisconsin,Dodge,2020,366,247,117,2,0,0,0,136,61,42,0,0,168,196,2,WI,257,44.8624,35.1176,54.6088,36.5717,55027,5,923.701714,62,30,Carbon Monoxide,270.945088,29.33,Unspecified,441.47457,QUAD/GRAPHICS INC - LOMIRA,111.108164,2020,,suppressed,2019,15.0,7,Formaldehyde,8.5,15.0986,19.3,Milwaukee,19.3,Formaldehyde
Wisconsin,Door,2020,205,184,17,4,0,0,0,150,51,36,0,0,205,0,0,WI,257,44.8624,35.1176,54.6088,36.5717,55029,5,272.340033,53,7,Carbon Monoxide,118.660569,43.57,Airport,120.003404,Door County Cherryland,72.7642,2020,,suppressed,2019,12.5,7,Formaldehyde,6.8,15.0986,19.3,Milwaukee,19.3,Formaldehyde
Wisconsin,Eau Claire,2020,366,256,110,0,0,0,0,93,59,42,0,0,128,238,0,WI,257,44.8624,35.1176,54.6088,36.5717,55035,5,832.683774,86,14,Volatile Organic Compounds,304.83867,36.61,Unspecified,319.474176,"CURT MANUFACTURING, LLC",179.636604,2020,,suppressed,2019,17.4,7,Formaldehyde,9.5,15.0986,19.3,Milwaukee,19.3,Formaldehyde
Wisconsin,Fond du Lac,2020,205,194,9,2,0,0,0,115,46,36,0,0,205,0,0,WI,257,44.8624,35.1176,54.6088,36.5717,55039,5,2034.453488,62,27,Carbon Monoxide,610.706014,30.02,Unspecified,885.390353,GRAYMONT WESTERN LIME - EDEN,567.638299,2020,,suppressed,2019,15.4,7,Formaldehyde,8.7,15.0986,19.3,Milwaukee,19.3,Formaldehyde
Wisconsin,Forest,2020,366,311,55,0,0,0,0,93,54,36,0,0,221,145,0,WI,257,44.8624,35.1176,54.6088,36.5717,55041,5,190.978142,56,3,PM10 Primary (Filt + Cond),40.472149,21.19,"Woodwork, Furniture, Millwork Manufacturing",167.553019,NICOLET HARDWOODS CORP,167.553019,2020,,suppressed,2019,12.7,7,Formaldehyde,7.1,15.0986,19.3,Milwaukee,19.3,Formaldehyde
Wisconsin,Grant,2020,361,235,126,0,0,0,0,84,60,40,0,0,0,361,0,WI,257,44.8624,35.1176,54.6088,36.5717,55043,5,430.268496,67,16,Carbon Monoxide,149.561302,34.76,Unspecified,189.242453,WI DOA / UW-PLATTEVILLE,82.201241,2020,,suppressed,2019,14.6,7,Formaldehyde,8.6,15.0986,19.3,Milwaukee,19.3,Formaldehyde
Wisconsin,Jefferson,2020,210,189,17,4,0,0,0,136,51,38,0,0,210,0,0,WI,257,44.8624,35.1176,54.6088,36.5717,55055,5,2015.058791,64,27,Carbon Monoxide,674.050392,33.45,Unspecified,736.63808,DEER TRACK PARK LANDFILL,292.440575,2020,,suppressed,2019,16.0,7,Formaldehyde,9.0,15.0986,19.3,Milwaukee,19.3,Formaldehyde
Wisconsin,Kenosha,2020,361,238,112,10,1,0,0,197,67,43,0,0,188,173,0,WI,257,44.8624,35.1176,54.6088,36.5717,55059,5,888.312296,63,17,Carbon Monoxide,376.248104,42.36,Landfill,363.600547,"Waste Management of Wisconsin, Inc. \2013 Pheasant Run Recycling and Disposal",363.600547,2020,,suppressed,2019,17.9,7,Formaldehyde,9.8,15.0986,19.3,Milwaukee,19.3,Formaldehyde
Wisconsin,Kewaunee,2020,207,195,12,0,0,0,0,97,47,34,0,0,207,0,0,WI,257,44.8624,35.1176,54.6088,36.5717,55061,5,402.104921,58,14,Sulfur Dioxide,141.813524,35.27,Unspecified,379.812662,"Calumet Renewable Energy, LLC - Pagels Ponderosa Facility",89.850391,2020,,suppressed,2019,13.1,7,Formaldehyde,7.2,15.0986,19.3,Milwaukee,19.3,Formaldehyde
Wisconsin,La Crosse,2020,364,255,109,0,0,0,0,93,59,42,0,0,128,236,0,WI,257,44.8624,35.1176,54.6088,36.5717,55063,5,1487.922456,99,32,Volatile Organic Compounds,577.295347,38.8,Unspecified,500.360154,XCEL ENERGY-FRENCH ISLAND GENERATING PLANT,366.492273,2020,,suppressed,2019,17.2,7,Formaldehyde,9.8,15.0986,19.3,Milwaukee,19.3,Formaldehyde
Wisconsin,Manitowoc,2020,192,169,19,4,0,0,0,136,58,36,0,0,192,0,0,WI,257,44.8624,35.1176,54.6088,36.5717,55071,5,2756.796551,88,31,Sulfur Dioxide,750.077641,27.21,Unspecified,923.344526,CARMEUSE LIME AND STONE - ROCKWELL OPERATION,763.651535,2020,,suppressed,2019,14.2,7,Formaldehyde,7.8,15.0986,19.3,Milwaukee,19.3,Formaldehyde
Wisconsin,Marathon,2020,199,193,6,0,0,0,0,74,45,31,0,0,199,0,0,WI,257,44.8624,35.1176,54.6088,36.5717,55073,5,7646.788557,91,45,Carbon Monoxide,2026.356713,26.5,Pulp and Paper Plant,3286.565926,Ahlstrom-Munksjo Mosinee LLC,3155.897943,2020,,suppressed,2019,15.6,7,Formaldehyde,8.5,15.0986,19.3,Milwaukee,19.3,Formaldehyde
Wisconsin,Milwaukee,2020,366,204,157,4,1,0,0,169,67,46,0,4,130,232,0,WI,257,44.8624,35.1176,54.6088,36.5717,55079,5,11225.403494,119,124,Nitrogen Oxides,4456.558372,39.7,Electricity Generation via Combustion,6701.399749,WE ENERGIES-OAK CREEK Power Plant,6285.143847,2020,,suppressed,2019,19.3,7,Formaldehyde,10.2,15.0986,19.3,Milwaukee,19.3,Formaldehyde
Wisconsin,Outagamie,2020,366,254,110,2,0,0,0,126,60,40,0,0,131,235,0,WI,257,44.8624,35.1176,54.6088,36.5717,55087,5,10129.84384,96,40,Sulfur Dioxide,4876.671011,48.14,Pulp and Paper Plant,8349.620011,"Ahlstrom-Munksjo NA Specialty Solutions, LLC",8009.048763,2020,,suppressed,2019,16.7,7,Formaldehyde,9.2,15.0986,19.3,Milwaukee,19.3,Formaldehyde
Wisconsin,Ozaukee,2020,365,269,91,4,1,0,0,164,62,40,0,0,167,198,0,WI,257,44.8624,35.1176,54.6088,36.5717,55089,5,1387.583706,71,16,Nitrogen Oxides,428.268048,30.86,Electricity Generation via Combustion,637.08036,WE ENERGIES PORT WASHINGTON GENERATING STATION,637.08036,2020,,suppressed,2019,15.7,7,Formaldehyde,8.4,15.0986,19.3,Milwaukee,19.3,Formaldehyde
Wisconsin,Racine,2020,199,162,29,7,1,0,0,172,67,38,0,0,199,0,0,WI,257,44.8624,35.1176,54.6088,36.5717,55101,5,2072.539688,68,40,Carbon Monoxide,537.926127,25.95,Glass Plant,697.420983,ARDAGH GLASS INC,697.420983,2020,,suppressed,2019,17.5,7,Formaldehyde,9.6,15.0986,19.3,Milwaukee,19.3,Formaldehyde
Wisconsin,Rock,2020,210,192,15,3,0,0,0,105,49,38,0,0,210,0,0,WI,257,44.8624,35.1176,54.6088,36.5717,55105,5,2291.24697,96,39,Nitrogen Oxides,532.984271,23.26,Electricity Generation via Combustion,644.983215,WPL - RIVERSIDE ENERGY CENTER,505.298385,2020,,suppressed,2019,17.5,7,Formaldehyde,9.3,15.0986,19.3,Milwaukee,19.3,Formaldehyde
Wisconsin,Sauk,2020,366,264,101,1,0,0,0,112,59,41,0,0,124,242,0,WI,257,44.8624,35.1176,54.6088,36.5717,55111,5,1094.042837,78,21,Volatile Organic Compounds,416.256643,38.05,"Foundries, Iron and Steel",260.212536,GREDE FOUNDRIES INC REEDSBURG,260.212536,2020,,suppressed,2019,15.5,7,Formaldehyde,8.8,15.0986,19.3,Milwaukee,19.3,Formaldehyde
Wisconsin,Sheboygan,2020,207,170,31,4,2,0,0,159,74,39,0,0,207,0,0,WI,257,44.8624,35.1176,54.6088,36.5717,55117,5,2728.681247,96,33,Carbon Monoxide,572.295913,20.97,Electricity Generation via Combustion,1412.142459,Alliant Energy - WPL - Edgewater Generating Station,1255.780767,2020,,suppressed,2019,14.9,7,Formaldehyde,8.2,15.0986,19.3,Milwaukee,19.3,Formaldehyde
Wisconsin,Taylor,2020,366,299,67,0,0,0,0,80,54,38,0,0,209,157,0,WI,257,44.8624,35.1176,54.6088,36.5717,55119,5,209.024323,77,9,Volatile Organic Compounds,132.261136,63.28,"Woodwork, Furniture, Millwork Manufacturing",116.725258,WEATHERSHIELD MFG INC- MILLWORK DIV,100.889294,2020,,suppressed,2019,13.4,7,Formaldehyde,7.5,15.0986,19.3,Milwaukee,19.3,Formaldehyde
Wisconsin,Vilas,2020,366,327,39,0,0,0,0,84,51,33,0,0,166,200,0,WI,257,44.8624,35.1176,54.6088,36.5717,55125,5,163.597193,42,6,Carbon Monoxide,143.228668,87.55,Airport,163.585703,Lakeland/Noble F. Lee M,81.921524,2020,,suppressed,2019,13.1,7,Formaldehyde,7.3,15.0986,19.3,Milwaukee,19.3,Formaldehyde
Wisconsin,Walworth,2020,198,180,14,4,0,0,0,136,50,39,0,0,198,0,0,WI,257,44.8624,35.1176,54.6088,36.5717,55127,5,760.102783,78,28,Carbon Monoxide,274.105342,36.06,Unspecified,378.161473,"Mallard Ridge Landfill, LLC",229.677448,2020,,suppressed,2019,15.8,7,Formaldehyde,8.9,15.0986,19.3,Milwaukee,19.3,Formaldehyde
Wisconsin,Waukesha,2020,359,214,143,2,0,0,0,129,64,44,0,0,110,249,0,WI,257,44.8624,35.1176,54.6088,36.5717,55133,5,1606.166067,77,75,Volatile Organic Compounds,676.967465,42.15,Unspecified,772.053966,Waukesha County,151.564995,2020,,suppressed,2019,17.5,7,Formaldehyde,9.6,15.0986,19.3,Milwaukee,19.3,Formaldehyde
Wyoming,Albany,2020,366,251,106,7,2,0,0,187,71,46,0,0,285,13,68,WY,301,43.3258,29.4055,57.2422,19.7832,56001,8,3934.105959,78,17,Nitrogen Oxides,2283.234658,58.04,Portland Cement Manufacturing,3420.943089,Laramie Cement Plant,3420.943089,2020,,suppressed,2019,10.7,7,Formaldehyde,6.4,11.087,12.7,Laramie,12.7,Formaldehyde
Wyoming,Big Horn,2020,359,349,8,2,0,0,0,126,46,38,0,0,359,0,0,WY,301,43.3258,29.4055,57.2422,19.7832,56003,8,1648.184819,82,58,PM10 Primary (Filt + Cond),368.241049,22.34,Unspecified,884.697829,Lovell Quarry (Georgia-Pacific Gypsum),318.332943,2020,,suppressed,2019,11.3,7,Formaldehyde,6.8,11.087,12.7,Laramie,12.7,Formaldehyde
Wyoming,Campbell,2020,366,247,116,3,0,0,0,124,68,44,0,1,195,4,166,WY,301,43.3258,29.4055,57.2422,19.7832,56005,8,53166.522053,108,712,Carbon Monoxide,12214.507534,22.97,Mines/Quarries,31213.929415,North Antelope Rochelle Mine,11488.703275,2020,,suppressed,2019,12.3,7,Formaldehyde,7.4,11.087,12.7,Laramie,12.7,Formaldehyde
Wyoming,Carbon,2020,304,304,0,0,0,0,0,31,21,8,0,304,0,0,0,WY,301,43.3258,29.4055,57.2422,19.7832,56007,8,12479.134538,105,998,Volatile Organic Compounds,8063.880166,64.62,Unspecified,9201.35994,Sinclair Refinery,1814.196935,2020,,suppressed,2019,10.1,7,Formaldehyde,6.2,11.087,12.7,Laramie,12.7,Formaldehyde
Wyoming,Converse,2020,366,302,60,4,0,0,0,129,61,42,0,0,269,18,79,WY,301,43.3258,29.4055,57.2422,19.7832,56009,8,36000.530874,105,651,Nitrogen Oxides,8215.606527,22.82,Electricity Generation via Combustion,19542.270879,Dave Johnston,19542.270879,2020,,suppressed,2019,11.6,7,Formaldehyde,7.1,11.087,12.7,Laramie,12.7,Formaldehyde
Wyoming,Fremont,2020,366,282,78,5,1,0,0,161,60,45,0,0,312,50,4,WY,301,43.3258,29.4055,57.2422,19.7832,56013,8,2876.939981,84,361,Volatile Organic Compounds,913.453295,31.75,Gas Plant,1439.019936,Lost Cabin Gas Plant,1167.439893,2020,,suppressed,2019,10.6,7,Formaldehyde,6.4,11.087,12.7,Laramie,12.7,Formaldehyde
Wyoming,Johnson,2020,364,337,27,0,0,0,0,93,50,40,0,2,355,0,7,WY,301,43.3258,29.4055,57.2422,19.7832,56019,8,2078.756783,77,114,Nitrogen Oxides,637.635686,30.67,Compressor Station,1703.190673,Fletcher/Terhune,181.361552,2020,,suppressed,2019,10.1,7,Formaldehyde,5.9,11.087,12.7,Laramie,12.7,Formaldehyde
Wyoming,Laramie,2020,366,313,48,3,2,0,0,159,58,39,0,4,279,65,18,WY,301,43.3258,29.4055,57.2422,19.7832,56021,8,7322.389737,99,226,Nitrogen Oxides,2574.724296,35.16,Unspecified,2949.466179,Cheyenne Plant,2752.631851,2020,,suppressed,2019,12.7,7,Formaldehyde,7.4,11.087,12.7,Laramie,12.7,Formaldehyde
Wyoming,Lincoln,2020,366,357,9,0,0,0,0,71,34,15,0,0,0,0,366,WY,301,43.3258,29.4055,57.2422,19.7832,56023,8,21241.959074,98,1112,Volatile Organic Compounds,5087.816137,23.95,Electricity Generation via Combustion,8462.725424,Naughton Plant,8462.725424,2020,,suppressed,2019,9.5,7,Formaldehyde,5.9,11.087,12.7,Laramie,12.7,Formaldehyde
Wyoming,Natrona,2020,366,316,46,4,0,0,0,124,54,42,0,3,332,31,0,WY,301,43.3258,29.4055,57.2422,19.7832,56025,8,2892.288718,90,271,Volatile Organic Compounds,856.851128,29.63,Unspecified,956.677092,Casper Refinery,844.228381,2020,,suppressed,2019,11.8,7,Formaldehyde,7.2,11.087,12.7,Laramie,12.7,Formaldehyde
Wyoming,Park,2020,122,112,8,2,0,0,0,113,41,15,0,0,0,118,4,WY,301,43.3258,29.4055,57.2422,19.7832,56029,8,3305.419716,83,46,Nitrogen Oxides,1130.624789,34.21,Gas Plant,1786.002552,Elk Basin Gas Plant,1449.7367,2020,,suppressed,2019,10.4,7,Formaldehyde,5.9,11.087,12.7,Laramie,12.7,Formaldehyde
Wyoming,Platte,2020,224,202,20,1,0,1,0,283,50,19,0,0,0,0,224,WY,301,43.3258,29.4055,57.2422,19.7832,56031,8,14293.500821,76,21,Nitrogen Oxides,6248.578362,43.72,Electricity Generation via Combustion,13791.955753,Laramie River Station,13791.955753,2020,,suppressed,2019,11.3,7,Formaldehyde,7.0,11.087,12.7,Laramie,12.7,Formaldehyde
Wyoming,Sheridan,2020,366,334,32,0,0,0,0,100,48,40,0,0,327,37,2,WY,301,43.3258,29.4055,57.2422,19.7832,56033,8,176.880147,62,11,Carbon Monoxide,93.983086,53.13,Airport,93.756157,Sheridan County,93.756157,2020,,suppressed,2019,12.2,7,Formaldehyde,6.9,11.087,12.7,Laramie,12.7,Formaldehyde
Wyoming,Sublette,2020,366,289,72,4,1,0,0,151,63,45,0,0,344,22,0,WY,301,43.3258,29.4055,57.2422,19.7832,56035,8,8678.098662,82,1308,Volatile Organic Compounds,4994.99051,57.56,Unspecified,7112.571041,Fleet-Wide Compressor Engines,339.029499,2020,,suppressed,2019,9.6,7,Formaldehyde,5.7,11.087,12.7,Laramie,12.7,Formaldehyde
Wyoming,Sweetwater,2020,366,235,119,7,4,0,1,1334,76,46,0,5,248,14,99,WY,301,43.3258,29.4055,57.2422,19.7832,56037,8,95521.141463,96,2674,Volatile Organic Compounds,25262.183477,26.45,Mineral Processing Plant,43949.118359,Jim Bridger Plant,22657.291351,2020,,suppressed,2019,12.5,7,Formaldehyde,7.4,11.087,12.7,Laramie,12.7,Formaldehyde
Wyoming,Teton,2020,366,312,42,7,5,0,0,165,57,43,0,0,315,51,0,WY,301,43.3258,29.4055,57.2422,19.7832,56039,8,139.023458,48,4,Carbon Monoxide,87.714535,63.09,Airport,138.964463,Jackson Hole,138.964463,2020,,suppressed,2019,9.9,7,Formaldehyde,6.0,11.087,12.7,Laramie,12.7,Formaldehyde
Wyoming,Uinta,2020,366,323,41,2,0,0,0,122,51,40,0,2,225,0,139,WY,301,43.3258,29.4055,57.2422,19.7832,56041,8,2338.175562,85,456,Volatile Organic Compounds,944.905547,40.41,Unspecified,1596.681796,Carter Creek Gas Plant,523.880735,2020,,suppressed,2019,10.5,7,Formaldehyde,6.4,11.087,12.7,Laramie,12.7,Formaldehyde
Wyoming,Weston,2020,353,323,29,1,0,0,0,119,49,40,0,0,353,0,0,WY,301,43.3258,29.4055,57.2422,19.7832,56045,8,491.08895,71,52,Volatile Organic Compounds,279.171837,56.85,Petroleum Refinery,199.818049,Newcastle Refinery,199.818049,2020,,suppressed,2019,11.2,7,Formaldehyde,6.8,11.087,12.7,Laramie,12.7,Formaldehyde
